[Licensing::Module] Trying to connect to existing licensing client channel...
Built from '6000.3/staging' branch; Version is '6000.3.14f1 (d68c3f99a318) revision 14060607'; Using compiler version '194234433'; Build Type 'Release'
[Licensing::IpcConnector] Successfully connected to: "LicenseClient-Admin" at "2026-07-28T04:31:08.1227732Z"
OS: 'Windows 11  (10.0.26200) Professional' Language: 'en' Physical Memory: 32614 MB
BatchMode: 1, IsHumanControllingUs: 0, StartBugReporterOnCrash: 0, Is64bit: 1
System  architecture: x64
Process architecture: x64
Date: 2026-07-28T04:31:08Z

COMMAND LINE ARGUMENTS:
C:\Program Files\Unity\Hub\Editor\6000.3.14f1\Editor\Unity.exe
-batchmode
-nographics
-projectPath
C:\Users\Admin\Documents\GitHub\GraduationProject\GraduationProject
-executeMethod
GraduationProject.EditorTools.HeadlessBuilder.BuildAllFromCommandLine
-logFile
C:\Users\Admin\Documents\GitHub\GraduationProject\GraduationProject\training_logs\unity_build_20260728_113108.log
-envs
FootballDiscrete
Successfully changed project path to: C:\Users\Admin\Documents\GitHub\GraduationProject\GraduationProject
C:/Users/Admin/Documents/GitHub/GraduationProject/GraduationProject
[UnityMemory] Configuration Parameters - Can be set up in boot.config
    "memorysetup-temp-allocator-size-nav-mesh-worker=65536"
    "memorysetup-temp-allocator-size-audio-worker=65536"
    "memorysetup-temp-allocator-size-gfx=262144"
    "memorysetup-allocator-temp-initial-block-size-main=262144"
    "memorysetup-allocator-temp-initial-block-size-worker=262144"
    "memorysetup-temp-allocator-size-background-worker=32768"
    "memorysetup-temp-allocator-size-job-worker=262144"
    "memorysetup-temp-allocator-size-preload-manager=33554432"
    "memorysetup-temp-allocator-size-gi-baking-worker=262144"
    "memorysetup-temp-allocator-size-gi-baking-worker=262144"
    "memorysetup-temp-allocator-size-gi-baking-worker=262144"
    "memorysetup-temp-allocator-size-gi-baking-worker=262144"
    "memorysetup-temp-allocator-size-gi-baking-worker=262144"
    "memorysetup-bucket-allocator-granularity=16"
    "memorysetup-bucket-allocator-bucket-count=8"
    "memorysetup-bucket-allocator-block-size=33554432"
    "memorysetup-bucket-allocator-block-count=8"
    "memorysetup-main-allocator-block-size=16777216"
    "memorysetup-thread-allocator-block-size=16777216"
    "memorysetup-gfx-main-allocator-block-size=16777216"
    "memorysetup-gfx-thread-allocator-block-size=16777216"
    "memorysetup-cache-allocator-block-size=4194304"
    "memorysetup-typetree-allocator-block-size=2097152"
    "memorysetup-profiler-bucket-allocator-granularity=16"
    "memorysetup-profiler-bucket-allocator-bucket-count=8"
    "memorysetup-profiler-bucket-allocator-block-size=33554432"
    "memorysetup-profiler-bucket-allocator-block-count=8"
    "memorysetup-profiler-allocator-block-size=16777216"
    "memorysetup-profiler-editor-allocator-block-size=1048576"
    "memorysetup-temp-allocator-size-main=16777216"
    "memorysetup-job-temp-allocator-block-size=2097152"
    "memorysetup-job-temp-allocator-block-size-background=1048576"
    "memorysetup-job-temp-allocator-reduction-small-platforms=262144"
    "memorysetup-temp-allocator-size-cloud-worker=32768"
Player connection [8016]  Target information:

Player connection [8016]  * "[IP] 192.168.100.187 [Port] 55505 [Flags] 2 [Guid] 2254961165 [EditorId] 2254961165 [Version] 1048832 [Id] WindowsEditor(7,Admin-PC) [Debug] 1 [PackageName] WindowsEditor [ProjectName] Editor" 

Player connection [8016] Host joined multi-casting on [225.0.0.222:54997]...
Player connection [8016] Host joined alternative multi-casting on [225.0.0.222:34997]...
Input System module state changed to: Initialized.
[Physics::Module] Initialized fallback backend.
[Physics::Module] Id: 0xdecafbad
[Package Manager] Connected to IPC stream "Upm-15684" after 0.2 seconds.
[Licensing::Module] Licensing is not yet initialized.
[Licensing::Client] Error: HandshakeResponse reported an error:
	ResponseCode: 505
	ResponseStatus: Unsupported protocol version '1.18.1'.
[Licensing::Module] Error: Failed to handshake to channel: "LicenseClient-Admin"
[Licensing::IpcConnector] LicenseClient-Admin channel disconnected successfully.
[Licensing::IpcConnector] Successfully connected to: "LicenseClient-Admin-6000.3.14" at "2026-07-28T04:31:08.9315721Z"
[Licensing::Client] Handshaking with LicensingClient:
  Version:                 1.18.1+9fbee8e
  Session Id:              e7ebcfe9494d45458da1811d2c9756f4
  Correlation Id:          f74c71360e9dd8c76bcc8d853a8acbb2
  External correlation Id: 4861352891752931361
  Machine Id:              kbL1gxVji6CZgELz7boauBs5afI=
[Licensing::Module] Successfully connected to LicensingClient on channel: "LicenseClient-Admin-6000.3.14" (connect: 0.00s, validation: 0.00s, handshake: 0.77s)
[Licensing::IpcConnector] Successfully connected to: "LicenseClient-Admin-6000.3.14-notifications" at "2026-07-28T04:31:09.7032729Z"
[Licensing::Module] Error: Access token is unavailable; failed to update
[Licensing::Client] Successfully resolved entitlement details
[Licensing::Module] License group:
  Id: 18967721460531-UnityPersXXXX
  Product: Unity Personal
  Type: Assigned
  Expiration: Unlimited
[Licensing::Client] Successfully updated license, isAsync: True, time: 0.00
[Licensing::Client] Successfully resolved entitlement details
[Licensing::Module] Licensing Background thread has ended after 1.58s
[Licensing::Module] Licensing is initialized (took 1.17s).
[Licensing::Client] Successfully resolved entitlement details
Library Redirect Path: Library/
[Physics::Module] Selected backend.
[Physics::Module] Name: PhysX
[Physics::Module] Id: 0xf2b8ea05
[Physics::Module] SDK Version: 4.1.2
[Physics::Module] Integration Version: 1.0.0
[Physics::Module] Threading Mode: Multi-Threaded
Refreshing native plugins compatible for Editor in 1.06 ms, found 0 plugins.
Preloading 0 native plugins for Editor in 0.00 ms.
Initialize engine version: 6000.3.14f1 (d68c3f99a318)
[Subsystems] Discovering subsystems at path C:/Program Files/Unity/Hub/Editor/6000.3.14f1/Editor/Data/Resources/UnitySubsystems
[Subsystems] Discovering subsystems at path C:/Users/Admin/Documents/GitHub/GraduationProject/GraduationProject/Assets
Forcing GfxDevice: Null
GfxDevice: creating device client; kGfxThreadingModeNonThreaded
NullGfxDevice:
    Version:  NULL 1.0 [1.0]
    Renderer: Null Device
    Vendor:   Unity Technologies
Initialize mono
Mono path[0] = 'C:/Program Files/Unity/Hub/Editor/6000.3.14f1/Editor/Data/Managed'
Mono path[1] = 'C:/Program Files/Unity/Hub/Editor/6000.3.14f1/Editor/Data/MonoBleedingEdge/lib/mono/unityjit-win32'
Mono config path = 'C:/Program Files/Unity/Hub/Editor/6000.3.14f1/Editor/Data/MonoBleedingEdge/etc'
Using monoOptions --debugger-agent=transport=dt_socket,embedding=1,server=y,suspend=n,address=127.0.0.1:56684
Using cacheserver namespaces - metadata:defaultmetadata, artifacts:defaultartifacts
Using cacheserver namespaces - metadata:defaultmetadata, artifacts:defaultartifacts
ImportWorker Server TCP listen port: 0
AcceleratorClientConnectionCallback - disconnected - :0
Begin MonoManager ReloadAssembly
Registering precompiled unity dll's ...
Register platform support module: C:/Program Files/Unity/Hub/Editor/6000.3.14f1/Editor/Data/PlaybackEngines/WindowsStandaloneSupport/UnityEditor.WindowsStandalone.Extensions.dll
[Licensing::Client] Successfully resolved entitlement details
Register platform support module: C:/Program Files/Unity/Hub/Editor/6000.3.14f1/Editor/Data/PlaybackEngines/AndroidPlayer/UnityEditor.Android.Extensions.dll
[Licensing::Client] Successfully resolved entitlement details
Register platform support module: C:/Program Files/Unity/Hub/Editor/6000.3.14f1/Editor/Data/PlaybackEngines/iOSSupport/UnityEditor.iOS.Extensions.dll
Registered in 0.004471 seconds.
- Loaded All Assemblies, in  0.298 seconds
Native extension for iOS target not found
Native extension for Android target not found
Native extension for WindowsStandalone target not found
Package Manager log level set to [2]
ScheduleIndexationOnStartup MainProcess:False IndexOnStartup:True
Mono: successfully reloaded assembly
- Finished resetting the current domain, in  0.271 seconds
Domain Reload Profiling: 566ms
	BeginReloadAssembly (88ms)
		ExecutionOrderSort (0ms)
		DisableScriptedObjects (0ms)
		BackupInstance (0ms)
		ReleaseScriptingObjects (0ms)
		CreateAndSetChildDomain (3ms)
	RebuildCommonClasses (29ms)
	RebuildNativeTypeToScriptingClass (8ms)
	initialDomainReloadingComplete (39ms)
	LoadAllAssembliesAndSetupDomain (129ms)
		LoadAssemblies (84ms)
		RebuildTransferFunctionScriptingTraits (0ms)
		AnalyzeDomain (127ms)
			TypeCache.Refresh (125ms)
				TypeCache.ScanAssembly (114ms)
			BuildScriptInfoCaches (0ms)
			ResolveRequiredComponents (1ms)
	FinalizeReload (272ms)
		ReleaseScriptCaches (0ms)
		RebuildScriptCaches (0ms)
		SetupLoadedEditorAssemblies (244ms)
			LogAssemblyErrors (0ms)
			InitializePlatformSupportModulesInManaged (45ms)
			SetLoadedEditorAssemblies (3ms)
			BeforeProcessingInitializeOnLoad (52ms)
			ProcessInitializeOnLoadAttributes (86ms)
			ProcessInitializeOnLoadMethodAttributes (57ms)
			AfterProcessingInitializeOnLoad (0ms)
			EditorAssembliesLoaded (0ms)
		ExecutionOrderSort2 (0ms)
		AwakeInstancesAfterBackupRestoration (0ms)
[Licensing::Client] Successfully resolved entitlement details
Application.AssetDatabase Initial Refresh Start
[Package Manager] Restoring resolved packages state from cache
[Licensing::Client] Successfully resolved entitlement details
[Package Manager] Registered 68 packages:
  Packages from [https://packages.unity.com]:
    com.unity.ai.assistant@2.6.0-pre.1 (location: C:\Users\Admin\Documents\GitHub\GraduationProject\GraduationProject\Library\PackageCache\com.unity.ai.assistant@fc16ca46e208)
    com.unity.ai.inference@2.6.1 (location: C:\Users\Admin\Documents\GitHub\GraduationProject\GraduationProject\Library\PackageCache\com.unity.ai.inference@9a123aee5df7)
    com.unity.collab-proxy@2.12.4 (location: C:\Users\Admin\Documents\GitHub\GraduationProject\GraduationProject\Library\PackageCache\com.unity.collab-proxy@0b1559bcd34e)
    com.unity.ml-agents@4.0.2 (location: C:\Users\Admin\Documents\GitHub\GraduationProject\GraduationProject\Library\PackageCache\com.unity.ml-agents@0f918b8a6271)
    com.unity.timeline@1.8.12 (location: C:\Users\Admin\Documents\GitHub\GraduationProject\GraduationProject\Library\PackageCache\com.unity.timeline@8cd8509afae5)
    com.unity.visualscripting@1.9.11 (location: C:\Users\Admin\Documents\GitHub\GraduationProject\GraduationProject\Library\PackageCache\com.unity.visualscripting@8bed5ad90189)
    com.unity.ide.visualstudio@2.0.26 (location: C:\Users\Admin\Documents\GitHub\GraduationProject\GraduationProject\Library\PackageCache\com.unity.ide.visualstudio@a99d56dec63f)
    com.unity.ide.rider@3.0.39 (location: C:\Users\Admin\Documents\GitHub\GraduationProject\GraduationProject\Library\PackageCache\com.unity.ide.rider@4504839d03f7)
    com.unity.editorcoroutines@1.1.0 (location: C:\Users\Admin\Documents\GitHub\GraduationProject\GraduationProject\Library\PackageCache\com.unity.editorcoroutines@87a15ed012c2)
    com.unity.performance.profile-analyzer@1.3.3 (location: C:\Users\Admin\Documents\GitHub\GraduationProject\GraduationProject\Library\PackageCache\com.unity.performance.profile-analyzer@10347e9ce886)
    com.unity.testtools.codecoverage@1.3.0 (location: C:\Users\Admin\Documents\GitHub\GraduationProject\GraduationProject\Library\PackageCache\com.unity.testtools.codecoverage@19a841221620)
    com.unity.burst@1.8.29 (location: C:\Users\Admin\Documents\GitHub\GraduationProject\GraduationProject\Library\PackageCache\com.unity.burst@6bb9aca3ef38)
    com.unity.dt.app-ui@2.1.1 (location: C:\Users\Admin\Documents\GitHub\GraduationProject\GraduationProject\Library\PackageCache\com.unity.dt.app-ui@8ac7e730dd5d)
    com.unity.collections@2.6.5 (location: C:\Users\Admin\Documents\GitHub\GraduationProject\GraduationProject\Library\PackageCache\com.unity.collections@12999e356c23)
    com.unity.nuget.newtonsoft-json@3.2.2 (location: C:\Users\Admin\Documents\GitHub\GraduationProject\GraduationProject\Library\PackageCache\com.unity.nuget.newtonsoft-json@4dfd81071c64)
    com.unity.mathematics@1.3.3 (location: C:\Users\Admin\Documents\GitHub\GraduationProject\GraduationProject\Library\PackageCache\com.unity.mathematics@19a9377c4ffa)
    com.unity.cloud.gltfast@6.14.1 (location: C:\Users\Admin\Documents\GitHub\GraduationProject\GraduationProject\Library\PackageCache\com.unity.cloud.gltfast@0847aee0f6da)
    com.unity.serialization@3.1.3 (location: C:\Users\Admin\Documents\GitHub\GraduationProject\GraduationProject\Library\PackageCache\com.unity.serialization@7725fb70c685)
    com.unity.searcher@4.9.4 (location: C:\Users\Admin\Documents\GitHub\GraduationProject\GraduationProject\Library\PackageCache\com.unity.searcher@d45a78918735)
    com.unity.settings-manager@2.1.1 (location: C:\Users\Admin\Documents\GitHub\GraduationProject\GraduationProject\Library\PackageCache\com.unity.settings-manager@0b8638c5ce86)
    com.unity.nuget.mono-cecil@1.11.6 (location: C:\Users\Admin\Documents\GitHub\GraduationProject\GraduationProject\Library\PackageCache\com.unity.nuget.mono-cecil@ecb9724e46ff)
    com.unity.test-framework.performance@3.4.0 (location: C:\Users\Admin\Documents\GitHub\GraduationProject\GraduationProject\Library\PackageCache\com.unity.test-framework.performance@aa81a99c4a75)
  Built-in packages:
    com.unity.feature.development@1.0.2 (location: C:\Users\Admin\Documents\GitHub\GraduationProject\GraduationProject\Library\PackageCache\com.unity.feature.development@767aadbc6eb7)
    com.unity.multiplayer.center@1.0.1 (location: C:\Users\Admin\Documents\GitHub\GraduationProject\GraduationProject\Library\PackageCache\com.unity.multiplayer.center@f01f4ba8d00a)
    com.unity.render-pipelines.universal@17.3.0 (location: C:\Users\Admin\Documents\GitHub\GraduationProject\GraduationProject\Library\PackageCache\com.unity.render-pipelines.universal@3b809f23691d)
    com.unity.ugui@2.0.0 (location: C:\Users\Admin\Documents\GitHub\GraduationProject\GraduationProject\Library\PackageCache\com.unity.ugui@8ccc29d23a79)
    com.unity.modules.accessibility@1.0.0 (location: C:\Users\Admin\Documents\GitHub\GraduationProject\GraduationProject\Library\PackageCache\com.unity.modules.accessibility)
    com.unity.modules.adaptiveperformance@1.0.0 (location: C:\Users\Admin\Documents\GitHub\GraduationProject\GraduationProject\Library\PackageCache\com.unity.modules.adaptiveperformance)
    com.unity.modules.ai@1.0.0 (location: C:\Users\Admin\Documents\GitHub\GraduationProject\GraduationProject\Library\PackageCache\com.unity.modules.ai)
    com.unity.modules.androidjni@1.0.0 (location: C:\Users\Admin\Documents\GitHub\GraduationProject\GraduationProject\Library\PackageCache\com.unity.modules.androidjni)
    com.unity.modules.animation@1.0.0 (location: C:\Users\Admin\Documents\GitHub\GraduationProject\GraduationProject\Library\PackageCache\com.unity.modules.animation)
    com.unity.modules.assetbundle@1.0.0 (location: C:\Users\Admin\Documents\GitHub\GraduationProject\GraduationProject\Library\PackageCache\com.unity.modules.assetbundle)
    com.unity.modules.audio@1.0.0 (location: C:\Users\Admin\Documents\GitHub\GraduationProject\GraduationProject\Library\PackageCache\com.unity.modules.audio)
    com.unity.modules.cloth@1.0.0 (location: C:\Users\Admin\Documents\GitHub\GraduationProject\GraduationProject\Library\PackageCache\com.unity.modules.cloth)
    com.unity.modules.director@1.0.0 (location: C:\Users\Admin\Documents\GitHub\GraduationProject\GraduationProject\Library\PackageCache\com.unity.modules.director)
    com.unity.modules.imageconversion@1.0.0 (location: C:\Users\Admin\Documents\GitHub\GraduationProject\GraduationProject\Library\PackageCache\com.unity.modules.imageconversion)
    com.unity.modules.imgui@1.0.0 (location: C:\Users\Admin\Documents\GitHub\GraduationProject\GraduationProject\Library\PackageCache\com.unity.modules.imgui)
    com.unity.modules.jsonserialize@1.0.0 (location: C:\Users\Admin\Documents\GitHub\GraduationProject\GraduationProject\Library\PackageCache\com.unity.modules.jsonserialize)
    com.unity.modules.particlesystem@1.0.0 (location: C:\Users\Admin\Documents\GitHub\GraduationProject\GraduationProject\Library\PackageCache\com.unity.modules.particlesystem)
    com.unity.modules.physics@1.0.0 (location: C:\Users\Admin\Documents\GitHub\GraduationProject\GraduationProject\Library\PackageCache\com.unity.modules.physics)
    com.unity.modules.physics2d@1.0.0 (location: C:\Users\Admin\Documents\GitHub\GraduationProject\GraduationProject\Library\PackageCache\com.unity.modules.physics2d)
    com.unity.modules.screencapture@1.0.0 (location: C:\Users\Admin\Documents\GitHub\GraduationProject\GraduationProject\Library\PackageCache\com.unity.modules.screencapture)
    com.unity.modules.terrain@1.0.0 (location: C:\Users\Admin\Documents\GitHub\GraduationProject\GraduationProject\Library\PackageCache\com.unity.modules.terrain)
    com.unity.modules.terrainphysics@1.0.0 (location: C:\Users\Admin\Documents\GitHub\GraduationProject\GraduationProject\Library\PackageCache\com.unity.modules.terrainphysics)
    com.unity.modules.tilemap@1.0.0 (location: C:\Users\Admin\Documents\GitHub\GraduationProject\GraduationProject\Library\PackageCache\com.unity.modules.tilemap)
    com.unity.modules.ui@1.0.0 (location: C:\Users\Admin\Documents\GitHub\GraduationProject\GraduationProject\Library\PackageCache\com.unity.modules.ui)
    com.unity.modules.uielements@1.0.0 (location: C:\Users\Admin\Documents\GitHub\GraduationProject\GraduationProject\Library\PackageCache\com.unity.modules.uielements)
    com.unity.modules.umbra@1.0.0 (location: C:\Users\Admin\Documents\GitHub\GraduationProject\GraduationProject\Library\PackageCache\com.unity.modules.umbra)
    com.unity.modules.unityanalytics@1.0.0 (location: C:\Users\Admin\Documents\GitHub\GraduationProject\GraduationProject\Library\PackageCache\com.unity.modules.unityanalytics)
    com.unity.modules.unitywebrequest@1.0.0 (location: C:\Users\Admin\Documents\GitHub\GraduationProject\GraduationProject\Library\PackageCache\com.unity.modules.unitywebrequest)
    com.unity.modules.unitywebrequestassetbundle@1.0.0 (location: C:\Users\Admin\Documents\GitHub\GraduationProject\GraduationProject\Library\PackageCache\com.unity.modules.unitywebrequestassetbundle)
    com.unity.modules.unitywebrequestaudio@1.0.0 (location: C:\Users\Admin\Documents\GitHub\GraduationProject\GraduationProject\Library\PackageCache\com.unity.modules.unitywebrequestaudio)
    com.unity.modules.unitywebrequesttexture@1.0.0 (location: C:\Users\Admin\Documents\GitHub\GraduationProject\GraduationProject\Library\PackageCache\com.unity.modules.unitywebrequesttexture)
    com.unity.modules.unitywebrequestwww@1.0.0 (location: C:\Users\Admin\Documents\GitHub\GraduationProject\GraduationProject\Library\PackageCache\com.unity.modules.unitywebrequestwww)
    com.unity.modules.vectorgraphics@1.0.0 (location: C:\Users\Admin\Documents\GitHub\GraduationProject\GraduationProject\Library\PackageCache\com.unity.modules.vectorgraphics)
    com.unity.modules.vehicles@1.0.0 (location: C:\Users\Admin\Documents\GitHub\GraduationProject\GraduationProject\Library\PackageCache\com.unity.modules.vehicles)
    com.unity.modules.video@1.0.0 (location: C:\Users\Admin\Documents\GitHub\GraduationProject\GraduationProject\Library\PackageCache\com.unity.modules.video)
    com.unity.modules.vr@1.0.0 (location: C:\Users\Admin\Documents\GitHub\GraduationProject\GraduationProject\Library\PackageCache\com.unity.modules.vr)
    com.unity.modules.wind@1.0.0 (location: C:\Users\Admin\Documents\GitHub\GraduationProject\GraduationProject\Library\PackageCache\com.unity.modules.wind)
    com.unity.modules.xr@1.0.0 (location: C:\Users\Admin\Documents\GitHub\GraduationProject\GraduationProject\Library\PackageCache\com.unity.modules.xr)
    com.unity.modules.subsystems@1.0.0 (location: C:\Users\Admin\Documents\GitHub\GraduationProject\GraduationProject\Library\PackageCache\com.unity.modules.subsystems)
    com.unity.modules.hierarchycore@1.0.0 (location: C:\Users\Admin\Documents\GitHub\GraduationProject\GraduationProject\Library\PackageCache\com.unity.modules.hierarchycore)
    com.unity.render-pipelines.core@17.3.0 (location: C:\Users\Admin\Documents\GitHub\GraduationProject\GraduationProject\Library\PackageCache\com.unity.render-pipelines.core@02dfbe8e43de)
    com.unity.shadergraph@17.3.0 (location: C:\Users\Admin\Documents\GitHub\GraduationProject\GraduationProject\Library\PackageCache\com.unity.shadergraph@28ee1cc75774)
    com.unity.render-pipelines.universal-config@17.0.3 (location: C:\Users\Admin\Documents\GitHub\GraduationProject\GraduationProject\Library\PackageCache\com.unity.render-pipelines.universal-config@8dc1aab4af1d)
    com.unity.test-framework@1.6.0 (location: C:\Users\Admin\Documents\GitHub\GraduationProject\GraduationProject\Library\PackageCache\com.unity.test-framework@aebcb98460c6)
    com.unity.2d.sprite@1.0.0 (location: C:\Users\Admin\Documents\GitHub\GraduationProject\GraduationProject\Library\PackageCache\com.unity.2d.sprite@d14b9d497a24)
    com.unity.ext.nunit@2.0.5 (location: C:\Users\Admin\Documents\GitHub\GraduationProject\GraduationProject\Library\PackageCache\com.unity.ext.nunit@d8c07649098d)
[Subsystems] No new subsystems found in resolved package list.
[Package Manager] Done registering packages in 0.01 seconds
Duplicate assembly 'System.Runtime.CompilerServices.Unsafe.dll' with different versions detected, using 'Packages/com.unity.ai.assistant/Plugins/Shared/System.Runtime.CompilerServices.Unsafe.dll, AssemblyName=System.Runtime.CompilerServices.Unsafe, Version=6.0.3.0, Culture=neutral, PublicKeyToken=b03f5f7f11d50a3a' and ignoring 'Packages/com.unity.collections/Unity.Collections.Tests/System.Runtime.CompilerServices.Unsafe/System.Runtime.CompilerServices.Unsafe.dll, AssemblyName=System.Runtime.CompilerServices.Unsafe, Version=6.0.0.0, Culture=neutral, PublicKeyToken=b03f5f7f11d50a3a'.Refreshing native plugins compatible for Editor in 3.08 ms, found 6 plugins.
Starting: C:\Program Files\Unity\Hub\Editor\6000.3.14f1\Editor\Data\Tools\BuildPipeline\bee_backend.exe --ipc --defer-dag-verification --dagfile="Library/Bee/1900b0aE.dag" --continue-on-failure --profile="Library/Bee/backend1.traceevents" ScriptAssemblies
WorkingDir: C:/Users/Admin/Documents/GitHub/GraduationProject/GraduationProject
DisplayProgressbar: Compiling Scripts
ExitCode: 0 Duration: 0s362ms
[1260/1660  0s] ILPP-Configuration Library/ilpp-configuration.nevergeneratedoutput
*** Tundra build success (0.34 seconds), 1 items updated, 1660 evaluated
AssetDatabase: script compilation time: 0.729058s
Begin MonoManager ReloadAssembly
Duplicate assembly 'System.Runtime.CompilerServices.Unsafe.dll' with different versions detected, using 'Packages/com.unity.ai.assistant/Plugins/Shared/System.Runtime.CompilerServices.Unsafe.dll, AssemblyName=System.Runtime.CompilerServices.Unsafe, Version=6.0.3.0, Culture=neutral, PublicKeyToken=b03f5f7f11d50a3a' and ignoring 'Packages/com.unity.collections/Unity.Collections.Tests/System.Runtime.CompilerServices.Unsafe/System.Runtime.CompilerServices.Unsafe.dll, AssemblyName=System.Runtime.CompilerServices.Unsafe, Version=6.0.0.0, Culture=neutral, PublicKeyToken=b03f5f7f11d50a3a'.- Loaded All Assemblies, in  1.109 seconds
Refreshing native plugins compatible for Editor in 3.40 ms, found 6 plugins.
Native extension for iOS target not found
Native extension for Android target not found
Native extension for WindowsStandalone target not found
Refreshing native plugins compatible for Editor in 5.22 ms, found 6 plugins.
Duplicate assembly 'System.Runtime.CompilerServices.Unsafe.dll' with different versions detected, using 'Packages/com.unity.ai.assistant/Plugins/Shared/System.Runtime.CompilerServices.Unsafe.dll, AssemblyName=System.Runtime.CompilerServices.Unsafe, Version=6.0.3.0, Culture=neutral, PublicKeyToken=b03f5f7f11d50a3a' and ignoring 'Packages/com.unity.collections/Unity.Collections.Tests/System.Runtime.CompilerServices.Unsafe/System.Runtime.CompilerServices.Unsafe.dll, AssemblyName=System.Runtime.CompilerServices.Unsafe, Version=6.0.0.0, Culture=neutral, PublicKeyToken=b03f5f7f11d50a3a'.Refreshing native plugins compatible for Editor in 3.10 ms, found 6 plugins.
ScheduleIndexationOnStartup MainProcess:True IndexOnStartup:True
Mono: successfully reloaded assembly
- Finished resetting the current domain, in  3.760 seconds
Domain Reload Profiling: 4862ms
	BeginReloadAssembly (260ms)
		ExecutionOrderSort (0ms)
		DisableScriptedObjects (22ms)
		BackupInstance (0ms)
		ReleaseScriptingObjects (0ms)
		CreateAndSetChildDomain (146ms)
	RebuildCommonClasses (27ms)
	RebuildNativeTypeToScriptingClass (9ms)
	initialDomainReloadingComplete (41ms)
	LoadAllAssembliesAndSetupDomain (765ms)
		LoadAssemblies (417ms)
		RebuildTransferFunctionScriptingTraits (0ms)
		AnalyzeDomain (417ms)
			TypeCache.Refresh (325ms)
				TypeCache.ScanAssembly (307ms)
			BuildScriptInfoCaches (79ms)
			ResolveRequiredComponents (8ms)
	FinalizeReload (3760ms)
		ReleaseScriptCaches (0ms)
		RebuildScriptCaches (0ms)
		SetupLoadedEditorAssemblies (3604ms)
			LogAssemblyErrors (0ms)
			InitializePlatformSupportModulesInManaged (30ms)
			SetLoadedEditorAssemblies (4ms)
			BeforeProcessingInitializeOnLoad (174ms)
			ProcessInitializeOnLoadAttributes (3026ms)
			ProcessInitializeOnLoadMethodAttributes (364ms)
			AfterProcessingInitializeOnLoad (5ms)
			EditorAssembliesLoaded (0ms)
		ExecutionOrderSort2 (0ms)
		AwakeInstancesAfterBackupRestoration (13ms)
Asset Pipeline Refresh (id=ee20b0bdc08399a4588070cf58f38df6): Total: 6.329 seconds - Initiated by InitialRefreshV2(ForceSynchronousImport)
	Summary:
		Imports: total=0 (actual=0, local cache=0, cache server=0)
		Asset DB Process Time: managed=0 ms, native=4331 ms
		Asset DB Callback time: managed=74 ms, native=13 ms
		Scripting: domain reloads=1, domain reload time=1109 ms, compile time=731 ms, other=69 ms
		Project Asset Count: scripts=2310, non-scripts=5687
		Asset File Changes: new=0, changed=0, moved=0, deleted=0
		Scan Filter Count: 0
	InvokeCustomDependenciesCallbacks: 0.001ms
	InvokePackagesCallback: 15.131ms
	ApplyChangesToAssetFolders: 0.561ms
	Scan: 193.929ms
	OnSourceAssetsModified: 0.003ms
	CategorizeAssetsWithTransientArtifact: 58.886ms
	ProcessAssetsWithTransientArtifactChanges: 84.026ms
	CategorizeAssets: 75.850ms
	ImportOutOfDateAssets: 3775.474ms (3043.445ms without children)
		CompileScripts: 730.528ms
		ReloadNativeAssets: 0.007ms
		UnloadImportedAssets: 0.095ms
		EnsureUptoDateAssetsAreRegisteredWithGuidPM: 0.724ms
		InitializingProgressBar: 0.000ms
		PostProcessAllAssetNotificationsAddChangedAssets: 0.000ms
		OnDemandSchedulerStart: 0.673ms
	PostProcessAllAssets: 74.233ms
	GatherAllCurrentPrimaryArtifactRevisions: 0.001ms
	UnloadStreamsBegin: 2.923ms
	PersistCurrentRevisions: 0.217ms
	UnloadStreamsEnd: 0.001ms
	GenerateScriptTypeHashes: 3.333ms
	Untracked: 2047.788ms

Application.AssetDatabase Initial Refresh End
Scanning for USB devices : 3.110ms
Initializing Unity extensions:
[MODES] ModeService[none].Initialize
[MODES] ModeService[none].LoadModes
[MODES] Loading mode Default (0) for mode-current-id-GraduationProject
Unloading 166 Unused Serialized files (Serialized files now loaded: 0)
Unloading 10741 unused Assets / (4.0 MB). Loaded Objects now: 11619.
Memory consumption went from 267.6 MB to 263.6 MB.
Total: 13.747400 ms (FindLiveObjects: 0.601100 ms CreateObjectMapping: 0.432800 ms MarkObjects: 10.863100 ms  DeleteObjects: 1.849500 ms)

[HeadlessBuilder] Bỏ qua CrossTheRoad (không có trong -envs)
UnityEngine.Debug:ExtractStackTraceNoAlloc (byte*,int,string)
UnityEngine.StackTraceUtility:ExtractStackTrace ()
UnityEngine.DebugLogHandler:Internal_Log (UnityEngine.LogType,UnityEngine.LogOption,string,UnityEngine.Object)
UnityEngine.DebugLogHandler:LogFormat (UnityEngine.LogType,UnityEngine.Object,string,object[])
UnityEngine.Logger:Log (UnityEngine.LogType,object)
UnityEngine.Debug:Log (object)
GraduationProject.EditorTools.HeadlessBuilder:BuildAll (string[]) (at Assets/Editor/HeadlessBuilder.cs:103)
GraduationProject.EditorTools.HeadlessBuilder:BuildAllFromCommandLine () (at Assets/Editor/HeadlessBuilder.cs:90)

(Filename: Assets/Editor/HeadlessBuilder.cs Line: 103)

[HeadlessBuilder] Bỏ qua CaptureTheFlag (không có trong -envs)
UnityEngine.Debug:ExtractStackTraceNoAlloc (byte*,int,string)
UnityEngine.StackTraceUtility:ExtractStackTrace ()
UnityEngine.DebugLogHandler:Internal_Log (UnityEngine.LogType,UnityEngine.LogOption,string,UnityEngine.Object)
UnityEngine.DebugLogHandler:LogFormat (UnityEngine.LogType,UnityEngine.Object,string,object[])
UnityEngine.Logger:Log (UnityEngine.LogType,object)
UnityEngine.Debug:Log (object)
GraduationProject.EditorTools.HeadlessBuilder:BuildAll (string[]) (at Assets/Editor/HeadlessBuilder.cs:103)
GraduationProject.EditorTools.HeadlessBuilder:BuildAllFromCommandLine () (at Assets/Editor/HeadlessBuilder.cs:90)

(Filename: Assets/Editor/HeadlessBuilder.cs Line: 103)

[HeadlessBuilder] Bỏ qua Football (không có trong -envs)
UnityEngine.Debug:ExtractStackTraceNoAlloc (byte*,int,string)
UnityEngine.StackTraceUtility:ExtractStackTrace ()
UnityEngine.DebugLogHandler:Internal_Log (UnityEngine.LogType,UnityEngine.LogOption,string,UnityEngine.Object)
UnityEngine.DebugLogHandler:LogFormat (UnityEngine.LogType,UnityEngine.Object,string,object[])
UnityEngine.Logger:Log (UnityEngine.LogType,object)
UnityEngine.Debug:Log (object)
GraduationProject.EditorTools.HeadlessBuilder:BuildAll (string[]) (at Assets/Editor/HeadlessBuilder.cs:103)
GraduationProject.EditorTools.HeadlessBuilder:BuildAllFromCommandLine () (at Assets/Editor/HeadlessBuilder.cs:90)

(Filename: Assets/Editor/HeadlessBuilder.cs Line: 103)

[HeadlessBuilder] Đang build FootballDiscrete từ Assets/Football/FootballDiscrete.unity …
UnityEngine.Debug:ExtractStackTraceNoAlloc (byte*,int,string)
UnityEngine.StackTraceUtility:ExtractStackTrace ()
UnityEngine.DebugLogHandler:Internal_Log (UnityEngine.LogType,UnityEngine.LogOption,string,UnityEngine.Object)
UnityEngine.DebugLogHandler:LogFormat (UnityEngine.LogType,UnityEngine.Object,string,object[])
UnityEngine.Logger:Log (UnityEngine.LogType,object)
UnityEngine.Debug:Log (object)
GraduationProject.EditorTools.HeadlessBuilder:BuildAll (string[]) (at Assets/Editor/HeadlessBuilder.cs:134)
GraduationProject.EditorTools.HeadlessBuilder:BuildAllFromCommandLine () (at Assets/Editor/HeadlessBuilder.cs:90)

(Filename: Assets/Editor/HeadlessBuilder.cs Line: 134)

Font Asset [LiberationSans SDF - Fallback] Units Per EM set to 2048. Please commit the newly serialized value.
UnityEngine.Debug:ExtractStackTraceNoAlloc (byte*,int,string)
UnityEngine.StackTraceUtility:ExtractStackTrace ()
UnityEngine.DebugLogHandler:Internal_Log (UnityEngine.LogType,UnityEngine.LogOption,string,UnityEngine.Object)
UnityEngine.DebugLogHandler:LogFormat (UnityEngine.LogType,UnityEngine.Object,string,object[])
UnityEngine.Logger:Log (UnityEngine.LogType,object)
UnityEngine.Debug:Log (object)
TMPro.TMP_FontAsset:ReadFontAssetDefinition () (at ./Library/PackageCache/com.unity.ugui@8ccc29d23a79/Runtime/TMP/TMP_FontAsset.cs:819)
TMPro.TMP_FontAsset:OnValidate () (at ./Library/PackageCache/com.unity.ugui@8ccc29d23a79/Runtime/TMP/TMP_FontAsset.cs:757)
UnityEditor.AssetDatabase:LoadAssetAtPath (string,System.Type)
UnityEditor.AssetDatabase:LoadAssetAtPath<TMPro.TMP_FontAsset> (string)
TMPro.TMP_PreBuildProcessor:OnPreprocessBuild (UnityEditor.Build.Reporting.BuildReport) (at ./Library/PackageCache/com.unity.ugui@8ccc29d23a79/Editor/TMP/TMP_PreBuildProcessor.cs:21)
UnityEditor.Build.BuildPipelineInterfaces/<>c__DisplayClass17_0:<OnBuildPreProcess>b__1 (UnityEditor.Build.IPreprocessBuildWithReport)
UnityEditor.Build.BuildPipelineInterfaces:InvokeCallbackInterfacesPair<UnityEditor.Build.IPreprocessBuild, UnityEditor.Build.IPreprocessBuildWithReport> (System.Collections.Generic.List`1<UnityEditor.Build.IPreprocessBuild>,System.Action`1<UnityEditor.Build.IPreprocessBuild>,System.Collections.Generic.List`1<UnityEditor.Build.IPreprocessBuildWithReport>,System.Action`1<UnityEditor.Build.IPreprocessBuildWithReport>,bool)
UnityEditor.Build.BuildPipelineInterfaces:OnBuildPreProcess (UnityEditor.Build.Reporting.BuildReport)
UnityEditor.BuildPipeline:BuildPlayerInternalNoCheck (string[],string,string,UnityEditor.BuildTargetGroup,UnityEditor.BuildTarget,int,UnityEditor.BuildOptions,string[],bool)
UnityEditor.BuildPipeline:BuildPlayerInternal (string[],string,string,UnityEditor.BuildTargetGroup,UnityEditor.BuildTarget,int,UnityEditor.BuildOptions,string[])
UnityEditor.BuildPipeline:BuildPlayer (string[],string,string,UnityEditor.BuildTargetGroup,UnityEditor.BuildTarget,int,UnityEditor.BuildOptions,string[])
UnityEditor.BuildPipeline:BuildPlayer (UnityEditor.BuildPlayerOptions)
GraduationProject.EditorTools.HeadlessBuilder:BuildAll (string[]) (at Assets/Editor/HeadlessBuilder.cs:135)
GraduationProject.EditorTools.HeadlessBuilder:BuildAllFromCommandLine () (at Assets/Editor/HeadlessBuilder.cs:90)

(Filename: ./Library/PackageCache/com.unity.ugui@8ccc29d23a79/Runtime/TMP/TMP_FontAsset.cs Line: 819)

Start importing ProjectSettings/ProjectSettings.asset using Guid(00000000000000004000000000000000) (LibraryAssetImporter) -> (artifact id: 'a8f0e6b297cd05ab5cef2cd50de2ac1f') in 0.0052473 seconds
Start importing ProjectSettings/EditorBuildSettings.asset using Guid(0000000000000000b000000000000000) (LibraryAssetImporter) -> (artifact id: 'bd5d07e567471ca4134d040652275190') in 0.0012808 seconds
Refreshing native plugins compatible for Editor in 3.83 ms, found 6 plugins.
Preloading 1 native plugins for Editor in 0.08 ms.
Asset Pipeline Refresh (id=e12540f7b636f4646a25938554eacaef): Total: 0.421 seconds - Initiated by StopAssetImportingV2(NoUpdateAssetOptions)
	Summary:
		Imports: total=2 (actual=2, local cache=0, cache server=0)
		Asset DB Process Time: managed=1 ms, native=69 ms
		Asset DB Callback time: managed=333 ms, native=15 ms
		Scripting: domain reloads=0, domain reload time=0 ms, compile time=0 ms, other=0 ms
		Project Asset Count: scripts=2310, non-scripts=5687
		Asset File Changes: new=0, changed=0, moved=0, deleted=0
		Scan Filter Count: 2
	InvokeCustomDependenciesCallbacks: 0.000ms
	InvokePackagesCallback: 0.000ms
	ApplyChangesToAssetFolders: 0.080ms
	Scan: 12.032ms
	OnSourceAssetsModified: 0.001ms
	CategorizeAssetsWithTransientArtifact: 0.010ms
	ProcessAssetsWithTransientArtifactChanges: 0.072ms
	CategorizeAssets: 44.405ms
	ImportOutOfDateAssets: 9.796ms (0.579ms without children)
		ImportManagerImport: 7.729ms (0.846ms without children)
			ImportInProcess: 6.859ms
			UpdateCategorizedAssets: 0.023ms
		ReloadNativeAssets: 0.029ms
		UnloadImportedAssets: 0.199ms
		ReloadImportedAssets: 0.000ms
		EnsureUptoDateAssetsAreRegisteredWithGuidPM: 0.889ms
		InitializingProgressBar: 0.000ms
		PostProcessAllAssetNotificationsAddChangedAssets: 0.001ms
		OnDemandSchedulerStart: 0.372ms
	PostProcessAllAssets: 345.278ms
	Hotreload: 4.081ms
	GatherAllCurrentPrimaryArtifactRevisions: 0.280ms
	UnloadStreamsBegin: 0.060ms
	PersistCurrentRevisions: 0.210ms
	UnloadStreamsEnd: 0.001ms
	Untracked: 4.302ms

Launched and connected shader compiler UnityShaderCompiler.exe after 0.01 seconds
Starting: C:\Program Files\Unity\Hub\Editor\6000.3.14f1\Editor\Data\Tools\BuildPipeline\bee_backend.exe --ipc --defer-dag-verification --dagfile="Library/Bee/1900b0aESkipCompile.dag" --continue-on-failure --profile="Library/Bee/backend1.traceevents" ScriptAssembliesAndTypeDB
WorkingDir: C:/Users/Admin/Documents/GitHub/GraduationProject/GraduationProject
ExitCode: 0 Duration: 0s86ms
*** Tundra build success (0.06 seconds), 0 items updated, 4 evaluated
Start importing Assets/Resources/PerformanceTestRunInfo.json using Guid(c6754ac700a1b124f9e39af8a8d9b690) (TextScriptImporter) -> (artifact id: '483f87fe0ff506df4b5dfc5a9bf2c6f4') in 0.0089914 seconds
Start importing Assets/Resources/PerformanceTestRunSettings.json using Guid(d828e285108176e47a11878e656d27e4) (TextScriptImporter) -> (artifact id: '59dd55254bb281c780e6711cd1194a35') in 0.0081551 seconds
Refreshing native plugins compatible for Editor in 4.21 ms, found 6 plugins.
Preloading 1 native plugins for Editor in 0.07 ms.
Asset Pipeline Refresh (id=e17663ecc7d1de7409ec1e2a605025c0): Total: 0.067 seconds - Initiated by RefreshV2(NoUpdateAssetOptions)
[ScriptCompilation] Requested script compilation because: Recompiling scripts for player build.
BuildPlayer: start building target 19
Starting: C:\Program Files\Unity\Hub\Editor\6000.3.14f1\Editor\Data\Tools\BuildPipeline\bee_backend.exe --ipc --defer-dag-verification --dagfile="Library/Bee/1900b0aP.dag" --continue-on-failure --profile="Library/Bee/backend1.traceevents" ScriptAssembliesAndTypeDB
WorkingDir: C:/Users/Admin/Documents/GitHub/GraduationProject/GraduationProject
Duplicate assembly 'System.Runtime.CompilerServices.Unsafe.dll' with different versions detected, using 'Packages/com.unity.ai.assistant/Plugins/Shared/System.Runtime.CompilerServices.Unsafe.dll, AssemblyName=System.Runtime.CompilerServices.Unsafe, Version=6.0.3.0, Culture=neutral, PublicKeyToken=b03f5f7f11d50a3a' and ignoring 'Packages/com.unity.collections/Unity.Collections.Tests/System.Runtime.CompilerServices.Unsafe/System.Runtime.CompilerServices.Unsafe.dll, AssemblyName=System.Runtime.CompilerServices.Unsafe, Version=6.0.0.0, Culture=neutral, PublicKeyToken=b03f5f7f11d50a3a'.Total cache size 268125692
Total cache size after purge 268125692, took 00:00:00.3432760
Curl error 7: Failed to connect to config.uca.cloud.unity3d.com port 443 after 2268 ms: Could not connect to server
ExitCode: 0 Duration: 1s244ms
[418/737    0s] WriteResponseFile Library/Bee/artifacts/rsp/4747638433968585886.rsp
[614/737    0s] ILPP-Configuration Library/ilpp-configuration.nevergeneratedoutput
[655/737    0s] CopyFiles Library/Bee/PlayerScriptAssemblies/Unity.Serialization.dll
[656/737    0s] CopyFiles Library/Bee/PlayerScriptAssemblies/Unity.RenderPipelines.Universal.2D.Runtime.dll
[657/737    0s] CopyFiles Library/Bee/PlayerScriptAssemblies/glTFast.Documentation.Examples.dll
[658/737    0s] CopyFiles Library/Bee/PlayerScriptAssemblies/Unity.RenderPipelines.GPUDriven.Runtime.dll
[659/737    0s] CopyFiles Library/Bee/PlayerScriptAssemblies/Unity.Collections.dll
[660/737    0s] CopyFiles Library/Bee/PlayerScriptAssemblies/Unity.InputSystem.ForUI.dll
[661/737    0s] CopyFiles Library/Bee/PlayerScriptAssemblies/Unity.RenderPipelines.Core.Runtime.dll
[662/737    0s] CopyFiles Library/Bee/PlayerScriptAssemblies/Unity.RenderPipelines.Core.ShaderLibrary.dll
[663/737    0s] CopyFiles Library/Bee/PlayerScriptAssemblies/Unity.RenderPipelines.Universal.Runtime.dll
[664/737    0s] CopyFiles Library/Bee/PlayerScriptAssemblies/Unity.Timeline.dll
[665/737    0s] CopyFiles Library/Bee/PlayerScriptAssemblies/Unity.RenderPipelines.Universal.Shaders.dll
[666/737    0s] CopyFiles Library/Bee/PlayerScriptAssemblies/Unity.TextMeshPro.dll
[667/737    0s] CopyFiles Library/Bee/PlayerScriptAssemblies/Unity.RenderPipeline.Universal.ShaderLibrary.dll
[668/737    0s] CopyFiles Library/Bee/PlayerScriptAssemblies/Unity.ML-Agents.CommunicatorObjects.dll
[669/737    0s] CopyFiles Library/Bee/PlayerScriptAssemblies/Unity.AI.Assistant.Runtime.dll
[670/737    0s] CopyFiles Library/Bee/PlayerScriptAssemblies/Unity.Burst.dll
[671/737    0s] CopyFiles Library/Bee/PlayerScriptAssemblies/Unity.VisualScripting.State.dll
[672/737    0s] CopyFiles Library/Bee/PlayerScriptAssemblies/Unity.VisualScripting.DocCodeExamples.dll
[673/737    0s] CopyFiles Library/Bee/PlayerScriptAssemblies/Unity.RenderPipelines.ShaderGraph.ShaderGraphLibrary.dll
[674/737    0s] CopyFiles Library/Bee/PlayerScriptAssemblies/Unity.InferenceEngine.dll
[675/737    0s] CopyFiles Library/Bee/PlayerScriptAssemblies/Unity.VisualScripting.Core.dll
[676/737    0s] CopyFiles Library/Bee/PlayerScriptAssemblies/Assembly-CSharp.dll
[677/737    0s] CopyFiles Library/Bee/PlayerScriptAssemblies/Unity.InternalAPIEngineBridge.004.dll
[678/737    0s] CopyFiles Library/Bee/PlayerScriptAssemblies/glTFast.Export.dll
[679/737    0s] CopyFiles Library/Bee/PlayerScriptAssemblies/Unity.AI.MCP.Runtime.dll
[680/737    0s] CopyFiles Library/Bee/PlayerScriptAssemblies/Unity.ML-Agents.dll
[681/737    0s] CopyFiles Library/Bee/PlayerScriptAssemblies/glTFast.dots.dll
[682/737    0s] CopyFiles Library/Bee/PlayerScriptAssemblies/Unity.RenderPipelines.Core.Runtime.Shared.dll
[683/737    0s] CopyFiles Library/Bee/PlayerScriptAssemblies/Unity.RenderPipelines.Universal.Config.Runtime.dll
[684/737    0s] CopyFiles Library/Bee/PlayerScriptAssemblies/Unity.InferenceEngine.Tokenization.dll
[685/737    0s] CopyFiles Library/Bee/PlayerScriptAssemblies/Unity.RenderPipelines.Universal.Config.Runtime.pdb
[686/737    0s] CopyFiles Library/Bee/PlayerScriptAssemblies/Unity.VisualScripting.Flow.dll
[687/737    0s] CopyFiles Library/Bee/PlayerScriptAssemblies/Unity.InputSystem.dll
[688/737    0s] CopyFiles Library/Bee/PlayerScriptAssemblies/glTFast.Newtonsoft.dll
[689/737    0s] CopyFiles Library/Bee/PlayerScriptAssemblies/Assembly-CSharp.pdb
[690/737    0s] CopyFiles Library/Bee/PlayerScriptAssemblies/glTFast.dll
[691/737    0s] CopyFiles Library/Bee/PlayerScriptAssemblies/Unity.Multiplayer.Center.Common.dll
[692/737    0s] CopyFiles Library/Bee/PlayerScriptAssemblies/Unity.ML-Agents.Input.dll
[693/737    0s] CopyFiles Library/Bee/PlayerScriptAssemblies/Unity.UnifiedRayTracing.Runtime.dll
[694/737    0s] CopyFiles Library/Bee/PlayerScriptAssemblies/UnityEngine.UI.dll
[695/737    0s] CopyFiles Library/Bee/PlayerScriptAssemblies/Unity.Mathematics.dll
[696/737    0s] CopyFiles Library/Bee/PlayerScriptAssemblies/Unity.AI.Tracing.dll
[697/737    0s] CopyFiles Library/Bee/PlayerScriptAssemblies/Unity.RenderPipelines.Core.Runtime.pdb
[698/737    0s] CopyFiles Library/Bee/PlayerScriptAssemblies/Unity.InternalAPIEngineBridge.004.pdb
[699/737    0s] CopyFiles Library/Bee/PlayerScriptAssemblies/Unity.VisualScripting.Core.pdb
[700/737    0s] CopyFiles Library/Bee/PlayerScriptAssemblies/Unity.VisualScripting.State.pdb
[701/737    0s] CopyFiles Library/Bee/PlayerScriptAssemblies/Unity.VisualScripting.DocCodeExamples.pdb
[702/737    0s] CopyFiles Library/Bee/PlayerScriptAssemblies/Unity.AI.Assistant.Runtime.pdb
[703/737    0s] CopyFiles Library/Bee/PlayerScriptAssemblies/Unity.UnifiedRayTracing.Runtime.pdb
[704/737    0s] CopyFiles Library/Bee/PlayerScriptAssemblies/glTFast.Export.pdb
[705/737    0s] CopyFiles Library/Bee/PlayerScriptAssemblies/glTFast.Documentation.Examples.pdb
[706/737    0s] CopyFiles Library/Bee/PlayerScriptAssemblies/Unity.TextMeshPro.pdb
[707/737    0s] CopyFiles Library/Bee/PlayerScriptAssemblies/Unity.ML-Agents.pdb
[708/737    0s] CopyFiles Library/Bee/PlayerScriptAssemblies/Unity.RenderPipelines.Universal.Shaders.pdb
[709/737    0s] CopyFiles Library/Bee/PlayerScriptAssemblies/Unity.Collections.pdb
[710/737    0s] CopyFiles Library/Bee/PlayerScriptAssemblies/Unity.RenderPipelines.GPUDriven.Runtime.pdb
[711/737    0s] CopyFiles Library/Bee/PlayerScriptAssemblies/Unity.RenderPipelines.Universal.2D.Runtime.pdb
[712/737    0s] CopyFiles Library/Bee/PlayerScriptAssemblies/Unity.RenderPipelines.Universal.Runtime.pdb
[713/737    0s] CopyFiles Library/Bee/PlayerScriptAssemblies/glTFast.dots.pdb
[714/737    0s] CopyFiles Library/Bee/PlayerScriptAssemblies/Unity.Burst.pdb
[715/737    0s] CopyFiles Library/Bee/PlayerScriptAssemblies/Unity.Serialization.pdb
[716/737    0s] CopyFiles Library/Bee/PlayerScriptAssemblies/Unity.RenderPipelines.ShaderGraph.ShaderGraphLibrary.pdb
[717/737    0s] CopyFiles Library/Bee/PlayerScriptAssemblies/Unity.Timeline.pdb
[718/737    0s] CopyFiles Library/Bee/PlayerScriptAssemblies/Unity.VisualScripting.Flow.pdb
[719/737    0s] CopyFiles Library/Bee/PlayerScriptAssemblies/Unity.InputSystem.pdb
[720/737    0s] CopyFiles Library/Bee/PlayerScriptAssemblies/Unity.InferenceEngine.Tokenization.pdb
[721/737    0s] CopyFiles Library/Bee/PlayerScriptAssemblies/Unity.Mathematics.pdb
[722/737    0s] CopyFiles Library/Bee/PlayerScriptAssemblies/Unity.RenderPipeline.Universal.ShaderLibrary.pdb
[723/737    0s] CopyFiles Library/Bee/PlayerScriptAssemblies/Unity.RenderPipelines.Core.ShaderLibrary.pdb
[724/737    0s] CopyFiles Library/Bee/PlayerScriptAssemblies/Unity.InputSystem.ForUI.pdb
[725/737    0s] CopyFiles Library/Bee/PlayerScriptAssemblies/glTFast.pdb
[726/737    0s] CopyFiles Library/Bee/PlayerScriptAssemblies/UnityEngine.UI.pdb
[727/737    0s] CopyFiles Library/Bee/PlayerScriptAssemblies/Unity.RenderPipelines.Core.Runtime.Shared.pdb
[728/737    0s] CopyFiles Library/Bee/PlayerScriptAssemblies/Unity.InferenceEngine.pdb
[729/737    0s] CopyFiles Library/Bee/PlayerScriptAssemblies/Unity.AI.MCP.Runtime.pdb
[730/737    0s] CopyFiles Library/Bee/PlayerScriptAssemblies/Unity.Multiplayer.Center.Common.pdb
[731/737    0s] CopyFiles Library/Bee/PlayerScriptAssemblies/glTFast.Newtonsoft.pdb
[732/737    0s] CopyFiles Library/Bee/PlayerScriptAssemblies/Unity.AI.Tracing.pdb
[733/737    0s] CopyFiles Library/Bee/PlayerScriptAssemblies/Unity.ML-Agents.Input.pdb
[734/737    0s] CopyFiles Library/Bee/PlayerScriptAssemblies/Unity.ML-Agents.CommunicatorObjects.pdb
*** Tundra build success (1.23 seconds), 82 items updated, 737 evaluated
Rebuilding Data files because the scene list is dirty
Opening scene 'Assets/Football/FootballDiscrete.unity'
Total cache size 268125692
Total cache size after purge 268125692, took 00:00:00.2150719
LightingSettings: switching bake backend from 2 to 1.
Unloading 8 Unused Serialized files (Serialized files now loaded: 0)
Loaded scene 'Assets/Football/FootballDiscrete.unity'
	Deserialize:            83.589 ms
	Integration:            218.038 ms
	Integration of assets:  0.073 ms
	Thread Wait Time:       0.000 ms
	Total Operation Time:   301.700 ms
Unloading 105 unused Assets / (0.7 MB). Loaded Objects now: 22253.
Memory consumption went from 257.8 MB to 257.1 MB.
Total: 13.264600 ms (FindLiveObjects: 0.791700 ms CreateObjectMapping: 0.285600 ms MarkObjects: 11.912000 ms  DeleteObjects: 0.274500 ms)

Created GICache directory at C:/Users/Admin/AppData/LocalLow/Unity/Caches/GiCache. Took: 0.015s, timestamps: [12.728 - 12.743]
Refreshing native plugins compatible for Editor in 3.06 ms, found 6 plugins.
Preloading 1 native plugins for Editor in 0.07 ms.
  Pass "FORWARD":
    Target graphics API: d3d11
    Cached mesh channel usage data found for 0 variants. 16 variants require compilation to get this data.
    Processed in 0.01 seconds
  Pass FORWARD (vp, d3d11) finished in 0.01 seconds. Local cache hits 16 (0.16s CPU time), remote cache hits 0 (0.00s CPU time), compiled 0 variants (0.00s CPU time), skipped 0 variants.
  Pass "FORWARD_DELTA":
    Target graphics API: d3d11
    Cached mesh channel usage data found for 0 variants. 26 variants require compilation to get this data.
    Processed in 0.00 seconds
  Pass FORWARD_DELTA (vp, d3d11) finished in 0.02 seconds. Local cache hits 26 (0.22s CPU time), remote cache hits 0 (0.00s CPU time), compiled 0 variants (0.00s CPU time), skipped 0 variants.
  Pass "ShadowCaster":
    Target graphics API: d3d11
    Cached mesh channel usage data found for 0 variants. 4 variants require compilation to get this data.
    Processed in 0.00 seconds
  Pass ShadowCaster (vp, d3d11) finished in 0.01 seconds. Local cache hits 4 (0.02s CPU time), remote cache hits 0 (0.00s CPU time), compiled 0 variants (0.00s CPU time), skipped 0 variants.
  Pass "DEFERRED":
    Target graphics API: d3d11
    Cached mesh channel usage data found for 0 variants. 8 variants require compilation to get this data.
    Processed in 0.00 seconds
  Pass DEFERRED (vp, d3d11) finished in 0.01 seconds. Local cache hits 8 (0.05s CPU time), remote cache hits 0 (0.00s CPU time), compiled 0 variants (0.00s CPU time), skipped 0 variants.
  Pass "META":
    Target graphics API: d3d11
    Cached mesh channel usage data found for 0 variants. 1 variants require compilation to get this data.
    Processed in 0.00 seconds
  Pass META (vp, d3d11) finished in 0.00 seconds. Local cache hits 1 (0.00s CPU time), remote cache hits 0 (0.00s CPU time), compiled 0 variants (0.00s CPU time), skipped 0 variants.
  Pass "FORWARD":
    Target graphics API: d3d11
    Cached mesh channel usage data found for 0 variants. 16 variants require compilation to get this data.
    Processed in 0.00 seconds
  Pass FORWARD (vp, d3d11) finished in 0.01 seconds. Local cache hits 16 (0.06s CPU time), remote cache hits 0 (0.00s CPU time), compiled 0 variants (0.00s CPU time), skipped 0 variants.
  Pass "FORWARD_DELTA":
    Target graphics API: d3d11
    Cached mesh channel usage data found for 0 variants. 20 variants require compilation to get this data.
    Processed in 0.00 seconds
  Pass FORWARD_DELTA (vp, d3d11) finished in 0.01 seconds. Local cache hits 20 (0.14s CPU time), remote cache hits 0 (0.00s CPU time), compiled 0 variants (0.00s CPU time), skipped 0 variants.
  Pass "ShadowCaster":
    Target graphics API: d3d11
    Cached mesh channel usage data found for 0 variants. 4 variants require compilation to get this data.
    Processed in 0.00 seconds
  Pass ShadowCaster (vp, d3d11) finished in 0.00 seconds. Local cache hits 4 (0.00s CPU time), remote cache hits 0 (0.00s CPU time), compiled 0 variants (0.00s CPU time), skipped 0 variants.
  Pass "META":
    Target graphics API: d3d11
    Cached mesh channel usage data found for 0 variants. 1 variants require compilation to get this data.
    Processed in 0.00 seconds
  Pass META (vp, d3d11) finished in 0.00 seconds. Local cache hits 1 (0.00s CPU time), remote cache hits 0 (0.00s CPU time), compiled 0 variants (0.00s CPU time), skipped 0 variants.
  Pass "":
    Target graphics API: d3d11
    Cached mesh channel usage data found for 0 variants. 3 variants require compilation to get this data.
    Processed in 0.00 seconds
  Pass  (vp, d3d11) finished in 0.01 seconds. Local cache hits 3 (0.02s CPU time), remote cache hits 0 (0.00s CPU time), compiled 0 variants (0.00s CPU time), skipped 0 variants.
  Pass "":
    Target graphics API: d3d11
    Cached mesh channel usage data found for 0 variants. 1 variants require compilation to get this data.
    Processed in 0.00 seconds
  Pass  (vp, d3d11) finished in 0.01 seconds. Local cache hits 1 (0.01s CPU time), remote cache hits 0 (0.00s CPU time), compiled 0 variants (0.00s CPU time), skipped 0 variants.
  Pass "ShadowCaster":
    Target graphics API: d3d11
    Cached mesh channel usage data found for 0 variants. 2 variants require compilation to get this data.
    Processed in 0.00 seconds
  Pass ShadowCaster (vp, d3d11) finished in 0.01 seconds. Local cache hits 2 (0.01s CPU time), remote cache hits 0 (0.00s CPU time), compiled 0 variants (0.00s CPU time), skipped 0 variants.
  Pass "FORWARD":
    Target graphics API: d3d11
    Cached mesh channel usage data found for 16 variants. 0 variants require compilation to get this data.
    Processed in 0.00 seconds
  Pass "FORWARD_DELTA":
    Target graphics API: d3d11
    Cached mesh channel usage data found for 26 variants. 0 variants require compilation to get this data.
    Processed in 0.00 seconds
  Pass "ShadowCaster":
    Target graphics API: d3d11
    Cached mesh channel usage data found for 4 variants. 0 variants require compilation to get this data.
    Processed in 0.00 seconds
  Pass "DEFERRED":
    Target graphics API: d3d11
    Cached mesh channel usage data found for 8 variants. 0 variants require compilation to get this data.
    Processed in 0.00 seconds
  Pass "META":
    Target graphics API: d3d11
    Cached mesh channel usage data found for 1 variants. 0 variants require compilation to get this data.
    Processed in 0.00 seconds
  Pass "FORWARD":
    Target graphics API: d3d11
    Cached mesh channel usage data found for 16 variants. 0 variants require compilation to get this data.
    Processed in 0.00 seconds
  Pass "FORWARD_DELTA":
    Target graphics API: d3d11
    Cached mesh channel usage data found for 20 variants. 0 variants require compilation to get this data.
    Processed in 0.00 seconds
  Pass "ShadowCaster":
    Target graphics API: d3d11
    Cached mesh channel usage data found for 4 variants. 0 variants require compilation to get this data.
    Processed in 0.00 seconds
  Pass "META":
    Target graphics API: d3d11
    Cached mesh channel usage data found for 1 variants. 0 variants require compilation to get this data.
    Processed in 0.00 seconds
  Pass "":
    Target graphics API: d3d11
    Cached mesh channel usage data found for 3 variants. 0 variants require compilation to get this data.
    Processed in 0.00 seconds
  Pass "":
    Target graphics API: d3d11
    Cached mesh channel usage data found for 1 variants. 0 variants require compilation to get this data.
    Processed in 0.00 seconds
  Pass "ShadowCaster":
    Target graphics API: d3d11
    Cached mesh channel usage data found for 2 variants. 2 variants require compilation to get this data.
    Processed in 0.00 seconds
  Pass ShadowCaster (vp, d3d11) finished in 0.01 seconds. Local cache hits 2 (0.01s CPU time), remote cache hits 0 (0.00s CPU time), compiled 0 variants (0.00s CPU time), skipped 0 variants.
  Pass "ForwardLit":
    Target graphics API: d3d11
    Cached mesh channel usage data found for 0 variants. 0 variants require compilation to get this data.
    Processed in 0.02 seconds
  Pass "ShadowCaster":
    Target graphics API: d3d11
    Cached mesh channel usage data found for 0 variants. 0 variants require compilation to get this data.
    Processed in 0.00 seconds
  Pass "GBuffer":
    Target graphics API: d3d11
    Cached mesh channel usage data found for 0 variants. 0 variants require compilation to get this data.
    Processed in 0.00 seconds
  Pass "DepthOnly":
    Target graphics API: d3d11
    Cached mesh channel usage data found for 0 variants. 0 variants require compilation to get this data.
    Processed in 0.00 seconds
  Pass "DepthNormals":
    Target graphics API: d3d11
    Cached mesh channel usage data found for 0 variants. 0 variants require compilation to get this data.
    Processed in 0.00 seconds
  Pass "Meta":
    Target graphics API: d3d11
    Cached mesh channel usage data found for 0 variants. 0 variants require compilation to get this data.
    Processed in 0.00 seconds
  Pass "Universal2D":
    Target graphics API: d3d11
    Cached mesh channel usage data found for 0 variants. 0 variants require compilation to get this data.
    Processed in 0.00 seconds
  Pass "MotionVectors":
    Target graphics API: d3d11
    Cached mesh channel usage data found for 0 variants. 0 variants require compilation to get this data.
    Processed in 0.00 seconds
  Pass "XRMotionVectors":
    Target graphics API: d3d11
    Cached mesh channel usage data found for 0 variants. 0 variants require compilation to get this data.
    Processed in 0.00 seconds
  Pass "":
    Target graphics API: d3d11
    Cached mesh channel usage data found for 0 variants. 0 variants require compilation to get this data.
    Processed in 0.00 seconds
  Pass "FORWARD":
    Target graphics API: d3d11
    Cached mesh channel usage data found for 0 variants. 8 variants require compilation to get this data.
    Processed in 0.00 seconds
  Pass FORWARD (vp, d3d11) finished in 0.00 seconds. Local cache hits 8 (0.02s CPU time), remote cache hits 0 (0.00s CPU time), compiled 0 variants (0.00s CPU time), skipped 0 variants.
  Pass "FORWARD_DELTA":
    Target graphics API: d3d11
    Cached mesh channel usage data found for 0 variants. 13 variants require compilation to get this data.
    Processed in 0.00 seconds
  Pass FORWARD_DELTA (vp, d3d11) finished in 0.00 seconds. Local cache hits 13 (0.02s CPU time), remote cache hits 0 (0.00s CPU time), compiled 0 variants (0.00s CPU time), skipped 0 variants.
  Pass "ShadowCaster":
    Target graphics API: d3d11
    Cached mesh channel usage data found for 0 variants. 2 variants require compilation to get this data.
    Processed in 0.00 seconds
  Pass ShadowCaster (vp, d3d11) finished in 0.00 seconds. Local cache hits 2 (0.00s CPU time), remote cache hits 0 (0.00s CPU time), compiled 0 variants (0.00s CPU time), skipped 0 variants.
  Pass "DEFERRED":
    Target graphics API: d3d11
    Cached mesh channel usage data found for 0 variants. 4 variants require compilation to get this data.
    Processed in 0.00 seconds
  Pass DEFERRED (vp, d3d11) finished in 0.00 seconds. Local cache hits 4 (0.00s CPU time), remote cache hits 0 (0.00s CPU time), compiled 0 variants (0.00s CPU time), skipped 0 variants.
  Pass "META":
    Target graphics API: d3d11
    Cached mesh channel usage data found for 0 variants. 1 variants require compilation to get this data.
    Processed in 0.00 seconds
  Pass META (vp, d3d11) finished in 0.00 seconds. Local cache hits 1 (0.00s CPU time), remote cache hits 0 (0.00s CPU time), compiled 0 variants (0.00s CPU time), skipped 0 variants.
  Pass "FORWARD":
    Target graphics API: d3d11
    Cached mesh channel usage data found for 0 variants. 8 variants require compilation to get this data.
    Processed in 0.00 seconds
  Pass FORWARD (vp, d3d11) finished in 0.00 seconds. Local cache hits 8 (0.01s CPU time), remote cache hits 0 (0.00s CPU time), compiled 0 variants (0.00s CPU time), skipped 0 variants.
  Pass "FORWARD_DELTA":
    Target graphics API: d3d11
    Cached mesh channel usage data found for 0 variants. 10 variants require compilation to get this data.
    Processed in 0.00 seconds
  Pass FORWARD_DELTA (vp, d3d11) finished in 0.01 seconds. Local cache hits 10 (0.02s CPU time), remote cache hits 0 (0.00s CPU time), compiled 0 variants (0.00s CPU time), skipped 0 variants.
  Pass "ShadowCaster":
    Target graphics API: d3d11
    Cached mesh channel usage data found for 0 variants. 2 variants require compilation to get this data.
    Processed in 0.00 seconds
  Pass ShadowCaster (vp, d3d11) finished in 0.00 seconds. Local cache hits 2 (0.00s CPU time), remote cache hits 0 (0.00s CPU time), compiled 0 variants (0.00s CPU time), skipped 0 variants.
  Pass "META":
    Target graphics API: d3d11
    Cached mesh channel usage data found for 0 variants. 1 variants require compilation to get this data.
    Processed in 0.00 seconds
  Pass META (vp, d3d11) finished in 0.00 seconds. Local cache hits 1 (0.00s CPU time), remote cache hits 0 (0.00s CPU time), compiled 0 variants (0.00s CPU time), skipped 0 variants.
  Pass "":
    Target graphics API: d3d11
    Cached mesh channel usage data found for 3 variants. 0 variants require compilation to get this data.
    Processed in 0.00 seconds
  Pass "":
    Target graphics API: d3d11
    Cached mesh channel usage data found for 1 variants. 0 variants require compilation to get this data.
    Processed in 0.00 seconds
  Pass "ShadowCaster":
    Target graphics API: d3d11
    Cached mesh channel usage data found for 4 variants. 0 variants require compilation to get this data.
    Processed in 0.00 seconds


Mono dependencies included in the build
Dependency assembly - Microsoft.Web.Infrastructure.dll
Dependency assembly - System.ServiceModel.Primitives.dll
Dependency assembly - System.Data.Services.Client.dll
Dependency assembly - System.ServiceModel.Discovery.dll
Dependency assembly - System.Web.Services.dll
Dependency assembly - System.Net.Primitives.dll
Dependency assembly - System.Net.AuthenticationManager.dll
Dependency assembly - System.Security.Claims.dll
Dependency assembly - System.Text.Encoding.dll
Dependency assembly - RabbitMQ.Client.dll
Dependency assembly - System.Web.Http.WebHost.dll
Dependency assembly - Unity.InternalAPIEngineBridge.004.dll
Dependency assembly - Microsoft.Win32.Registry.AccessControl.dll
Dependency assembly - System.Net.Requests.dll
Dependency assembly - System.ServiceProcess.ServiceController.dll
Dependency assembly - Unity.RenderPipelines.Core.ShaderLibrary.dll
Dependency assembly - System.Security.Cryptography.X509Certificates.dll
Dependency assembly - I18N.Rare.dll
Dependency assembly - Unity.RenderPipeline.Universal.ShaderLibrary.dll
Dependency assembly - Unity.Timeline.dll
Dependency assembly - System.Reflection.Emit.Lightweight.dll
Dependency assembly - netstandard.dll
Dependency assembly - System.IO.Compression.dll
Dependency assembly - System.Xml.XmlDocument.dll
Dependency assembly - glTFast.Export.dll
Dependency assembly - System.Runtime.CompilerServices.Unsafe.dll
Dependency assembly - Unity.RenderPipelines.GPUDriven.Runtime.dll
Dependency assembly - System.Runtime.Numerics.dll
Dependency assembly - System.Runtime.InteropServices.RuntimeInformation.dll
Dependency assembly - Mono.XBuild.Tasks.dll
Dependency assembly - System.Reflection.DispatchProxy.dll
Dependency assembly - System.Threading.AccessControl.dll
Dependency assembly - System.ServiceModel.Routing.dll
Dependency assembly - System.Linq.dll
Dependency assembly - System.IO.FileSystem.Primitives.dll
Dependency assembly - Mono.Data.Sqlite.dll
Dependency assembly - glTFast.dll
Dependency assembly - System.IO.Hashing.dll
Dependency assembly - System.Runtime.InteropServices.WindowsRuntime.dll
Dependency assembly - System.Reactive.Linq.dll
Dependency assembly - System.ComponentModel.TypeConverter.dll
Dependency assembly - System.Security.Cryptography.DeriveBytes.dll
Dependency assembly - System.Security.SecureString.dll
Dependency assembly - System.ServiceModel.Activation.dll
Dependency assembly - System.Net.Http.Rtc.dll
Dependency assembly - System.Data.SqlClient.dll
Dependency assembly - System.ComponentModel.Primitives.dll
Dependency assembly - System.Security.dll
Dependency assembly - Mono.Data.Tds.dll
Dependency assembly - System.IO.UnmanagedMemoryStream.dll
Dependency assembly - Assembly-CSharp.dll
Dependency assembly - System.Globalization.dll
Dependency assembly - System.IO.Abstractions.TestingHelpers.dll
Dependency assembly - System.Security.Cryptography.Algorithms.dll
Dependency assembly - Mono.Tasklets.dll
Dependency assembly - System.Diagnostics.Tracing.dll
Dependency assembly - I18N.Other.dll
Dependency assembly - System.IO.Compression.ZipFile.dll
Dependency assembly - System.IO.Compression.FileSystem.dll
Dependency assembly - System.Drawing.Design.dll
Dependency assembly - System.ComponentModel.DataAnnotations.dll
Dependency assembly - System.Web.ApplicationServices.dll
Dependency assembly - Microsoft.Build.Tasks.v4.0.dll
Dependency assembly - Mono.CompilerServices.SymbolWriter.dll
Dependency assembly - System.Reactive.PlatformServices.dll
Dependency assembly - Mono.Security.Win32.dll
Dependency assembly - System.Xml.XmlSerializer.dll
Dependency assembly - System.Xml.Linq.dll
Dependency assembly - System.Globalization.Calendars.dll
Dependency assembly - System.Xml.ReaderWriter.dll
Dependency assembly - System.Web.WebPages.Razor.dll
Dependency assembly - System.Data.Entity.dll
Dependency assembly - System.Reactive.Observable.Aliases.dll
Dependency assembly - System.IO.FileSystem.Watcher.dll
Dependency assembly - WebMatrix.Data.dll
Dependency assembly - System.Net.Ping.dll
Dependency assembly - System.Net.Http.WebRequest.dll
Dependency assembly - System.Net.Security.dll
Dependency assembly - System.Reflection.Emit.ILGeneration.dll
Dependency assembly - System.Net.WebSockets.Client.dll
Dependency assembly - System.Net.Http.dll
Dependency assembly - System.Runtime.Serialization.Xml.dll
Dependency assembly - System.Xml.XDocument.dll
Dependency assembly - System.AppContext.dll
Dependency assembly - System.Runtime.Handles.dll
Dependency assembly - System.Web.Extensions.Design.dll
Dependency assembly - System.Xml.Xsl.Primitives.dll
Dependency assembly - System.Threading.Tasks.dll
Dependency assembly - System.Workflow.ComponentModel.dll
Dependency assembly - System.Data.DataSetExtensions.dll
Dependency assembly - System.Data.Services.dll
Dependency assembly - Unity.VisualScripting.DocCodeExamples.dll
Dependency assembly - System.ServiceModel.Http.dll
Dependency assembly - Unity.InferenceEngine.Tokenization.dll
Dependency assembly - System.IdentityModel.dll
Dependency assembly - Mono.Management.dll
Dependency assembly - Mono.CSharp.dll
Dependency assembly - System.Reactive.Debugger.dll
Dependency assembly - Mono.Btls.Interface.dll
Dependency assembly - System.Configuration.Install.dll
Dependency assembly - System.Xml.dll
Dependency assembly - System.ComponentModel.Composition.dll
Dependency assembly - System.Security.Cryptography.RSA.dll
Dependency assembly - System.Net.Mail.dll
Dependency assembly - System.Runtime.DurableInstancing.dll
Dependency assembly - SystemWebTestShim.dll
Dependency assembly - System.Web.Extensions.dll
Dependency assembly - System.Net.NetworkInformation.dll
Dependency assembly - glTFast.dots.dll
Dependency assembly - Unity.Serialization.dll
Dependency assembly - System.ObjectModel.dll
Dependency assembly - Unity.AI.Assistant.Runtime.dll
Dependency assembly - Unity.UnifiedRayTracing.Runtime.dll
Dependency assembly - System.Web.Http.dll
Dependency assembly - System.Interactive.Async.dll
Dependency assembly - System.Windows.Forms.dll
Dependency assembly - System.Runtime.Serialization.Formatters.dll
Dependency assembly - System.Net.WebSockets.dll
Dependency assembly - Unity.RenderPipelines.Core.Runtime.Shared.dll
Dependency assembly - Unity.RenderPipelines.Universal.Runtime.dll
Dependency assembly - System.Threading.Tasks.Extensions.dll
Dependency assembly - System.Numerics.dll
Dependency assembly - System.Threading.Overlapped.dll
Dependency assembly - Mono.Cairo.dll
Dependency assembly - Unity.RenderPipelines.Universal.Shaders.dll
Dependency assembly - System.Runtime.Remoting.dll
Dependency assembly - IBM.Data.DB2.dll
Dependency assembly - Mono.Messaging.dll
Dependency assembly - System.ComponentModel.Annotations.dll
Dependency assembly - Mono.Messaging.RabbitMQ.dll
Dependency assembly - Unity.RenderPipelines.ShaderGraph.ShaderGraphLibrary.dll
Dependency assembly - System.ComponentModel.EventBasedAsync.dll
Dependency assembly - Unity.InferenceEngine.dll
Dependency assembly - System.Net.Http.Formatting.dll
Dependency assembly - System.Runtime.Serialization.dll
Dependency assembly - System.Net.ServicePoint.dll
Dependency assembly - System.Drawing.Primitives.dll
Dependency assembly - System.Net.WebHeaderCollection.dll
Dependency assembly - Unity.Burst.Unsafe.dll
Dependency assembly - System.Resources.Writer.dll
Dependency assembly - System.Reactive.Runtime.Remoting.dll
Dependency assembly - System.Workflow.Runtime.dll
Dependency assembly - System.Collections.Concurrent.dll
Dependency assembly - System.Web.Mvc.dll
Dependency assembly - System.Data.Linq.dll
Dependency assembly - Mono.C5.dll
Dependency assembly - System.IO.MemoryMappedFiles.dll
Dependency assembly - System.Security.AccessControl.dll
Dependency assembly - System.Security.Cryptography.RandomNumberGenerator.dll
Dependency assembly - System.Workflow.Activities.dll
Dependency assembly - System.Reactive.Experimental.dll
Dependency assembly - System.Diagnostics.Debug.dll
Dependency assembly - System.Diagnostics.Tools.dll
Dependency assembly - System.Reflection.Primitives.dll
Dependency assembly - Microsoft.Build.Engine.dll
Dependency assembly - System.Linq.Parallel.dll
Dependency assembly - Mono.Profiler.Log.dll
Dependency assembly - System.Reactive.Windows.Threading.dll
Dependency assembly - System.IO.FileSystem.AccessControl.dll
Dependency assembly - System.Net.NameResolution.dll
Dependency assembly - System.Reflection.Context.dll
Dependency assembly - System.Security.Cryptography.Encryption.Aes.dll
Dependency assembly - Mono.WebBrowser.dll
Dependency assembly - System.Collections.NonGeneric.dll
Dependency assembly - System.Security.Cryptography.Primitives.dll
Dependency assembly - System.Web.Routing.dll
Dependency assembly - System.Web.Abstractions.dll
Dependency assembly - Mono.Http.dll
Dependency assembly - System.Messaging.dll
Dependency assembly - mscorlib.dll
Dependency assembly - System.Web.Razor.dll
Dependency assembly - System.Diagnostics.Process.dll
Dependency assembly - System.Diagnostics.TextWriterTraceListener.dll
Dependency assembly - System.Threading.Thread.dll
Dependency assembly - System.Web.DynamicData.dll
Dependency assembly - System.Web.WebPages.dll
Dependency assembly - System.Security.Cryptography.Csp.dll
Dependency assembly - System.Text.RegularExpressions.dll
Dependency assembly - System.ServiceModel.dll
Dependency assembly - System.Security.Cryptography.Hashing.Algorithms.dll
Dependency assembly - Unity.ML-Agents.dll
Dependency assembly - Unity.Multiplayer.Center.Common.dll
Dependency assembly - System.Drawing.dll
Dependency assembly - Google.Protobuf_Packed.dll
Dependency assembly - System.Runtime.Loader.dll
Dependency assembly - System.Diagnostics.TraceEvent.dll
Dependency assembly - System.Runtime.InteropServices.dll
Dependency assembly - cscompmgd.dll
Dependency assembly - System.Transactions.dll
Dependency assembly - System.IdentityModel.Selectors.dll
Dependency assembly - System.Web.Mobile.dll
Dependency assembly - System.Json.Microsoft.dll
Dependency assembly - System.Diagnostics.Contracts.dll
Dependency assembly - System.IO.Pipes.dll
Dependency assembly - System.ServiceModel.Web.dll
Dependency assembly - System.Collections.dll
Dependency assembly - I18N.CJK.dll
Dependency assembly - System.Web.Http.SelfHost.dll
Dependency assembly - System.Net.Utilities.dll
Dependency assembly - System.Data.OracleClient.dll
Dependency assembly - Unity.ML-Agents.CommunicatorObjects.dll
Dependency assembly - System.Design.dll
Dependency assembly - UnityEngine.UI.dll
Dependency assembly - System.ComponentModel.dll
Dependency assembly - System.Runtime.Extensions.dll
Dependency assembly - System.Security.Cryptography.Pkcs.dll
Dependency assembly - SMDiagnostics.dll
Dependency assembly - Microsoft.Win32.Registry.dll
Dependency assembly - Grpc.Core.dll
Dependency assembly - System.Net.HttpListener.dll
Dependency assembly - System.Reflection.Emit.dll
Dependency assembly - Unity.Collections.dll
Dependency assembly - Microsoft.CSharp.dll
Dependency assembly - System.IO.IsolatedStorage.dll
Dependency assembly - System.Reactive.Windows.Forms.dll
Dependency assembly - System.Net.dll
Dependency assembly - System.Reflection.dll
Dependency assembly - System.Reactive.Providers.dll
Dependency assembly - System.Core.dll
Dependency assembly - System.Linq.Expressions.dll
Dependency assembly - System.Security.Cryptography.OpenSsl.dll
Dependency assembly - System.Web.WebPages.Deployment.dll
Dependency assembly - System.Configuration.dll
Dependency assembly - System.Console.dll
Dependency assembly - Unity.VisualScripting.State.dll
Dependency assembly - Unity.RenderPipelines.Universal.Config.Runtime.dll
Dependency assembly - ICSharpCode.SharpZipLib.dll
Dependency assembly - System.ServiceProcess.dll
Dependency assembly - System.Runtime.Serialization.Formatters.Soap.dll
Dependency assembly - System.Xml.Serialization.dll
Dependency assembly - System.Security.Cryptography.Encoding.dll
Dependency assembly - System.Windows.Forms.DataVisualization.dll
Dependency assembly - System.Runtime.dll
Dependency assembly - Mono.Options.dll
Dependency assembly - monodoc.dll
Dependency assembly - System.Dynamic.dll
Dependency assembly - System.EnterpriseServices.dll
Dependency assembly - Unity.AI.MCP.Runtime.dll
Dependency assembly - Unity.TextMeshPro.dll
Dependency assembly - System.Diagnostics.FileVersionInfo.dll
Dependency assembly - System.Collections.Specialized.dll
Dependency assembly - System.Threading.dll
Dependency assembly - System.ServiceModel.Security.dll
Dependency assembly - Unity.AI.Tracing.dll
Dependency assembly - System.Net.Sockets.dll
Dependency assembly - System.Dynamic.Runtime.dll
Dependency assembly - System.Xml.XPath.dll
Dependency assembly - Unity.InputSystem.ForUI.dll
Dependency assembly - Microsoft.Win32.Primitives.dll
Dependency assembly - Unity.VisualScripting.Flow.dll
Dependency assembly - System.Resources.ReaderWriter.dll
Dependency assembly - System.Diagnostics.StackTrace.dll
Dependency assembly - System.Security.Principal.dll
Dependency assembly - glTFast.Documentation.Examples.dll
Dependency assembly - CustomMarshalers.dll
Dependency assembly - System.Runtime.Caching.dll
Dependency assembly - System.Xml.XPath.XDocument.dll
Dependency assembly - Microsoft.VisualC.dll
Dependency assembly - System.Threading.ThreadPool.dll
Dependency assembly - System.Runtime.Serialization.Json.dll
Dependency assembly - System.Runtime.Serialization.Primitives.dll
Dependency assembly - System.DirectoryServices.dll
Dependency assembly - System.Security.Cryptography.Cng.dll
Dependency assembly - WindowsBase.dll
Dependency assembly - Unity.Burst.dll
Dependency assembly - System.Security.Cryptography.Encryption.dll
Dependency assembly - System.ServiceModel.Internals.dll
Dependency assembly - System.Security.Principal.Windows.dll
Dependency assembly - System.ValueTuple.dll
Dependency assembly - System.Xaml.dll
Dependency assembly - Unity.RenderPipelines.Universal.2D.Runtime.dll
Dependency assembly - Unity.VisualScripting.Core.dll
Dependency assembly - System.DirectoryServices.Protocols.dll
Dependency assembly - System.Threading.Tasks.Parallel.dll
Dependency assembly - System.Windows.dll
Dependency assembly - System.Reflection.TypeExtensions.dll
Dependency assembly - System.Threading.Tasks.Dataflow.dll
Dependency assembly - Mono.Simd.dll
Dependency assembly - Commons.Xml.Relaxng.dll
Dependency assembly - System.Text.Encoding.CodePages.dll
Dependency assembly - glTFast.Newtonsoft.dll
Dependency assembly - System.IO.FileSystem.dll
Dependency assembly - Mono.Posix.dll
Dependency assembly - System.Resources.ResourceManager.dll
Dependency assembly - I18N.MidEast.dll
Dependency assembly - Microsoft.Build.dll
Dependency assembly - System.Deployment.dll
Dependency assembly - Unity.Collections.LowLevel.ILSupport.dll
Dependency assembly - Mono.Parallel.dll
Dependency assembly - System.Data.dll
Dependency assembly - System.Security.Cryptography.Encryption.ECDsa.dll
Dependency assembly - System.Reactive.Core.dll
Dependency assembly - System.Web.RegularExpressions.dll
Dependency assembly - Mono.Security.dll
Dependency assembly - System.Runtime.CompilerServices.VisualC.dll
Dependency assembly - System.Management.dll
Dependency assembly - System.IO.dll
Dependency assembly - System.Security.Cryptography.Encryption.ECDiffieHellman.dll
Dependency assembly - Unity.ML-Agents.Input.dll
Dependency assembly - System.Buffers.dll
Dependency assembly - Unity.RenderPipelines.Core.Runtime.dll
Dependency assembly - Unity.Mathematics.dll
Dependency assembly - System.Diagnostics.TraceSource.dll
Dependency assembly - System.Xml.XPath.XmlDocument.dll
Dependency assembly - System.ServiceModel.Duplex.dll
Dependency assembly - System.Text.Encoding.Extensions.dll
Dependency assembly - System.Numerics.Vectors.dll
Dependency assembly - System.Resources.Reader.dll
Dependency assembly - Novell.Directory.Ldap.dll
Dependency assembly - PEAPI.dll
Dependency assembly - System.Web.dll
Dependency assembly - Newtonsoft.Json.dll
Dependency assembly - I18N.dll
Dependency assembly - Accessibility.dll
Dependency assembly - System.dll
Dependency assembly - System.Net.Cache.dll
Dependency assembly - System.Linq.Queryable.dll
Dependency assembly - Microsoft.Build.Framework.dll
Dependency assembly - System.Memory.dll
Dependency assembly - System.Threading.Timer.dll
Dependency assembly - System.Security.Cryptography.ProtectedData.dll
Dependency assembly - System.Security.Cryptography.Hashing.dll
Dependency assembly - System.Reactive.Interfaces.dll
Dependency assembly - Microsoft.Build.Utilities.v4.0.dll
Dependency assembly - System.Reflection.Extensions.dll
Dependency assembly - Unity.VisualScripting.Antlr3.Runtime.dll
Dependency assembly - Unity.InputSystem.dll
Dependency assembly - I18N.West.dll
Dependency assembly - System.Data.Common.dll
Dependency assembly - System.IO.FileSystem.DriveInfo.dll
Dependency assembly - System.Json.dll
Dependency assembly - System.ServiceModel.NetTcp.dll
Dependency assembly - System.IO.Abstractions.dll
Dependency assembly - System.Globalization.Extensions.dll

Unloading 227 Unused Serialized files (Serialized files now loaded: 0)
Unloading 5024 unused Assets / (12.0 MB). Loaded Objects now: 11669.
Memory consumption went from 290.7 MB to 278.8 MB.
Total: 15.451400 ms (FindLiveObjects: 0.438000 ms CreateObjectMapping: 0.235100 ms MarkObjects: 12.463600 ms  DeleteObjects: 2.314000 ms)

Unloading 1 Unused Serialized files (Serialized files now loaded: 0)
Unloading 0 unused Assets / (2.2 KB). Loaded Objects now: 11671.
Memory consumption went from 254.7 MB to 254.7 MB.
Total: 14.033800 ms (FindLiveObjects: 0.390600 ms CreateObjectMapping: 0.175700 ms MarkObjects: 13.450400 ms  DeleteObjects: 0.015900 ms)

Unloading 10 Unused Serialized files (Serialized files now loaded: 0)
Unloading 173 unused Assets / (149.4 MB). Loaded Objects now: 11671.
Memory consumption went from 405.2 MB to 255.9 MB.
Total: 26.163400 ms (FindLiveObjects: 0.321600 ms CreateObjectMapping: 0.136900 ms MarkObjects: 12.441600 ms  DeleteObjects: 13.262400 ms)

Compiling shader "Standard (Specular setup)"
  Pass "FORWARD" (vp)
    Target graphics API: d3d11
    Full variant space:         664
    After settings filtering:   664
    After built-in stripping:   8
    After scriptable stripping: 8
    Processed in 0.00 seconds
  Pass "FORWARD" (fp)
    Target graphics API: d3d11
    Full variant space:         1.008
    After settings filtering:   1.008
    After built-in stripping:   8
    After scriptable stripping: 8
    Processed in 0.00 seconds
  Pass "FORWARD_DELTA" (vp)
    Target graphics API: d3d11
    Full variant space:         188
    After settings filtering:   188
    After built-in stripping:   13
    After scriptable stripping: 13
    Processed in 0.00 seconds
  Pass "FORWARD_DELTA" (fp)
    Target graphics API: d3d11
    Full variant space:         188
    After settings filtering:   188
    After built-in stripping:   13
    After scriptable stripping: 13
    Processed in 0.00 seconds
  Pass "ShadowCaster" (vp)
    Target graphics API: d3d11
    Full variant space:         4
    After settings filtering:   4
    After built-in stripping:   2
    After scriptable stripping: 2
    Processed in 0.00 seconds
  Pass "ShadowCaster" (fp)
    Target graphics API: d3d11
    Full variant space:         4
    After settings filtering:   4
    After built-in stripping:   2
    After scriptable stripping: 2
    Processed in 0.00 seconds
  Pass "DEFERRED" (vp)
    Target graphics API: d3d11
    Full variant space:         76
    After settings filtering:   76
    After built-in stripping:   4
    After scriptable stripping: 4
    Processed in 0.00 seconds
  Pass "DEFERRED" (fp)
    Target graphics API: d3d11
    Full variant space:         152
    After settings filtering:   152
    After built-in stripping:   8
    After scriptable stripping: 8
    Processed in 0.00 seconds
  Pass "FORWARD" (vp)
    Target graphics API: d3d11
    Full variant space:         136
    After settings filtering:   136
    After built-in stripping:   8
    After scriptable stripping: 8
    Processed in 0.00 seconds
  Pass "FORWARD" (fp)
    Target graphics API: d3d11
    Full variant space:         192
    After settings filtering:   192
    After built-in stripping:   8
    After scriptable stripping: 8
    Processed in 0.00 seconds
  Pass "FORWARD_DELTA" (vp)
    Target graphics API: d3d11
    Full variant space:         140
    After settings filtering:   140
    After built-in stripping:   10
    After scriptable stripping: 10
    Processed in 0.00 seconds
  Pass "FORWARD_DELTA" (fp)
    Target graphics API: d3d11
    Full variant space:         140
    After settings filtering:   140
    After built-in stripping:   10
    After scriptable stripping: 10
    Processed in 0.00 seconds
  Pass "ShadowCaster" (vp)
    Target graphics API: d3d11
    Full variant space:         2
    After settings filtering:   2
    After built-in stripping:   2
    After scriptable stripping: 2
    Processed in 0.00 seconds
  Pass "ShadowCaster" (fp)
    Target graphics API: d3d11
    Full variant space:         2
    After settings filtering:   2
    After built-in stripping:   2
    After scriptable stripping: 2
    Processed in 0.00 seconds
  Pass FORWARD (vp, d3d11) finished in 0.00 seconds. Local cache hits 8 (0.00s CPU time), remote cache hits 0 (0.00s CPU time), compiled 0 variants (0.00s CPU time), skipped 0 variants.
    Prepared data for serialisation in 0.00s
  Pass FORWARD (fp, d3d11) finished in 0.02 seconds. Local cache hits 8 (0.10s CPU time), remote cache hits 0 (0.00s CPU time), compiled 0 variants (0.00s CPU time), skipped 0 variants.
    Prepared data for serialisation in 0.00s
  Pass FORWARD_DELTA (vp, d3d11) finished in 0.02 seconds. Local cache hits 13 (0.00s CPU time), remote cache hits 0 (0.00s CPU time), compiled 0 variants (0.00s CPU time), skipped 0 variants.
    Prepared data for serialisation in 0.00s
  Pass FORWARD_DELTA (fp, d3d11) finished in 0.02 seconds. Local cache hits 13 (0.18s CPU time), remote cache hits 0 (0.00s CPU time), compiled 0 variants (0.00s CPU time), skipped 0 variants.
    Prepared data for serialisation in 0.00s
  Pass ShadowCaster (vp, d3d11) finished in 0.01 seconds. Local cache hits 2 (0.00s CPU time), remote cache hits 0 (0.00s CPU time), compiled 0 variants (0.00s CPU time), skipped 0 variants.
    Prepared data for serialisation in 0.00s
  Pass ShadowCaster (fp, d3d11) finished in 0.02 seconds. Local cache hits 2 (0.02s CPU time), remote cache hits 0 (0.00s CPU time), compiled 0 variants (0.00s CPU time), skipped 0 variants.
    Prepared data for serialisation in 0.00s
  Pass DEFERRED (vp, d3d11) finished in 0.02 seconds. Local cache hits 4 (0.00s CPU time), remote cache hits 0 (0.00s CPU time), compiled 0 variants (0.00s CPU time), skipped 0 variants.
    Prepared data for serialisation in 0.00s
  Pass DEFERRED (fp, d3d11) finished in 0.02 seconds. Local cache hits 8 (0.11s CPU time), remote cache hits 0 (0.00s CPU time), compiled 0 variants (0.00s CPU time), skipped 0 variants.
    Prepared data for serialisation in 0.00s
  Pass FORWARD (vp, d3d11) finished in 0.02 seconds. Local cache hits 8 (0.00s CPU time), remote cache hits 0 (0.00s CPU time), compiled 0 variants (0.00s CPU time), skipped 0 variants.
    Prepared data for serialisation in 0.00s
  Pass FORWARD (fp, d3d11) finished in 0.02 seconds. Local cache hits 8 (0.07s CPU time), remote cache hits 0 (0.00s CPU time), compiled 0 variants (0.00s CPU time), skipped 0 variants.
    Prepared data for serialisation in 0.00s
  Pass FORWARD_DELTA (vp, d3d11) finished in 0.02 seconds. Local cache hits 10 (0.00s CPU time), remote cache hits 0 (0.00s CPU time), compiled 0 variants (0.00s CPU time), skipped 0 variants.
    Prepared data for serialisation in 0.00s
  Pass FORWARD_DELTA (fp, d3d11) finished in 0.02 seconds. Local cache hits 10 (0.08s CPU time), remote cache hits 0 (0.00s CPU time), compiled 0 variants (0.00s CPU time), skipped 0 variants.
    Prepared data for serialisation in 0.00s
  Pass ShadowCaster (vp, d3d11) finished in 0.01 seconds. Local cache hits 2 (0.00s CPU time), remote cache hits 0 (0.00s CPU time), compiled 0 variants (0.00s CPU time), skipped 0 variants.
    Prepared data for serialisation in 0.00s
  Pass ShadowCaster (fp, d3d11) finished in 0.01 seconds. Local cache hits 2 (0.01s CPU time), remote cache hits 0 (0.00s CPU time), compiled 0 variants (0.00s CPU time), skipped 0 variants.
    Prepared data for serialisation in 0.00s
Serialized binary data for shader Standard (Specular setup) in 0.00s
    d3d11 (total internal programs: 98, unique: 82)
Compiling shader "Skybox/Cubemap"
  Pass "" (vp)
    Target graphics API: d3d11
    Full variant space:         1
    After settings filtering:   1
    After built-in stripping:   1
    After scriptable stripping: 1
    Processed in 0.00 seconds
  Pass "" (fp)
    Target graphics API: d3d11
    Full variant space:         1
    After settings filtering:   1
    After built-in stripping:   1
    After scriptable stripping: 1
    Processed in 0.00 seconds
  Pass  (vp, d3d11) finished in 0.01 seconds. Local cache hits 1 (0.01s CPU time), remote cache hits 0 (0.00s CPU time), compiled 0 variants (0.00s CPU time), skipped 0 variants.
    Prepared data for serialisation in 0.00s
  Pass  (fp, d3d11) finished in 0.01 seconds. Local cache hits 1 (0.01s CPU time), remote cache hits 0 (0.00s CPU time), compiled 0 variants (0.00s CPU time), skipped 0 variants.
    Prepared data for serialisation in 0.00s
Serialized binary data for shader Skybox/Cubemap in 0.00s
    d3d11 (total internal programs: 2, unique: 2)
Compiling shader "Hidden/Sentis/ReduceExpBias"
  Pass "" (vp)
    Target graphics API: d3d11
    Full variant space:         1
    After settings filtering:   1
    After built-in stripping:   1
    After scriptable stripping: 1
    Processed in 0.00 seconds
  Pass "" (fp)
    Target graphics API: d3d11
    Full variant space:         1
    After settings filtering:   1
    After built-in stripping:   1
    After scriptable stripping: 1
    Processed in 0.00 seconds
  Pass  (vp, d3d11) finished in 0.00 seconds. Local cache hits 1 (0.00s CPU time), remote cache hits 0 (0.00s CPU time), compiled 0 variants (0.00s CPU time), skipped 0 variants.
    Prepared data for serialisation in 0.00s
  Pass  (fp, d3d11) finished in 0.01 seconds. Local cache hits 1 (0.01s CPU time), remote cache hits 0 (0.00s CPU time), compiled 0 variants (0.00s CPU time), skipped 0 variants.
    Prepared data for serialisation in 0.00s
Serialized binary data for shader Hidden/Sentis/ReduceExpBias in 0.00s
    d3d11 (total internal programs: 2, unique: 2)
Compiling shader "Hidden/Sentis/Activation"
  Pass "" (vp)
    Target graphics API: d3d11
    Full variant space:         49
    After settings filtering:   49
    After built-in stripping:   49
    After scriptable stripping: 49
    Processed in 0.00 seconds
  Pass "" (fp)
    Target graphics API: d3d11
    Full variant space:         49
    After settings filtering:   49
    After built-in stripping:   49
    After scriptable stripping: 49
    Processed in 0.00 seconds
  Pass  (vp, d3d11) finished in 0.03 seconds. Local cache hits 49 (0.44s CPU time), remote cache hits 0 (0.00s CPU time), compiled 0 variants (0.00s CPU time), skipped 0 variants.
    Prepared data for serialisation in 0.00s
  Pass  (fp, d3d11) finished in 0.05 seconds. Local cache hits 49 (0.43s CPU time), remote cache hits 0 (0.00s CPU time), compiled 0 variants (0.00s CPU time), skipped 0 variants.
    Prepared data for serialisation in 0.00s
Serialized binary data for shader Hidden/Sentis/Activation in 0.00s
    d3d11 (total internal programs: 98, unique: 98)
Compiling shader "Hidden/Sentis/Dense"
  Pass "" (vp)
    Target graphics API: d3d11
    Full variant space:         4
    After settings filtering:   4
    After built-in stripping:   4
    After scriptable stripping: 4
    Processed in 0.00 seconds
  Pass "" (fp)
    Target graphics API: d3d11
    Full variant space:         4
    After settings filtering:   4
    After built-in stripping:   4
    After scriptable stripping: 4
    Processed in 0.00 seconds
  Pass  (vp, d3d11) finished in 0.01 seconds. Local cache hits 4 (0.02s CPU time), remote cache hits 0 (0.00s CPU time), compiled 0 variants (0.00s CPU time), skipped 0 variants.
    Prepared data for serialisation in 0.00s
  Pass  (fp, d3d11) finished in 0.01 seconds. Local cache hits 4 (0.02s CPU time), remote cache hits 0 (0.00s CPU time), compiled 0 variants (0.00s CPU time), skipped 0 variants.
    Prepared data for serialisation in 0.00s
Serialized binary data for shader Hidden/Sentis/Dense in 0.00s
    d3d11 (total internal programs: 8, unique: 8)
Compiling shader "Hidden/Sentis/Pad"
  Pass "" (vp)
    Target graphics API: d3d11
    Full variant space:         10
    After settings filtering:   10
    After built-in stripping:   10
    After scriptable stripping: 10
    Processed in 0.00 seconds
  Pass "" (fp)
    Target graphics API: d3d11
    Full variant space:         10
    After settings filtering:   10
    After built-in stripping:   10
    After scriptable stripping: 10
    Processed in 0.00 seconds
  Pass  (vp, d3d11) finished in 0.01 seconds. Local cache hits 10 (0.07s CPU time), remote cache hits 0 (0.00s CPU time), compiled 0 variants (0.00s CPU time), skipped 0 variants.
    Prepared data for serialisation in 0.00s
  Pass  (fp, d3d11) finished in 0.01 seconds. Local cache hits 10 (0.08s CPU time), remote cache hits 0 (0.00s CPU time), compiled 0 variants (0.00s CPU time), skipped 0 variants.
    Prepared data for serialisation in 0.00s
Serialized binary data for shader Hidden/Sentis/Pad in 0.00s
    d3d11 (total internal programs: 20, unique: 20)
Shader warning in 'Hidden/Sentis/Pad': integer modulus may be much slower, try using uints if possible. at Packages/com.unity.ai.inference/Runtime/Core/Resources/Sentis/PixelShaders/Pad.shader(55) (on d3d11)

Compiling Subshader: 0, Pass: , Fragment program with INT WRAP
Platform defines: SHADER_API_DESKTOP UNITY_ENABLE_DETAIL_NORMALMAP UNITY_ENABLE_REFLECTION_BUFFERS UNITY_LIGHTMAP_FULL_HDR UNITY_LIGHT_PROBE_PROXY_VOLUME UNITY_PBS_USE_BRDF1 UNITY_PLATFORM_SUPPORTS_DEPTH_FETCH UNITY_SPECCUBE_BLENDING UNITY_SPECCUBE_BOX_PROJECTION UNITY_USE_DITHER_MASK_FOR_ALPHABLENDED_SHADOWS
Disabled keywords: CONSTANT EDGE REFLECT SHADER_API_GLES30 SHADER_API_GLES31 SHADER_API_GLES32 SYMMETRIC UNITY_ASTC_NORMALMAP_ENCODING UNITY_COLORSPACE_GAMMA UNITY_FRAMEBUFFER_FETCH_AVAILABLE UNITY_HARDWARE_TIER1 UNITY_HARDWARE_TIER2 UNITY_HARDWARE_TIER3 UNITY_LIGHTMAP_DLDR_ENCODING UNITY_LIGHTMAP_RGBM_ENCODING UNITY_METAL_SHADOWS_USE_POINT_FILTERING UNITY_NO_DXT5nm UNITY_NO_SCREENSPACE_SHADOWS UNITY_PBS_USE_BRDF2 UNITY_PBS_USE_BRDF3 UNITY_PRETRANSFORM_TO_DISPLAY_ORIENTATION UNITY_UNIFIED_SHADER_PRECISION_MODEL UNITY_VIRTUAL_TEXTURING
Compiling shader "Hidden/Sentis/WindowedDFTMatrix"
  Pass "" (vp)
    Target graphics API: d3d11
    Full variant space:         8
    After settings filtering:   8
    After built-in stripping:   8
    After scriptable stripping: 8
    Processed in 0.00 seconds
  Pass "" (fp)
    Target graphics API: d3d11
    Full variant space:         8
    After settings filtering:   8
    After built-in stripping:   8
    After scriptable stripping: 8
    Processed in 0.00 seconds
  Pass  (vp, d3d11) finished in 0.01 seconds. Local cache hits 8 (0.05s CPU time), remote cache hits 0 (0.00s CPU time), compiled 0 variants (0.00s CPU time), skipped 0 variants.
    Prepared data for serialisation in 0.00s
  Pass  (fp, d3d11) finished in 0.01 seconds. Local cache hits 8 (0.04s CPU time), remote cache hits 0 (0.00s CPU time), compiled 0 variants (0.00s CPU time), skipped 0 variants.
    Prepared data for serialisation in 0.00s
Serialized binary data for shader Hidden/Sentis/WindowedDFTMatrix in 0.00s
    d3d11 (total internal programs: 16, unique: 16)
Compiling shader "Hidden/Sentis/MatMul"
  Pass "" (vp)
    Target graphics API: d3d11
    Full variant space:         1
    After settings filtering:   1
    After built-in stripping:   1
    After scriptable stripping: 1
    Processed in 0.00 seconds
  Pass "" (fp)
    Target graphics API: d3d11
    Full variant space:         1
    After settings filtering:   1
    After built-in stripping:   1
    After scriptable stripping: 1
    Processed in 0.00 seconds
  Pass  (vp, d3d11) finished in 0.00 seconds. Local cache hits 1 (0.00s CPU time), remote cache hits 0 (0.00s CPU time), compiled 0 variants (0.00s CPU time), skipped 0 variants.
    Prepared data for serialisation in 0.00s
  Pass  (fp, d3d11) finished in 0.01 seconds. Local cache hits 1 (0.01s CPU time), remote cache hits 0 (0.00s CPU time), compiled 0 variants (0.00s CPU time), skipped 0 variants.
    Prepared data for serialisation in 0.00s
Serialized binary data for shader Hidden/Sentis/MatMul in 0.00s
    d3d11 (total internal programs: 2, unique: 2)
Compiling shader "Hidden/Sentis/Transpose"
  Pass "" (vp)
    Target graphics API: d3d11
    Full variant space:         2
    After settings filtering:   2
    After built-in stripping:   2
    After scriptable stripping: 2
    Processed in 0.00 seconds
  Pass "" (fp)
    Target graphics API: d3d11
    Full variant space:         2
    After settings filtering:   2
    After built-in stripping:   2
    After scriptable stripping: 2
    Processed in 0.00 seconds
  Pass  (vp, d3d11) finished in 0.00 seconds. Local cache hits 2 (0.01s CPU time), remote cache hits 0 (0.00s CPU time), compiled 0 variants (0.00s CPU time), skipped 0 variants.
    Prepared data for serialisation in 0.00s
  Pass  (fp, d3d11) finished in 0.00 seconds. Local cache hits 2 (0.01s CPU time), remote cache hits 0 (0.00s CPU time), compiled 0 variants (0.00s CPU time), skipped 0 variants.
    Prepared data for serialisation in 0.00s
Serialized binary data for shader Hidden/Sentis/Transpose in 0.00s
    d3d11 (total internal programs: 4, unique: 4)
Compiling shader "Hidden/Sentis/ActivationInt"
  Pass "" (vp)
    Target graphics API: d3d11
    Full variant space:         6
    After settings filtering:   6
    After built-in stripping:   6
    After scriptable stripping: 6
    Processed in 0.00 seconds
  Pass "" (fp)
    Target graphics API: d3d11
    Full variant space:         6
    After settings filtering:   6
    After built-in stripping:   6
    After scriptable stripping: 6
    Processed in 0.00 seconds
  Pass  (vp, d3d11) finished in 0.01 seconds. Local cache hits 6 (0.02s CPU time), remote cache hits 0 (0.00s CPU time), compiled 0 variants (0.00s CPU time), skipped 0 variants.
    Prepared data for serialisation in 0.00s
  Pass  (fp, d3d11) finished in 0.01 seconds. Local cache hits 6 (0.03s CPU time), remote cache hits 0 (0.00s CPU time), compiled 0 variants (0.00s CPU time), skipped 0 variants.
    Prepared data for serialisation in 0.00s
Serialized binary data for shader Hidden/Sentis/ActivationInt in 0.00s
    d3d11 (total internal programs: 12, unique: 12)
Compiling shader "Hidden/Sentis/Trilu"
  Pass "" (vp)
    Target graphics API: d3d11
    Full variant space:         2
    After settings filtering:   2
    After built-in stripping:   2
    After scriptable stripping: 2
    Processed in 0.00 seconds
  Pass "" (fp)
    Target graphics API: d3d11
    Full variant space:         2
    After settings filtering:   2
    After built-in stripping:   2
    After scriptable stripping: 2
    Processed in 0.00 seconds
  Pass  (vp, d3d11) finished in 0.00 seconds. Local cache hits 2 (0.00s CPU time), remote cache hits 0 (0.00s CPU time), compiled 0 variants (0.00s CPU time), skipped 0 variants.
    Prepared data for serialisation in 0.00s
  Pass  (fp, d3d11) finished in 0.01 seconds. Local cache hits 2 (0.01s CPU time), remote cache hits 0 (0.00s CPU time), compiled 0 variants (0.00s CPU time), skipped 0 variants.
    Prepared data for serialisation in 0.00s
Serialized binary data for shader Hidden/Sentis/Trilu in 0.00s
    d3d11 (total internal programs: 4, unique: 4)
Compiling shader "Hidden/Sentis/InstanceNormalizationTail"
  Pass "" (vp)
    Target graphics API: d3d11
    Full variant space:         1
    After settings filtering:   1
    After built-in stripping:   1
    After scriptable stripping: 1
    Processed in 0.00 seconds
  Pass "" (fp)
    Target graphics API: d3d11
    Full variant space:         1
    After settings filtering:   1
    After built-in stripping:   1
    After scriptable stripping: 1
    Processed in 0.00 seconds
  Pass  (vp, d3d11) finished in 0.00 seconds. Local cache hits 1 (0.00s CPU time), remote cache hits 0 (0.00s CPU time), compiled 0 variants (0.00s CPU time), skipped 0 variants.
    Prepared data for serialisation in 0.00s
  Pass  (fp, d3d11) finished in 0.00 seconds. Local cache hits 1 (0.00s CPU time), remote cache hits 0 (0.00s CPU time), compiled 0 variants (0.00s CPU time), skipped 0 variants.
    Prepared data for serialisation in 0.00s
Serialized binary data for shader Hidden/Sentis/InstanceNormalizationTail in 0.00s
    d3d11 (total internal programs: 2, unique: 2)
Compiling shader "Hidden/Sentis/Tile"
  Pass "" (vp)
    Target graphics API: d3d11
    Full variant space:         2
    After settings filtering:   2
    After built-in stripping:   2
    After scriptable stripping: 2
    Processed in 0.00 seconds
  Pass "" (fp)
    Target graphics API: d3d11
    Full variant space:         2
    After settings filtering:   2
    After built-in stripping:   2
    After scriptable stripping: 2
    Processed in 0.00 seconds
  Pass  (vp, d3d11) finished in 0.00 seconds. Local cache hits 2 (0.00s CPU time), remote cache hits 0 (0.00s CPU time), compiled 0 variants (0.00s CPU time), skipped 0 variants.
    Prepared data for serialisation in 0.00s
  Pass  (fp, d3d11) finished in 0.01 seconds. Local cache hits 2 (0.01s CPU time), remote cache hits 0 (0.00s CPU time), compiled 0 variants (0.00s CPU time), skipped 0 variants.
    Prepared data for serialisation in 0.00s
Serialized binary data for shader Hidden/Sentis/Tile in 0.00s
    d3d11 (total internal programs: 4, unique: 4)
Compiling shader "Hidden/Sentis/TextureConversion/TensorToTexture"
  Pass "" (vp)
    Target graphics API: d3d11
    Full variant space:         12
    After settings filtering:   12
    After built-in stripping:   12
    After scriptable stripping: 12
    Processed in 0.00 seconds
  Pass "" (fp)
    Target graphics API: d3d11
    Full variant space:         12
    After settings filtering:   12
    After built-in stripping:   12
    After scriptable stripping: 12
    Processed in 0.00 seconds
  Pass  (vp, d3d11) finished in 0.01 seconds. Local cache hits 12 (0.09s CPU time), remote cache hits 0 (0.00s CPU time), compiled 0 variants (0.00s CPU time), skipped 0 variants.
    Prepared data for serialisation in 0.00s
  Pass  (fp, d3d11) finished in 0.01 seconds. Local cache hits 12 (0.11s CPU time), remote cache hits 0 (0.00s CPU time), compiled 0 variants (0.00s CPU time), skipped 0 variants.
    Prepared data for serialisation in 0.00s
Serialized binary data for shader Hidden/Sentis/TextureConversion/TensorToTexture in 0.00s
    d3d11 (total internal programs: 24, unique: 24)
Compiling shader "Hidden/Sentis/TextureTensorDataDownload"
  Pass "" (vp)
    Target graphics API: d3d11
    Full variant space:         3
    After settings filtering:   3
    After built-in stripping:   3
    After scriptable stripping: 3
    Processed in 0.00 seconds
  Pass "" (fp)
    Target graphics API: d3d11
    Full variant space:         3
    After settings filtering:   3
    After built-in stripping:   3
    After scriptable stripping: 3
    Processed in 0.00 seconds
  Pass  (vp, d3d11) finished in 0.01 seconds. Local cache hits 3 (0.02s CPU time), remote cache hits 0 (0.00s CPU time), compiled 0 variants (0.00s CPU time), skipped 0 variants.
    Prepared data for serialisation in 0.00s
  Pass  (fp, d3d11) finished in 0.01 seconds. Local cache hits 3 (0.01s CPU time), remote cache hits 0 (0.00s CPU time), compiled 0 variants (0.00s CPU time), skipped 0 variants.
    Prepared data for serialisation in 0.00s
Serialized binary data for shader Hidden/Sentis/TextureTensorDataDownload in 0.00s
    d3d11 (total internal programs: 6, unique: 6)
Compiling shader "TextMeshPro/Mobile/Distance Field - Masking"
  Pass "" (vp)
    Target graphics API: d3d11
    Full variant space:         4
    After settings filtering:   4
    After built-in stripping:   4
    After scriptable stripping: 4
    Processed in 0.00 seconds
  Pass "" (fp)
    Target graphics API: d3d11
    Full variant space:         4
    After settings filtering:   4
    After built-in stripping:   4
    After scriptable stripping: 4
    Processed in 0.00 seconds
  Pass  (vp, d3d11) finished in 0.01 seconds. Local cache hits 4 (0.02s CPU time), remote cache hits 0 (0.00s CPU time), compiled 0 variants (0.00s CPU time), skipped 0 variants.
    Prepared data for serialisation in 0.00s
  Pass  (fp, d3d11) finished in 0.01 seconds. Local cache hits 4 (0.02s CPU time), remote cache hits 0 (0.00s CPU time), compiled 0 variants (0.00s CPU time), skipped 0 variants.
    Prepared data for serialisation in 0.00s
Serialized binary data for shader TextMeshPro/Mobile/Distance Field - Masking in 0.00s
    d3d11 (total internal programs: 8, unique: 8)
Compiling shader "Hidden/Sentis/MelWeightMatrix"
  Pass "" (vp)
    Target graphics API: d3d11
    Full variant space:         1
    After settings filtering:   1
    After built-in stripping:   1
    After scriptable stripping: 1
    Processed in 0.00 seconds
  Pass "" (fp)
    Target graphics API: d3d11
    Full variant space:         1
    After settings filtering:   1
    After built-in stripping:   1
    After scriptable stripping: 1
    Processed in 0.00 seconds
  Pass  (vp, d3d11) finished in 0.00 seconds. Local cache hits 1 (0.00s CPU time), remote cache hits 0 (0.00s CPU time), compiled 0 variants (0.00s CPU time), skipped 0 variants.
    Prepared data for serialisation in 0.00s
  Pass  (fp, d3d11) finished in 0.00 seconds. Local cache hits 1 (0.00s CPU time), remote cache hits 0 (0.00s CPU time), compiled 0 variants (0.00s CPU time), skipped 0 variants.
    Prepared data for serialisation in 0.00s
Serialized binary data for shader Hidden/Sentis/MelWeightMatrix in 0.00s
    d3d11 (total internal programs: 2, unique: 2)
Compiling shader "Hidden/Sentis/CumSum"
  Pass "" (vp)
    Target graphics API: d3d11
    Full variant space:         8
    After settings filtering:   8
    After built-in stripping:   8
    After scriptable stripping: 8
    Processed in 0.00 seconds
  Pass "" (fp)
    Target graphics API: d3d11
    Full variant space:         8
    After settings filtering:   8
    After built-in stripping:   8
    After scriptable stripping: 8
    Processed in 0.00 seconds
  Pass  (vp, d3d11) finished in 0.01 seconds. Local cache hits 8 (0.06s CPU time), remote cache hits 0 (0.00s CPU time), compiled 0 variants (0.00s CPU time), skipped 0 variants.
    Prepared data for serialisation in 0.00s
  Pass  (fp, d3d11) finished in 0.01 seconds. Local cache hits 8 (0.06s CPU time), remote cache hits 0 (0.00s CPU time), compiled 0 variants (0.00s CPU time), skipped 0 variants.
    Prepared data for serialisation in 0.00s
Serialized binary data for shader Hidden/Sentis/CumSum in 0.00s
    d3d11 (total internal programs: 16, unique: 16)
Compiling shader "TextMeshPro/Distance Field"
  Pass "" (vp)
    Target graphics API: d3d11
    Full variant space:         4
    After settings filtering:   4
    After built-in stripping:   4
    After scriptable stripping: 4
    Processed in 0.00 seconds
  Pass "" (fp)
    Target graphics API: d3d11
    Full variant space:         4
    After settings filtering:   4
    After built-in stripping:   4
    After scriptable stripping: 4
    Processed in 0.00 seconds
  Pass  (vp, d3d11) finished in 0.01 seconds. Local cache hits 4 (0.02s CPU time), remote cache hits 0 (0.00s CPU time), compiled 0 variants (0.00s CPU time), skipped 0 variants.
    Prepared data for serialisation in 0.00s
  Pass  (fp, d3d11) finished in 0.01 seconds. Local cache hits 4 (0.03s CPU time), remote cache hits 0 (0.00s CPU time), compiled 0 variants (0.00s CPU time), skipped 0 variants.
    Prepared data for serialisation in 0.00s
Serialized binary data for shader TextMeshPro/Distance Field in 0.00s
    d3d11 (total internal programs: 8, unique: 8)
Compiling shader "Hidden/Sentis/Window"
  Pass "" (vp)
    Target graphics API: d3d11
    Full variant space:         3
    After settings filtering:   3
    After built-in stripping:   3
    After scriptable stripping: 3
    Processed in 0.00 seconds
  Pass "" (fp)
    Target graphics API: d3d11
    Full variant space:         3
    After settings filtering:   3
    After built-in stripping:   3
    After scriptable stripping: 3
    Processed in 0.00 seconds
  Pass  (vp, d3d11) finished in 0.01 seconds. Local cache hits 3 (0.01s CPU time), remote cache hits 0 (0.00s CPU time), compiled 0 variants (0.00s CPU time), skipped 0 variants.
    Prepared data for serialisation in 0.00s
  Pass  (fp, d3d11) finished in 0.01 seconds. Local cache hits 3 (0.02s CPU time), remote cache hits 0 (0.00s CPU time), compiled 0 variants (0.00s CPU time), skipped 0 variants.
    Prepared data for serialisation in 0.00s
Serialized binary data for shader Hidden/Sentis/Window in 0.00s
    d3d11 (total internal programs: 6, unique: 6)
Compiling shader "Hidden/Sentis/LocalResponseNormalization"
  Pass "" (vp)
    Target graphics API: d3d11
    Full variant space:         1
    After settings filtering:   1
    After built-in stripping:   1
    After scriptable stripping: 1
    Processed in 0.00 seconds
  Pass "" (fp)
    Target graphics API: d3d11
    Full variant space:         1
    After settings filtering:   1
    After built-in stripping:   1
    After scriptable stripping: 1
    Processed in 0.00 seconds
  Pass  (vp, d3d11) finished in 0.00 seconds. Local cache hits 1 (0.00s CPU time), remote cache hits 0 (0.00s CPU time), compiled 0 variants (0.00s CPU time), skipped 0 variants.
    Prepared data for serialisation in 0.00s
  Pass  (fp, d3d11) finished in 0.01 seconds. Local cache hits 1 (0.01s CPU time), remote cache hits 0 (0.00s CPU time), compiled 0 variants (0.00s CPU time), skipped 0 variants.
    Prepared data for serialisation in 0.00s
Serialized binary data for shader Hidden/Sentis/LocalResponseNormalization in 0.00s
    d3d11 (total internal programs: 2, unique: 2)
Compiling shader "Hidden/Sentis/LayerNormalizationTail"
  Pass "" (vp)
    Target graphics API: d3d11
    Full variant space:         1
    After settings filtering:   1
    After built-in stripping:   1
    After scriptable stripping: 1
    Processed in 0.00 seconds
  Pass "" (fp)
    Target graphics API: d3d11
    Full variant space:         1
    After settings filtering:   1
    After built-in stripping:   1
    After scriptable stripping: 1
    Processed in 0.00 seconds
  Pass  (vp, d3d11) finished in 0.00 seconds. Local cache hits 1 (0.00s CPU time), remote cache hits 0 (0.00s CPU time), compiled 0 variants (0.00s CPU time), skipped 0 variants.
    Prepared data for serialisation in 0.00s
  Pass  (fp, d3d11) finished in 0.01 seconds. Local cache hits 1 (0.01s CPU time), remote cache hits 0 (0.00s CPU time), compiled 0 variants (0.00s CPU time), skipped 0 variants.
    Prepared data for serialisation in 0.00s
Serialized binary data for shader Hidden/Sentis/LayerNormalizationTail in 0.00s
    d3d11 (total internal programs: 2, unique: 2)
Compiling shader "TextMeshPro/Bitmap Custom Atlas"
  Pass "" (vp)
    Target graphics API: d3d11
    Full variant space:         4
    After settings filtering:   4
    After built-in stripping:   4
    After scriptable stripping: 4
    Processed in 0.00 seconds
  Pass "" (fp)
    Target graphics API: d3d11
    Full variant space:         4
    After settings filtering:   4
    After built-in stripping:   4
    After scriptable stripping: 4
    Processed in 0.00 seconds
  Pass  (vp, d3d11) finished in 0.01 seconds. Local cache hits 4 (0.02s CPU time), remote cache hits 0 (0.00s CPU time), compiled 0 variants (0.00s CPU time), skipped 0 variants.
    Prepared data for serialisation in 0.00s
  Pass  (fp, d3d11) finished in 0.01 seconds. Local cache hits 4 (0.03s CPU time), remote cache hits 0 (0.00s CPU time), compiled 0 variants (0.00s CPU time), skipped 0 variants.
    Prepared data for serialisation in 0.00s
Serialized binary data for shader TextMeshPro/Bitmap Custom Atlas in 0.00s
    d3d11 (total internal programs: 8, unique: 8)
Compiling shader "Hidden/Sentis/IsInfNaN"
  Pass "" (vp)
    Target graphics API: d3d11
    Full variant space:         2
    After settings filtering:   2
    After built-in stripping:   2
    After scriptable stripping: 2
    Processed in 0.00 seconds
  Pass "" (fp)
    Target graphics API: d3d11
    Full variant space:         2
    After settings filtering:   2
    After built-in stripping:   2
    After scriptable stripping: 2
    Processed in 0.00 seconds
  Pass  (vp, d3d11) finished in 0.01 seconds. Local cache hits 2 (0.01s CPU time), remote cache hits 0 (0.00s CPU time), compiled 0 variants (0.00s CPU time), skipped 0 variants.
    Prepared data for serialisation in 0.00s
  Pass  (fp, d3d11) finished in 0.01 seconds. Local cache hits 2 (0.01s CPU time), remote cache hits 0 (0.00s CPU time), compiled 0 variants (0.00s CPU time), skipped 0 variants.
    Prepared data for serialisation in 0.00s
Serialized binary data for shader Hidden/Sentis/IsInfNaN in 0.00s
    d3d11 (total internal programs: 4, unique: 4)
Compiling shader "Hidden/Sentis/GatherElements"
  Pass "" (vp)
    Target graphics API: d3d11
    Full variant space:         4
    After settings filtering:   4
    After built-in stripping:   4
    After scriptable stripping: 4
    Processed in 0.00 seconds
  Pass "" (fp)
    Target graphics API: d3d11
    Full variant space:         4
    After settings filtering:   4
    After built-in stripping:   4
    After scriptable stripping: 4
    Processed in 0.00 seconds
  Pass  (vp, d3d11) finished in 0.01 seconds. Local cache hits 4 (0.02s CPU time), remote cache hits 0 (0.00s CPU time), compiled 0 variants (0.00s CPU time), skipped 0 variants.
    Prepared data for serialisation in 0.00s
  Pass  (fp, d3d11) finished in 0.01 seconds. Local cache hits 4 (0.02s CPU time), remote cache hits 0 (0.00s CPU time), compiled 0 variants (0.00s CPU time), skipped 0 variants.
    Prepared data for serialisation in 0.00s
Serialized binary data for shader Hidden/Sentis/GatherElements in 0.00s
    d3d11 (total internal programs: 8, unique: 8)
Compiling shader "Hidden/Core/FallbackError"
  Pass "" (vp)
    Target graphics API: d3d11
    Full variant space:         3
    After settings filtering:   3
    After built-in stripping:   1
    After scriptable stripping: 1
    Processed in 0.00 seconds
  Pass "" (fp)
    Target graphics API: d3d11
    Full variant space:         3
    After settings filtering:   3
    After built-in stripping:   1
    After scriptable stripping: 1
    Processed in 0.00 seconds
  Pass  (vp, d3d11) finished in 0.00 seconds. Local cache hits 1 (0.00s CPU time), remote cache hits 0 (0.00s CPU time), compiled 0 variants (0.00s CPU time), skipped 0 variants.
    Prepared data for serialisation in 0.00s
  Pass  (fp, d3d11) finished in 0.01 seconds. Local cache hits 1 (0.01s CPU time), remote cache hits 0 (0.00s CPU time), compiled 0 variants (0.00s CPU time), skipped 0 variants.
    Prepared data for serialisation in 0.00s
Serialized binary data for shader Hidden/Core/FallbackError in 0.00s
    d3d11 (total internal programs: 2, unique: 2)
Compiling shader "TextMeshPro/Mobile/Distance Field Overlay"
  Pass "" (vp)
    Target graphics API: d3d11
    Full variant space:         4
    After settings filtering:   4
    After built-in stripping:   4
    After scriptable stripping: 4
    Processed in 0.00 seconds
  Pass "" (fp)
    Target graphics API: d3d11
    Full variant space:         4
    After settings filtering:   4
    After built-in stripping:   4
    After scriptable stripping: 4
    Processed in 0.00 seconds
  Pass  (vp, d3d11) finished in 0.01 seconds. Local cache hits 4 (0.03s CPU time), remote cache hits 0 (0.00s CPU time), compiled 0 variants (0.00s CPU time), skipped 0 variants.
    Prepared data for serialisation in 0.00s
  Pass  (fp, d3d11) finished in 0.01 seconds. Local cache hits 4 (0.02s CPU time), remote cache hits 0 (0.00s CPU time), compiled 0 variants (0.00s CPU time), skipped 0 variants.
    Prepared data for serialisation in 0.00s
Serialized binary data for shader TextMeshPro/Mobile/Distance Field Overlay in 0.00s
    d3d11 (total internal programs: 8, unique: 8)
Compiling shader "TextMeshPro/Mobile/Bitmap"
  Pass "" (vp)
    Target graphics API: d3d11
    Full variant space:         4
    After settings filtering:   4
    After built-in stripping:   4
    After scriptable stripping: 4
    Processed in 0.00 seconds
  Pass "" (fp)
    Target graphics API: d3d11
    Full variant space:         4
    After settings filtering:   4
    After built-in stripping:   4
    After scriptable stripping: 4
    Processed in 0.00 seconds
  Pass "" (vp)
    Target graphics API: d3d11
    Full variant space:         1
    After settings filtering:   1
    After built-in stripping:   1
    After scriptable stripping: 1
    Processed in 0.00 seconds
  Pass "" (fp)
    Target graphics API: d3d11
    Full variant space:         1
    After settings filtering:   1
    After built-in stripping:   1
    After scriptable stripping: 1
    Processed in 0.00 seconds
  Pass  (vp, d3d11) finished in 0.01 seconds. Local cache hits 4 (0.03s CPU time), remote cache hits 0 (0.00s CPU time), compiled 0 variants (0.00s CPU time), skipped 0 variants.
    Prepared data for serialisation in 0.00s
  Pass  (fp, d3d11) finished in 0.01 seconds. Local cache hits 4 (0.03s CPU time), remote cache hits 0 (0.00s CPU time), compiled 0 variants (0.00s CPU time), skipped 0 variants.
    Prepared data for serialisation in 0.00s
  Pass  (vp, d3d11) finished in 0.01 seconds. Local cache hits 1 (0.01s CPU time), remote cache hits 0 (0.00s CPU time), compiled 0 variants (0.00s CPU time), skipped 0 variants.
    Prepared data for serialisation in 0.00s
  Pass  (fp, d3d11) finished in 0.01 seconds. Local cache hits 1 (0.01s CPU time), remote cache hits 0 (0.00s CPU time), compiled 0 variants (0.00s CPU time), skipped 0 variants.
    Prepared data for serialisation in 0.00s
Serialized binary data for shader TextMeshPro/Mobile/Bitmap in 0.00s
    d3d11 (total internal programs: 10, unique: 10)
Compiling shader "Hidden/Sentis/TextureConversion/TextureToTensor"
  Pass "" (vp)
    Target graphics API: d3d11
    Full variant space:         12
    After settings filtering:   12
    After built-in stripping:   12
    After scriptable stripping: 12
    Processed in 0.00 seconds
  Pass "" (fp)
    Target graphics API: d3d11
    Full variant space:         12
    After settings filtering:   12
    After built-in stripping:   12
    After scriptable stripping: 12
    Processed in 0.00 seconds
  Pass  (vp, d3d11) finished in 0.01 seconds. Local cache hits 12 (0.07s CPU time), remote cache hits 0 (0.00s CPU time), compiled 0 variants (0.00s CPU time), skipped 0 variants.
    Prepared data for serialisation in 0.00s
  Pass  (fp, d3d11) finished in 0.02 seconds. Local cache hits 12 (0.11s CPU time), remote cache hits 0 (0.00s CPU time), compiled 0 variants (0.00s CPU time), skipped 0 variants.
    Prepared data for serialisation in 0.00s
Serialized binary data for shader Hidden/Sentis/TextureConversion/TextureToTensor in 0.00s
    d3d11 (total internal programs: 24, unique: 24)
Compiling shader "TextMeshPro/Distance Field (Surface)"
  Pass "FORWARD" (vp)
    Target graphics API: d3d11
    Full variant space:         24
    After settings filtering:   24
    After built-in stripping:   3
    After scriptable stripping: 3
    Processed in 0.00 seconds
  Pass "FORWARD" (fp)
    Target graphics API: d3d11
    Full variant space:         16
    After settings filtering:   16
    After built-in stripping:   2
    After scriptable stripping: 2
    Processed in 0.00 seconds
  Pass "FORWARD" (vp)
    Target graphics API: d3d11
    Full variant space:         20
    After settings filtering:   20
    After built-in stripping:   5
    After scriptable stripping: 5
    Processed in 0.00 seconds
  Pass "FORWARD" (fp)
    Target graphics API: d3d11
    Full variant space:         20
    After settings filtering:   20
    After built-in stripping:   5
    After scriptable stripping: 5
    Processed in 0.00 seconds
  Pass "Caster" (vp)
    Target graphics API: d3d11
    Full variant space:         2
    After settings filtering:   2
    After built-in stripping:   2
    After scriptable stripping: 2
    Processed in 0.00 seconds
  Pass "Caster" (fp)
    Target graphics API: d3d11
    Full variant space:         2
    After settings filtering:   2
    After built-in stripping:   2
    After scriptable stripping: 2
    Processed in 0.00 seconds
  Pass FORWARD (vp, d3d11) finished in 0.01 seconds. Local cache hits 3 (0.02s CPU time), remote cache hits 0 (0.00s CPU time), compiled 0 variants (0.00s CPU time), skipped 0 variants.
    Prepared data for serialisation in 0.00s
  Pass FORWARD (fp, d3d11) finished in 0.01 seconds. Local cache hits 2 (0.01s CPU time), remote cache hits 0 (0.00s CPU time), compiled 0 variants (0.00s CPU time), skipped 0 variants.
    Prepared data for serialisation in 0.00s
  Pass FORWARD (vp, d3d11) finished in 0.01 seconds. Local cache hits 5 (0.04s CPU time), remote cache hits 0 (0.00s CPU time), compiled 0 variants (0.00s CPU time), skipped 0 variants.
    Prepared data for serialisation in 0.00s
  Pass FORWARD (fp, d3d11) finished in 0.01 seconds. Local cache hits 5 (0.03s CPU time), remote cache hits 0 (0.00s CPU time), compiled 0 variants (0.00s CPU time), skipped 0 variants.
    Prepared data for serialisation in 0.00s
  Pass Caster (vp, d3d11) finished in 0.01 seconds. Local cache hits 2 (0.01s CPU time), remote cache hits 0 (0.00s CPU time), compiled 0 variants (0.00s CPU time), skipped 0 variants.
    Prepared data for serialisation in 0.00s
  Pass Caster (fp, d3d11) finished in 0.01 seconds. Local cache hits 2 (0.02s CPU time), remote cache hits 0 (0.00s CPU time), compiled 0 variants (0.00s CPU time), skipped 0 variants.
    Prepared data for serialisation in 0.00s
Serialized binary data for shader TextMeshPro/Distance Field (Surface) in 0.00s
    d3d11 (total internal programs: 19, unique: 19)
Compiling shader "Hidden/Sentis/DepthwiseConv"
  Pass "" (vp)
    Target graphics API: d3d11
    Full variant space:         12
    After settings filtering:   12
    After built-in stripping:   12
    After scriptable stripping: 12
    Processed in 0.00 seconds
  Pass "" (fp)
    Target graphics API: d3d11
    Full variant space:         12
    After settings filtering:   12
    After built-in stripping:   12
    After scriptable stripping: 12
    Processed in 0.00 seconds
  Pass  (vp, d3d11) finished in 0.01 seconds. Local cache hits 12 (0.09s CPU time), remote cache hits 0 (0.00s CPU time), compiled 0 variants (0.00s CPU time), skipped 0 variants.
    Prepared data for serialisation in 0.00s
  Pass  (fp, d3d11) finished in 0.02 seconds. Local cache hits 12 (0.10s CPU time), remote cache hits 0 (0.00s CPU time), compiled 0 variants (0.00s CPU time), skipped 0 variants.
    Prepared data for serialisation in 0.00s
Serialized binary data for shader Hidden/Sentis/DepthwiseConv in 0.00s
    d3d11 (total internal programs: 24, unique: 24)
Compiling shader "Hidden/Sentis/ConvTranspose"
  Pass "" (vp)
    Target graphics API: d3d11
    Full variant space:         648
    After settings filtering:   648
    After built-in stripping:   648
    After scriptable stripping: 648
    Processed in 0.00 seconds
  Pass "" (fp)
    Target graphics API: d3d11
    Full variant space:         648
    After settings filtering:   648
    After built-in stripping:   648
    After scriptable stripping: 648
    Processed in 0.00 seconds
  Pass  (vp, d3d11) finished in 0.62 seconds. Local cache hits 648 (6.06s CPU time), remote cache hits 0 (0.00s CPU time), compiled 0 variants (0.00s CPU time), skipped 0 variants.
    Prepared data for serialisation in 0.00s
  Pass  (fp, d3d11) finished in 0.34 seconds. Local cache hits 648 (6.22s CPU time), remote cache hits 0 (0.00s CPU time), compiled 0 variants (0.00s CPU time), skipped 0 variants.
    Prepared data for serialisation in 0.00s
Serialized binary data for shader Hidden/Sentis/ConvTranspose in 0.00s
    d3d11 (total internal programs: 1296, unique: 1296)
Shader warning in 'Hidden/Sentis/ConvTranspose': integer modulus may be much slower, try using uints if possible. at Packages/com.unity.ai.inference/Runtime/Core/Resources/Sentis/PixelShaders/ConvTranspose.shader(215) (on d3d11)

Compiling Subshader: 0, Pass: , Fragment program with CONVTRANSPOSE2D DILATIONX_GT_STRIDE DILATIONZ_GT_STRIDE NONE
Platform defines: SHADER_API_DESKTOP UNITY_ENABLE_DETAIL_NORMALMAP UNITY_ENABLE_REFLECTION_BUFFERS UNITY_LIGHTMAP_FULL_HDR UNITY_LIGHT_PROBE_PROXY_VOLUME UNITY_PBS_USE_BRDF1 UNITY_PLATFORM_SUPPORTS_DEPTH_FETCH UNITY_SPECCUBE_BLENDING UNITY_SPECCUBE_BOX_PROJECTION UNITY_USE_DITHER_MASK_FOR_ALPHABLENDED_SHADOWS
Disabled keywords: CONVTRANSPOSE1D CONVTRANSPOSE3D DILATIONX_GT_ONE_LTE_STRIDE DILATIONY_GT_ONE_LTE_STRIDE DILATIONY_GT_STRIDE DILATIONZ_GT_ONE_LTE_STRIDE GROUPS_ENABLED RELU SHADER_API_GLES30 SHADER_API_GLES31 SHADER_API_GLES32 UNITY_ASTC_NORMALMAP_ENCODING UNITY_COLORSPACE_GAMMA UNITY_FRAMEBUFFER_FETCH_AVAILABLE UNITY_HARDWARE_TIER1 UNITY_HARDWARE_TIER2 UNITY_HARDWARE_TIER3 UNITY_LIGHTMAP_DLDR_ENCODING UNITY_LIGHTMAP_RGBM_ENCODING UNITY_METAL_SHADOWS_USE_POINT_FILTERING UNITY_NO_DXT5nm UNITY_NO_SCREENSPACE_SHADOWS UNITY_PBS_USE_BRDF2 UNITY_PBS_USE_BRDF3 UNITY_PRETRANSFORM_TO_DISPLAY_ORIENTATION UNITY_UNIFIED_SHADER_PRECISION_MODEL UNITY_VIRTUAL_TEXTURING USEBIAS
Shader warning in 'Hidden/Sentis/ConvTranspose': integer modulus may be much slower, try using uints if possible. at Packages/com.unity.ai.inference/Runtime/Core/Resources/Sentis/PixelShaders/ConvTranspose.shader(218) (on d3d11)

Compiling Subshader: 0, Pass: , Fragment program with CONVTRANSPOSE2D DILATIONX_GT_STRIDE DILATIONZ_GT_STRIDE NONE
Platform defines: SHADER_API_DESKTOP UNITY_ENABLE_DETAIL_NORMALMAP UNITY_ENABLE_REFLECTION_BUFFERS UNITY_LIGHTMAP_FULL_HDR UNITY_LIGHT_PROBE_PROXY_VOLUME UNITY_PBS_USE_BRDF1 UNITY_PLATFORM_SUPPORTS_DEPTH_FETCH UNITY_SPECCUBE_BLENDING UNITY_SPECCUBE_BOX_PROJECTION UNITY_USE_DITHER_MASK_FOR_ALPHABLENDED_SHADOWS
Disabled keywords: CONVTRANSPOSE1D CONVTRANSPOSE3D DILATIONX_GT_ONE_LTE_STRIDE DILATIONY_GT_ONE_LTE_STRIDE DILATIONY_GT_STRIDE DILATIONZ_GT_ONE_LTE_STRIDE GROUPS_ENABLED RELU SHADER_API_GLES30 SHADER_API_GLES31 SHADER_API_GLES32 UNITY_ASTC_NORMALMAP_ENCODING UNITY_COLORSPACE_GAMMA UNITY_FRAMEBUFFER_FETCH_AVAILABLE UNITY_HARDWARE_TIER1 UNITY_HARDWARE_TIER2 UNITY_HARDWARE_TIER3 UNITY_LIGHTMAP_DLDR_ENCODING UNITY_LIGHTMAP_RGBM_ENCODING UNITY_METAL_SHADOWS_USE_POINT_FILTERING UNITY_NO_DXT5nm UNITY_NO_SCREENSPACE_SHADOWS UNITY_PBS_USE_BRDF2 UNITY_PBS_USE_BRDF3 UNITY_PRETRANSFORM_TO_DISPLAY_ORIENTATION UNITY_UNIFIED_SHADER_PRECISION_MODEL UNITY_VIRTUAL_TEXTURING USEBIAS
Shader warning in 'Hidden/Sentis/ConvTranspose': integer modulus may be much slower, try using uints if possible. at Packages/com.unity.ai.inference/Runtime/Core/Resources/Sentis/PixelShaders/ConvTranspose.shader(256) (on d3d11)

Compiling Subshader: 0, Pass: , Fragment program with CONVTRANSPOSE2D DILATIONX_GT_STRIDE DILATIONY_GT_STRIDE DILATIONZ_GT_ONE_LTE_STRIDE NONE USEBIAS
Platform defines: SHADER_API_DESKTOP UNITY_ENABLE_DETAIL_NORMALMAP UNITY_ENABLE_REFLECTION_BUFFERS UNITY_LIGHTMAP_FULL_HDR UNITY_LIGHT_PROBE_PROXY_VOLUME UNITY_PBS_USE_BRDF1 UNITY_PLATFORM_SUPPORTS_DEPTH_FETCH UNITY_SPECCUBE_BLENDING UNITY_SPECCUBE_BOX_PROJECTION UNITY_USE_DITHER_MASK_FOR_ALPHABLENDED_SHADOWS
Disabled keywords: CONVTRANSPOSE1D CONVTRANSPOSE3D DILATIONX_GT_ONE_LTE_STRIDE DILATIONY_GT_ONE_LTE_STRIDE DILATIONZ_GT_STRIDE GROUPS_ENABLED RELU SHADER_API_GLES30 SHADER_API_GLES31 SHADER_API_GLES32 UNITY_ASTC_NORMALMAP_ENCODING UNITY_COLORSPACE_GAMMA UNITY_FRAMEBUFFER_FETCH_AVAILABLE UNITY_HARDWARE_TIER1 UNITY_HARDWARE_TIER2 UNITY_HARDWARE_TIER3 UNITY_LIGHTMAP_DLDR_ENCODING UNITY_LIGHTMAP_RGBM_ENCODING UNITY_METAL_SHADOWS_USE_POINT_FILTERING UNITY_NO_DXT5nm UNITY_NO_SCREENSPACE_SHADOWS UNITY_PBS_USE_BRDF2 UNITY_PBS_USE_BRDF3 UNITY_PRETRANSFORM_TO_DISPLAY_ORIENTATION UNITY_UNIFIED_SHADER_PRECISION_MODEL UNITY_VIRTUAL_TEXTURING
Shader warning in 'Hidden/Sentis/ConvTranspose': integer modulus may be much slower, try using uints if possible. at Packages/com.unity.ai.inference/Runtime/Core/Resources/Sentis/PixelShaders/ConvTranspose.shader(259) (on d3d11)

Compiling Subshader: 0, Pass: , Fragment program with CONVTRANSPOSE2D DILATIONX_GT_STRIDE DILATIONY_GT_STRIDE DILATIONZ_GT_ONE_LTE_STRIDE NONE USEBIAS
Platform defines: SHADER_API_DESKTOP UNITY_ENABLE_DETAIL_NORMALMAP UNITY_ENABLE_REFLECTION_BUFFERS UNITY_LIGHTMAP_FULL_HDR UNITY_LIGHT_PROBE_PROXY_VOLUME UNITY_PBS_USE_BRDF1 UNITY_PLATFORM_SUPPORTS_DEPTH_FETCH UNITY_SPECCUBE_BLENDING UNITY_SPECCUBE_BOX_PROJECTION UNITY_USE_DITHER_MASK_FOR_ALPHABLENDED_SHADOWS
Disabled keywords: CONVTRANSPOSE1D CONVTRANSPOSE3D DILATIONX_GT_ONE_LTE_STRIDE DILATIONY_GT_ONE_LTE_STRIDE DILATIONZ_GT_STRIDE GROUPS_ENABLED RELU SHADER_API_GLES30 SHADER_API_GLES31 SHADER_API_GLES32 UNITY_ASTC_NORMALMAP_ENCODING UNITY_COLORSPACE_GAMMA UNITY_FRAMEBUFFER_FETCH_AVAILABLE UNITY_HARDWARE_TIER1 UNITY_HARDWARE_TIER2 UNITY_HARDWARE_TIER3 UNITY_LIGHTMAP_DLDR_ENCODING UNITY_LIGHTMAP_RGBM_ENCODING UNITY_METAL_SHADOWS_USE_POINT_FILTERING UNITY_NO_DXT5nm UNITY_NO_SCREENSPACE_SHADOWS UNITY_PBS_USE_BRDF2 UNITY_PBS_USE_BRDF3 UNITY_PRETRANSFORM_TO_DISPLAY_ORIENTATION UNITY_UNIFIED_SHADER_PRECISION_MODEL UNITY_VIRTUAL_TEXTURING
Shader warning in 'Hidden/Sentis/ConvTranspose': integer modulus may be much slower, try using uints if possible. at Packages/com.unity.ai.inference/Runtime/Core/Resources/Sentis/PixelShaders/ConvTranspose.shader(296) (on d3d11)

Compiling Subshader: 0, Pass: , Fragment program with CONVTRANSPOSE3D DILATIONY_GT_STRIDE DILATIONZ_GT_STRIDE NONE
Platform defines: SHADER_API_DESKTOP UNITY_ENABLE_DETAIL_NORMALMAP UNITY_ENABLE_REFLECTION_BUFFERS UNITY_LIGHTMAP_FULL_HDR UNITY_LIGHT_PROBE_PROXY_VOLUME UNITY_PBS_USE_BRDF1 UNITY_PLATFORM_SUPPORTS_DEPTH_FETCH UNITY_SPECCUBE_BLENDING UNITY_SPECCUBE_BOX_PROJECTION UNITY_USE_DITHER_MASK_FOR_ALPHABLENDED_SHADOWS
Disabled keywords: CONVTRANSPOSE1D CONVTRANSPOSE2D DILATIONX_GT_ONE_LTE_STRIDE DILATIONX_GT_STRIDE DILATIONY_GT_ONE_LTE_STRIDE DILATIONZ_GT_ONE_LTE_STRIDE GROUPS_ENABLED RELU SHADER_API_GLES30 SHADER_API_GLES31 SHADER_API_GLES32 UNITY_ASTC_NORMALMAP_ENCODING UNITY_COLORSPACE_GAMMA UNITY_FRAMEBUFFER_FETCH_AVAILABLE UNITY_HARDWARE_TIER1 UNITY_HARDWARE_TIER2 UNITY_HARDWARE_TIER3 UNITY_LIGHTMAP_DLDR_ENCODING UNITY_LIGHTMAP_RGBM_ENCODING UNITY_METAL_SHADOWS_USE_POINT_FILTERING UNITY_NO_DXT5nm UNITY_NO_SCREENSPACE_SHADOWS UNITY_PBS_USE_BRDF2 UNITY_PBS_USE_BRDF3 UNITY_PRETRANSFORM_TO_DISPLAY_ORIENTATION UNITY_UNIFIED_SHADER_PRECISION_MODEL UNITY_VIRTUAL_TEXTURING USEBIAS
Shader warning in 'Hidden/Sentis/ConvTranspose': integer modulus may be much slower, try using uints if possible. at Packages/com.unity.ai.inference/Runtime/Core/Resources/Sentis/PixelShaders/ConvTranspose.shader(299) (on d3d11)

Compiling Subshader: 0, Pass: , Fragment program with CONVTRANSPOSE3D DILATIONY_GT_STRIDE DILATIONZ_GT_STRIDE NONE
Platform defines: SHADER_API_DESKTOP UNITY_ENABLE_DETAIL_NORMALMAP UNITY_ENABLE_REFLECTION_BUFFERS UNITY_LIGHTMAP_FULL_HDR UNITY_LIGHT_PROBE_PROXY_VOLUME UNITY_PBS_USE_BRDF1 UNITY_PLATFORM_SUPPORTS_DEPTH_FETCH UNITY_SPECCUBE_BLENDING UNITY_SPECCUBE_BOX_PROJECTION UNITY_USE_DITHER_MASK_FOR_ALPHABLENDED_SHADOWS
Disabled keywords: CONVTRANSPOSE1D CONVTRANSPOSE2D DILATIONX_GT_ONE_LTE_STRIDE DILATIONX_GT_STRIDE DILATIONY_GT_ONE_LTE_STRIDE DILATIONZ_GT_ONE_LTE_STRIDE GROUPS_ENABLED RELU SHADER_API_GLES30 SHADER_API_GLES31 SHADER_API_GLES32 UNITY_ASTC_NORMALMAP_ENCODING UNITY_COLORSPACE_GAMMA UNITY_FRAMEBUFFER_FETCH_AVAILABLE UNITY_HARDWARE_TIER1 UNITY_HARDWARE_TIER2 UNITY_HARDWARE_TIER3 UNITY_LIGHTMAP_DLDR_ENCODING UNITY_LIGHTMAP_RGBM_ENCODING UNITY_METAL_SHADOWS_USE_POINT_FILTERING UNITY_NO_DXT5nm UNITY_NO_SCREENSPACE_SHADOWS UNITY_PBS_USE_BRDF2 UNITY_PBS_USE_BRDF3 UNITY_PRETRANSFORM_TO_DISPLAY_ORIENTATION UNITY_UNIFIED_SHADER_PRECISION_MODEL UNITY_VIRTUAL_TEXTURING USEBIAS
Compressed shader 'Hidden/Sentis/ConvTranspose' on d3d11 from 5.67MB to 0.17MB
Compressed shader 'Hidden/Sentis/ConvTranspose' in 0.04s
Compiling shader "Hidden/Sentis/DepthToSpace"
  Pass "" (vp)
    Target graphics API: d3d11
    Full variant space:         4
    After settings filtering:   4
    After built-in stripping:   4
    After scriptable stripping: 4
    Processed in 0.00 seconds
  Pass "" (fp)
    Target graphics API: d3d11
    Full variant space:         4
    After settings filtering:   4
    After built-in stripping:   4
    After scriptable stripping: 4
    Processed in 0.00 seconds
  Pass  (vp, d3d11) finished in 0.01 seconds. Local cache hits 4 (0.02s CPU time), remote cache hits 0 (0.00s CPU time), compiled 0 variants (0.00s CPU time), skipped 0 variants.
    Prepared data for serialisation in 0.00s
  Pass  (fp, d3d11) finished in 0.01 seconds. Local cache hits 4 (0.02s CPU time), remote cache hits 0 (0.00s CPU time), compiled 0 variants (0.00s CPU time), skipped 0 variants.
    Prepared data for serialisation in 0.00s
Serialized binary data for shader Hidden/Sentis/DepthToSpace in 0.00s
    d3d11 (total internal programs: 8, unique: 8)
Compiling shader "TextMeshPro/Mobile/Distance Field (Surface)"
  Pass "FORWARD" (vp)
    Target graphics API: d3d11
    Full variant space:         24
    After settings filtering:   24
    After built-in stripping:   3
    After scriptable stripping: 3
    Processed in 0.00 seconds
  Pass "FORWARD" (fp)
    Target graphics API: d3d11
    Full variant space:         16
    After settings filtering:   16
    After built-in stripping:   2
    After scriptable stripping: 2
    Processed in 0.00 seconds
  Pass "Caster" (vp)
    Target graphics API: d3d11
    Full variant space:         2
    After settings filtering:   2
    After built-in stripping:   2
    After scriptable stripping: 2
    Processed in 0.00 seconds
  Pass "Caster" (fp)
    Target graphics API: d3d11
    Full variant space:         2
    After settings filtering:   2
    After built-in stripping:   2
    After scriptable stripping: 2
    Processed in 0.00 seconds
  Pass FORWARD (vp, d3d11) finished in 0.00 seconds. Local cache hits 3 (0.00s CPU time), remote cache hits 0 (0.00s CPU time), compiled 0 variants (0.00s CPU time), skipped 0 variants.
    Prepared data for serialisation in 0.00s
  Pass FORWARD (fp, d3d11) finished in 0.01 seconds. Local cache hits 2 (0.01s CPU time), remote cache hits 0 (0.00s CPU time), compiled 0 variants (0.00s CPU time), skipped 0 variants.
    Prepared data for serialisation in 0.00s
  Pass Caster (vp, d3d11) finished in 0.01 seconds. Local cache hits 2 (0.00s CPU time), remote cache hits 0 (0.00s CPU time), compiled 0 variants (0.00s CPU time), skipped 0 variants.
    Prepared data for serialisation in 0.00s
  Pass Caster (fp, d3d11) finished in 0.01 seconds. Local cache hits 2 (0.01s CPU time), remote cache hits 0 (0.00s CPU time), compiled 0 variants (0.00s CPU time), skipped 0 variants.
    Prepared data for serialisation in 0.00s
Serialized binary data for shader TextMeshPro/Mobile/Distance Field (Surface) in 0.00s
    d3d11 (total internal programs: 9, unique: 9)
Compiling shader "TextMeshPro/Sprite"
  Pass "" (vp)
    Target graphics API: d3d11
    Full variant space:         4
    After settings filtering:   4
    After built-in stripping:   4
    After scriptable stripping: 4
    Processed in 0.00 seconds
  Pass "" (fp)
    Target graphics API: d3d11
    Full variant space:         4
    After settings filtering:   4
    After built-in stripping:   4
    After scriptable stripping: 4
    Processed in 0.00 seconds
  Pass  (vp, d3d11) finished in 0.01 seconds. Local cache hits 4 (0.03s CPU time), remote cache hits 0 (0.00s CPU time), compiled 0 variants (0.00s CPU time), skipped 0 variants.
    Prepared data for serialisation in 0.00s
  Pass  (fp, d3d11) finished in 0.01 seconds. Local cache hits 4 (0.02s CPU time), remote cache hits 0 (0.00s CPU time), compiled 0 variants (0.00s CPU time), skipped 0 variants.
    Prepared data for serialisation in 0.00s
Serialized binary data for shader TextMeshPro/Sprite in 0.00s
    d3d11 (total internal programs: 8, unique: 8)
Compiling shader "Hidden/Sentis/SpaceToDepth"
  Pass "" (vp)
    Target graphics API: d3d11
    Full variant space:         2
    After settings filtering:   2
    After built-in stripping:   2
    After scriptable stripping: 2
    Processed in 0.00 seconds
  Pass "" (fp)
    Target graphics API: d3d11
    Full variant space:         2
    After settings filtering:   2
    After built-in stripping:   2
    After scriptable stripping: 2
    Processed in 0.00 seconds
  Pass  (vp, d3d11) finished in 0.01 seconds. Local cache hits 2 (0.01s CPU time), remote cache hits 0 (0.00s CPU time), compiled 0 variants (0.00s CPU time), skipped 0 variants.
    Prepared data for serialisation in 0.00s
  Pass  (fp, d3d11) finished in 0.01 seconds. Local cache hits 2 (0.01s CPU time), remote cache hits 0 (0.00s CPU time), compiled 0 variants (0.00s CPU time), skipped 0 variants.
    Prepared data for serialisation in 0.00s
Serialized binary data for shader Hidden/Sentis/SpaceToDepth in 0.00s
    d3d11 (total internal programs: 4, unique: 4)
Compiling shader "Hidden/Sentis/ScatterND"
  Pass "" (vp)
    Target graphics API: d3d11
    Full variant space:         20
    After settings filtering:   20
    After built-in stripping:   20
    After scriptable stripping: 20
    Processed in 0.00 seconds
  Pass "" (fp)
    Target graphics API: d3d11
    Full variant space:         20
    After settings filtering:   20
    After built-in stripping:   20
    After scriptable stripping: 20
    Processed in 0.00 seconds
  Pass  (vp, d3d11) finished in 0.02 seconds. Local cache hits 20 (0.20s CPU time), remote cache hits 0 (0.00s CPU time), compiled 0 variants (0.00s CPU time), skipped 0 variants.
    Prepared data for serialisation in 0.00s
  Pass  (fp, d3d11) finished in 0.02 seconds. Local cache hits 20 (0.17s CPU time), remote cache hits 0 (0.00s CPU time), compiled 0 variants (0.00s CPU time), skipped 0 variants.
    Prepared data for serialisation in 0.00s
Serialized binary data for shader Hidden/Sentis/ScatterND in 0.00s
    d3d11 (total internal programs: 40, unique: 40)
Shader warning in 'Hidden/Sentis/ScatterND': 'j': loop control variable conflicts with a previous declaration in the outer scope; most recent declaration will be used at Packages/com.unity.ai.inference/Runtime/Core/Resources/Sentis/PixelShaders/ScatterND.shader(72) (on d3d11)

Compiling Subshader: 0, Pass: , Vertex program with K_LARGE ReduceMul
Platform defines: SHADER_API_DESKTOP UNITY_ENABLE_DETAIL_NORMALMAP UNITY_ENABLE_REFLECTION_BUFFERS UNITY_LIGHTMAP_FULL_HDR UNITY_LIGHT_PROBE_PROXY_VOLUME UNITY_PBS_USE_BRDF1 UNITY_PLATFORM_SUPPORTS_DEPTH_FETCH UNITY_SPECCUBE_BLENDING UNITY_SPECCUBE_BOX_PROJECTION UNITY_USE_DITHER_MASK_FOR_ALPHABLENDED_SHADOWS
Disabled keywords: ReduceAdd ReduceMax ReduceMin ReduceNone SHADER_API_GLES30 SHADER_API_GLES31 SHADER_API_GLES32 ScatterInt UNITY_ASTC_NORMALMAP_ENCODING UNITY_COLORSPACE_GAMMA UNITY_FRAMEBUFFER_FETCH_AVAILABLE UNITY_HARDWARE_TIER1 UNITY_HARDWARE_TIER2 UNITY_HARDWARE_TIER3 UNITY_LIGHTMAP_DLDR_ENCODING UNITY_LIGHTMAP_RGBM_ENCODING UNITY_METAL_SHADOWS_USE_POINT_FILTERING UNITY_NO_DXT5nm UNITY_NO_SCREENSPACE_SHADOWS UNITY_PBS_USE_BRDF2 UNITY_PBS_USE_BRDF3 UNITY_PRETRANSFORM_TO_DISPLAY_ORIENTATION UNITY_UNIFIED_SHADER_PRECISION_MODEL UNITY_VIRTUAL_TEXTURING
Shader warning in 'Hidden/Sentis/ScatterND': signed/unsigned mismatch, unsigned assumed at Packages/com.unity.ai.inference/Runtime/Core/Resources/Sentis/PixelShaders/ScatterND.shader(75) (on d3d11)

Compiling Subshader: 0, Pass: , Vertex program with K_LARGE ReduceMul
Platform defines: SHADER_API_DESKTOP UNITY_ENABLE_DETAIL_NORMALMAP UNITY_ENABLE_REFLECTION_BUFFERS UNITY_LIGHTMAP_FULL_HDR UNITY_LIGHT_PROBE_PROXY_VOLUME UNITY_PBS_USE_BRDF1 UNITY_PLATFORM_SUPPORTS_DEPTH_FETCH UNITY_SPECCUBE_BLENDING UNITY_SPECCUBE_BOX_PROJECTION UNITY_USE_DITHER_MASK_FOR_ALPHABLENDED_SHADOWS
Disabled keywords: ReduceAdd ReduceMax ReduceMin ReduceNone SHADER_API_GLES30 SHADER_API_GLES31 SHADER_API_GLES32 ScatterInt UNITY_ASTC_NORMALMAP_ENCODING UNITY_COLORSPACE_GAMMA UNITY_FRAMEBUFFER_FETCH_AVAILABLE UNITY_HARDWARE_TIER1 UNITY_HARDWARE_TIER2 UNITY_HARDWARE_TIER3 UNITY_LIGHTMAP_DLDR_ENCODING UNITY_LIGHTMAP_RGBM_ENCODING UNITY_METAL_SHADOWS_USE_POINT_FILTERING UNITY_NO_DXT5nm UNITY_NO_SCREENSPACE_SHADOWS UNITY_PBS_USE_BRDF2 UNITY_PBS_USE_BRDF3 UNITY_PRETRANSFORM_TO_DISPLAY_ORIENTATION UNITY_UNIFIED_SHADER_PRECISION_MODEL UNITY_VIRTUAL_TEXTURING
Shader warning in 'Hidden/Sentis/ScatterND': signed/unsigned mismatch, unsigned assumed at Packages/com.unity.ai.inference/Runtime/Core/Resources/Sentis/PixelShaders/ScatterND.shader(77) (on d3d11)

Compiling Subshader: 0, Pass: , Vertex program with K_LARGE ReduceMul
Platform defines: SHADER_API_DESKTOP UNITY_ENABLE_DETAIL_NORMALMAP UNITY_ENABLE_REFLECTION_BUFFERS UNITY_LIGHTMAP_FULL_HDR UNITY_LIGHT_PROBE_PROXY_VOLUME UNITY_PBS_USE_BRDF1 UNITY_PLATFORM_SUPPORTS_DEPTH_FETCH UNITY_SPECCUBE_BLENDING UNITY_SPECCUBE_BOX_PROJECTION UNITY_USE_DITHER_MASK_FOR_ALPHABLENDED_SHADOWS
Disabled keywords: ReduceAdd ReduceMax ReduceMin ReduceNone SHADER_API_GLES30 SHADER_API_GLES31 SHADER_API_GLES32 ScatterInt UNITY_ASTC_NORMALMAP_ENCODING UNITY_COLORSPACE_GAMMA UNITY_FRAMEBUFFER_FETCH_AVAILABLE UNITY_HARDWARE_TIER1 UNITY_HARDWARE_TIER2 UNITY_HARDWARE_TIER3 UNITY_LIGHTMAP_DLDR_ENCODING UNITY_LIGHTMAP_RGBM_ENCODING UNITY_METAL_SHADOWS_USE_POINT_FILTERING UNITY_NO_DXT5nm UNITY_NO_SCREENSPACE_SHADOWS UNITY_PBS_USE_BRDF2 UNITY_PBS_USE_BRDF3 UNITY_PRETRANSFORM_TO_DISPLAY_ORIENTATION UNITY_UNIFIED_SHADER_PRECISION_MODEL UNITY_VIRTUAL_TEXTURING
Shader warning in 'Hidden/Sentis/ScatterND': signed/unsigned mismatch, unsigned assumed at Packages/com.unity.ai.inference/Runtime/Core/Resources/Sentis/PixelShaders/ScatterND.shader(79) (on d3d11)

Compiling Subshader: 0, Pass: , Vertex program with K_LARGE ReduceMul
Platform defines: SHADER_API_DESKTOP UNITY_ENABLE_DETAIL_NORMALMAP UNITY_ENABLE_REFLECTION_BUFFERS UNITY_LIGHTMAP_FULL_HDR UNITY_LIGHT_PROBE_PROXY_VOLUME UNITY_PBS_USE_BRDF1 UNITY_PLATFORM_SUPPORTS_DEPTH_FETCH UNITY_SPECCUBE_BLENDING UNITY_SPECCUBE_BOX_PROJECTION UNITY_USE_DITHER_MASK_FOR_ALPHABLENDED_SHADOWS
Disabled keywords: ReduceAdd ReduceMax ReduceMin ReduceNone SHADER_API_GLES30 SHADER_API_GLES31 SHADER_API_GLES32 ScatterInt UNITY_ASTC_NORMALMAP_ENCODING UNITY_COLORSPACE_GAMMA UNITY_FRAMEBUFFER_FETCH_AVAILABLE UNITY_HARDWARE_TIER1 UNITY_HARDWARE_TIER2 UNITY_HARDWARE_TIER3 UNITY_LIGHTMAP_DLDR_ENCODING UNITY_LIGHTMAP_RGBM_ENCODING UNITY_METAL_SHADOWS_USE_POINT_FILTERING UNITY_NO_DXT5nm UNITY_NO_SCREENSPACE_SHADOWS UNITY_PBS_USE_BRDF2 UNITY_PBS_USE_BRDF3 UNITY_PRETRANSFORM_TO_DISPLAY_ORIENTATION UNITY_UNIFIED_SHADER_PRECISION_MODEL UNITY_VIRTUAL_TEXTURING
Shader warning in 'Hidden/Sentis/ScatterND': signed/unsigned mismatch, unsigned assumed at Packages/com.unity.ai.inference/Runtime/Core/Resources/Sentis/PixelShaders/ScatterND.shader(81) (on d3d11)

Compiling Subshader: 0, Pass: , Vertex program with K_LARGE ReduceMul
Platform defines: SHADER_API_DESKTOP UNITY_ENABLE_DETAIL_NORMALMAP UNITY_ENABLE_REFLECTION_BUFFERS UNITY_LIGHTMAP_FULL_HDR UNITY_LIGHT_PROBE_PROXY_VOLUME UNITY_PBS_USE_BRDF1 UNITY_PLATFORM_SUPPORTS_DEPTH_FETCH UNITY_SPECCUBE_BLENDING UNITY_SPECCUBE_BOX_PROJECTION UNITY_USE_DITHER_MASK_FOR_ALPHABLENDED_SHADOWS
Disabled keywords: ReduceAdd ReduceMax ReduceMin ReduceNone SHADER_API_GLES30 SHADER_API_GLES31 SHADER_API_GLES32 ScatterInt UNITY_ASTC_NORMALMAP_ENCODING UNITY_COLORSPACE_GAMMA UNITY_FRAMEBUFFER_FETCH_AVAILABLE UNITY_HARDWARE_TIER1 UNITY_HARDWARE_TIER2 UNITY_HARDWARE_TIER3 UNITY_LIGHTMAP_DLDR_ENCODING UNITY_LIGHTMAP_RGBM_ENCODING UNITY_METAL_SHADOWS_USE_POINT_FILTERING UNITY_NO_DXT5nm UNITY_NO_SCREENSPACE_SHADOWS UNITY_PBS_USE_BRDF2 UNITY_PBS_USE_BRDF3 UNITY_PRETRANSFORM_TO_DISPLAY_ORIENTATION UNITY_UNIFIED_SHADER_PRECISION_MODEL UNITY_VIRTUAL_TEXTURING
Shader warning in 'Hidden/Sentis/ScatterND': signed/unsigned mismatch, unsigned assumed at Packages/com.unity.ai.inference/Runtime/Core/Resources/Sentis/PixelShaders/ScatterND.shader(86) (on d3d11)

Compiling Subshader: 0, Pass: , Vertex program with K_LARGE ReduceMul
Platform defines: SHADER_API_DESKTOP UNITY_ENABLE_DETAIL_NORMALMAP UNITY_ENABLE_REFLECTION_BUFFERS UNITY_LIGHTMAP_FULL_HDR UNITY_LIGHT_PROBE_PROXY_VOLUME UNITY_PBS_USE_BRDF1 UNITY_PLATFORM_SUPPORTS_DEPTH_FETCH UNITY_SPECCUBE_BLENDING UNITY_SPECCUBE_BOX_PROJECTION UNITY_USE_DITHER_MASK_FOR_ALPHABLENDED_SHADOWS
Disabled keywords: ReduceAdd ReduceMax ReduceMin ReduceNone SHADER_API_GLES30 SHADER_API_GLES31 SHADER_API_GLES32 ScatterInt UNITY_ASTC_NORMALMAP_ENCODING UNITY_COLORSPACE_GAMMA UNITY_FRAMEBUFFER_FETCH_AVAILABLE UNITY_HARDWARE_TIER1 UNITY_HARDWARE_TIER2 UNITY_HARDWARE_TIER3 UNITY_LIGHTMAP_DLDR_ENCODING UNITY_LIGHTMAP_RGBM_ENCODING UNITY_METAL_SHADOWS_USE_POINT_FILTERING UNITY_NO_DXT5nm UNITY_NO_SCREENSPACE_SHADOWS UNITY_PBS_USE_BRDF2 UNITY_PBS_USE_BRDF3 UNITY_PRETRANSFORM_TO_DISPLAY_ORIENTATION UNITY_UNIFIED_SHADER_PRECISION_MODEL UNITY_VIRTUAL_TEXTURING
Shader warning in 'Hidden/Sentis/ScatterND': signed/unsigned mismatch, unsigned assumed at Packages/com.unity.ai.inference/Runtime/Core/Resources/Sentis/PixelShaders/ScatterND.shader(88) (on d3d11)

Compiling Subshader: 0, Pass: , Vertex program with K_LARGE ReduceMul
Platform defines: SHADER_API_DESKTOP UNITY_ENABLE_DETAIL_NORMALMAP UNITY_ENABLE_REFLECTION_BUFFERS UNITY_LIGHTMAP_FULL_HDR UNITY_LIGHT_PROBE_PROXY_VOLUME UNITY_PBS_USE_BRDF1 UNITY_PLATFORM_SUPPORTS_DEPTH_FETCH UNITY_SPECCUBE_BLENDING UNITY_SPECCUBE_BOX_PROJECTION UNITY_USE_DITHER_MASK_FOR_ALPHABLENDED_SHADOWS
Disabled keywords: ReduceAdd ReduceMax ReduceMin ReduceNone SHADER_API_GLES30 SHADER_API_GLES31 SHADER_API_GLES32 ScatterInt UNITY_ASTC_NORMALMAP_ENCODING UNITY_COLORSPACE_GAMMA UNITY_FRAMEBUFFER_FETCH_AVAILABLE UNITY_HARDWARE_TIER1 UNITY_HARDWARE_TIER2 UNITY_HARDWARE_TIER3 UNITY_LIGHTMAP_DLDR_ENCODING UNITY_LIGHTMAP_RGBM_ENCODING UNITY_METAL_SHADOWS_USE_POINT_FILTERING UNITY_NO_DXT5nm UNITY_NO_SCREENSPACE_SHADOWS UNITY_PBS_USE_BRDF2 UNITY_PBS_USE_BRDF3 UNITY_PRETRANSFORM_TO_DISPLAY_ORIENTATION UNITY_UNIFIED_SHADER_PRECISION_MODEL UNITY_VIRTUAL_TEXTURING
Shader warning in 'Hidden/Sentis/ScatterND': signed/unsigned mismatch, unsigned assumed at Packages/com.unity.ai.inference/Runtime/Core/Resources/Sentis/PixelShaders/ScatterND.shader(90) (on d3d11)

Compiling Subshader: 0, Pass: , Vertex program with K_LARGE ReduceMul
Platform defines: SHADER_API_DESKTOP UNITY_ENABLE_DETAIL_NORMALMAP UNITY_ENABLE_REFLECTION_BUFFERS UNITY_LIGHTMAP_FULL_HDR UNITY_LIGHT_PROBE_PROXY_VOLUME UNITY_PBS_USE_BRDF1 UNITY_PLATFORM_SUPPORTS_DEPTH_FETCH UNITY_SPECCUBE_BLENDING UNITY_SPECCUBE_BOX_PROJECTION UNITY_USE_DITHER_MASK_FOR_ALPHABLENDED_SHADOWS
Disabled keywords: ReduceAdd ReduceMax ReduceMin ReduceNone SHADER_API_GLES30 SHADER_API_GLES31 SHADER_API_GLES32 ScatterInt UNITY_ASTC_NORMALMAP_ENCODING UNITY_COLORSPACE_GAMMA UNITY_FRAMEBUFFER_FETCH_AVAILABLE UNITY_HARDWARE_TIER1 UNITY_HARDWARE_TIER2 UNITY_HARDWARE_TIER3 UNITY_LIGHTMAP_DLDR_ENCODING UNITY_LIGHTMAP_RGBM_ENCODING UNITY_METAL_SHADOWS_USE_POINT_FILTERING UNITY_NO_DXT5nm UNITY_NO_SCREENSPACE_SHADOWS UNITY_PBS_USE_BRDF2 UNITY_PBS_USE_BRDF3 UNITY_PRETRANSFORM_TO_DISPLAY_ORIENTATION UNITY_UNIFIED_SHADER_PRECISION_MODEL UNITY_VIRTUAL_TEXTURING
Shader warning in 'Hidden/Sentis/ScatterND': signed/unsigned mismatch, unsigned assumed at Packages/com.unity.ai.inference/Runtime/Core/Resources/Sentis/PixelShaders/ScatterND.shader(92) (on d3d11)

Compiling Subshader: 0, Pass: , Vertex program with K_LARGE ReduceMul
Platform defines: SHADER_API_DESKTOP UNITY_ENABLE_DETAIL_NORMALMAP UNITY_ENABLE_REFLECTION_BUFFERS UNITY_LIGHTMAP_FULL_HDR UNITY_LIGHT_PROBE_PROXY_VOLUME UNITY_PBS_USE_BRDF1 UNITY_PLATFORM_SUPPORTS_DEPTH_FETCH UNITY_SPECCUBE_BLENDING UNITY_SPECCUBE_BOX_PROJECTION UNITY_USE_DITHER_MASK_FOR_ALPHABLENDED_SHADOWS
Disabled keywords: ReduceAdd ReduceMax ReduceMin ReduceNone SHADER_API_GLES30 SHADER_API_GLES31 SHADER_API_GLES32 ScatterInt UNITY_ASTC_NORMALMAP_ENCODING UNITY_COLORSPACE_GAMMA UNITY_FRAMEBUFFER_FETCH_AVAILABLE UNITY_HARDWARE_TIER1 UNITY_HARDWARE_TIER2 UNITY_HARDWARE_TIER3 UNITY_LIGHTMAP_DLDR_ENCODING UNITY_LIGHTMAP_RGBM_ENCODING UNITY_METAL_SHADOWS_USE_POINT_FILTERING UNITY_NO_DXT5nm UNITY_NO_SCREENSPACE_SHADOWS UNITY_PBS_USE_BRDF2 UNITY_PBS_USE_BRDF3 UNITY_PRETRANSFORM_TO_DISPLAY_ORIENTATION UNITY_UNIFIED_SHADER_PRECISION_MODEL UNITY_VIRTUAL_TEXTURING
Compiling shader "Hidden/Sentis/STFT"
  Pass "" (vp)
    Target graphics API: d3d11
    Full variant space:         10
    After settings filtering:   10
    After built-in stripping:   10
    After scriptable stripping: 10
    Processed in 0.00 seconds
  Pass "" (fp)
    Target graphics API: d3d11
    Full variant space:         10
    After settings filtering:   10
    After built-in stripping:   10
    After scriptable stripping: 10
    Processed in 0.00 seconds
  Pass "" (vp)
    Target graphics API: d3d11
    Full variant space:         10
    After settings filtering:   10
    After built-in stripping:   10
    After scriptable stripping: 10
    Processed in 0.00 seconds
  Pass "" (fp)
    Target graphics API: d3d11
    Full variant space:         10
    After settings filtering:   10
    After built-in stripping:   10
    After scriptable stripping: 10
    Processed in 0.00 seconds
  Pass  (vp, d3d11) finished in 0.01 seconds. Local cache hits 10 (0.09s CPU time), remote cache hits 0 (0.00s CPU time), compiled 0 variants (0.00s CPU time), skipped 0 variants.
    Prepared data for serialisation in 0.00s
  Pass  (fp, d3d11) finished in 0.01 seconds. Local cache hits 10 (0.08s CPU time), remote cache hits 0 (0.00s CPU time), compiled 0 variants (0.00s CPU time), skipped 0 variants.
    Prepared data for serialisation in 0.00s
  Pass  (vp, d3d11) finished in 0.01 seconds. Local cache hits 10 (0.04s CPU time), remote cache hits 0 (0.00s CPU time), compiled 0 variants (0.00s CPU time), skipped 0 variants.
    Prepared data for serialisation in 0.00s
  Pass  (fp, d3d11) finished in 0.01 seconds. Local cache hits 10 (0.03s CPU time), remote cache hits 0 (0.00s CPU time), compiled 0 variants (0.00s CPU time), skipped 0 variants.
    Prepared data for serialisation in 0.00s
Serialized binary data for shader Hidden/Sentis/STFT in 0.00s
    d3d11 (total internal programs: 40, unique: 20)
Compiling shader "Hidden/Sentis/Reshape"
  Pass "" (vp)
    Target graphics API: d3d11
    Full variant space:         4
    After settings filtering:   4
    After built-in stripping:   4
    After scriptable stripping: 4
    Processed in 0.00 seconds
  Pass "" (fp)
    Target graphics API: d3d11
    Full variant space:         4
    After settings filtering:   4
    After built-in stripping:   4
    After scriptable stripping: 4
    Processed in 0.00 seconds
  Pass  (vp, d3d11) finished in 0.01 seconds. Local cache hits 4 (0.02s CPU time), remote cache hits 0 (0.00s CPU time), compiled 0 variants (0.00s CPU time), skipped 0 variants.
    Prepared data for serialisation in 0.00s
  Pass  (fp, d3d11) finished in 0.01 seconds. Local cache hits 4 (0.02s CPU time), remote cache hits 0 (0.00s CPU time), compiled 0 variants (0.00s CPU time), skipped 0 variants.
    Prepared data for serialisation in 0.00s
Serialized binary data for shader Hidden/Sentis/Reshape in 0.00s
    d3d11 (total internal programs: 8, unique: 8)
Compiling shader "Hidden/Sentis/Conv"
  Pass "" (vp)
    Target graphics API: d3d11
    Full variant space:         12
    After settings filtering:   12
    After built-in stripping:   12
    After scriptable stripping: 12
    Processed in 0.00 seconds
  Pass "" (fp)
    Target graphics API: d3d11
    Full variant space:         12
    After settings filtering:   12
    After built-in stripping:   12
    After scriptable stripping: 12
    Processed in 0.00 seconds
  Pass  (vp, d3d11) finished in 0.01 seconds. Local cache hits 12 (0.04s CPU time), remote cache hits 0 (0.00s CPU time), compiled 0 variants (0.00s CPU time), skipped 0 variants.
    Prepared data for serialisation in 0.00s
  Pass  (fp, d3d11) finished in 0.01 seconds. Local cache hits 12 (0.10s CPU time), remote cache hits 0 (0.00s CPU time), compiled 0 variants (0.00s CPU time), skipped 0 variants.
    Prepared data for serialisation in 0.00s
Serialized binary data for shader Hidden/Sentis/Conv in 0.00s
    d3d11 (total internal programs: 24, unique: 24)
Compiling shader "Hidden/Sentis/GridSample"
  Pass "" (vp)
    Target graphics API: d3d11
    Full variant space:         36
    After settings filtering:   36
    After built-in stripping:   36
    After scriptable stripping: 36
    Processed in 0.00 seconds
  Pass "" (fp)
    Target graphics API: d3d11
    Full variant space:         36
    After settings filtering:   36
    After built-in stripping:   36
    After scriptable stripping: 36
    Processed in 0.00 seconds
  Pass  (vp, d3d11) finished in 0.03 seconds. Local cache hits 36 (0.32s CPU time), remote cache hits 0 (0.00s CPU time), compiled 0 variants (0.00s CPU time), skipped 0 variants.
    Prepared data for serialisation in 0.00s
  Pass  (fp, d3d11) finished in 0.03 seconds. Local cache hits 36 (0.34s CPU time), remote cache hits 0 (0.00s CPU time), compiled 0 variants (0.00s CPU time), skipped 0 variants.
    Prepared data for serialisation in 0.00s
Serialized binary data for shader Hidden/Sentis/GridSample in 0.00s
    d3d11 (total internal programs: 72, unique: 72)
Shader warning in 'Hidden/Sentis/GridSample': signed/unsigned mismatch, unsigned assumed at Packages/com.unity.ai.inference/Runtime/Core/Resources/Sentis/PixelShaders/GridSample.shader(44) (on d3d11)

Compiling Subshader: 0, Pass: <Unnamed Pass 0>, Vertex program with GRIDSAMPLE1D LINEAR ZEROS
Platform defines: SHADER_API_DESKTOP UNITY_ENABLE_DETAIL_NORMALMAP UNITY_ENABLE_REFLECTION_BUFFERS UNITY_LIGHTMAP_FULL_HDR UNITY_LIGHT_PROBE_PROXY_VOLUME UNITY_PBS_USE_BRDF1 UNITY_PLATFORM_SUPPORTS_DEPTH_FETCH UNITY_SPECCUBE_BLENDING UNITY_SPECCUBE_BOX_PROJECTION UNITY_USE_DITHER_MASK_FOR_ALPHABLENDED_SHADOWS
Disabled keywords: ALIGN_CORNERS BORDER GRIDSAMPLE2D GRIDSAMPLE3D NEAREST REFLECTION SHADER_API_GLES30 SHADER_API_GLES31 SHADER_API_GLES32 UNITY_ASTC_NORMALMAP_ENCODING UNITY_COLORSPACE_GAMMA UNITY_FRAMEBUFFER_FETCH_AVAILABLE UNITY_HARDWARE_TIER1 UNITY_HARDWARE_TIER2 UNITY_HARDWARE_TIER3 UNITY_LIGHTMAP_DLDR_ENCODING UNITY_LIGHTMAP_RGBM_ENCODING UNITY_METAL_SHADOWS_USE_POINT_FILTERING UNITY_NO_DXT5nm UNITY_NO_SCREENSPACE_SHADOWS UNITY_PBS_USE_BRDF2 UNITY_PBS_USE_BRDF3 UNITY_PRETRANSFORM_TO_DISPLAY_ORIENTATION UNITY_UNIFIED_SHADER_PRECISION_MODEL UNITY_VIRTUAL_TEXTURING
Shader warning in 'Hidden/Sentis/GridSample': signed/unsigned mismatch, unsigned assumed at Packages/com.unity.ai.inference/Runtime/Core/Resources/Sentis/PixelShaders/GridSample.shader(47) (on d3d11)

Compiling Subshader: 0, Pass: , Vertex program with ALIGN_CORNERS GRIDSAMPLE2D LINEAR ZEROS
Platform defines: SHADER_API_DESKTOP UNITY_ENABLE_DETAIL_NORMALMAP UNITY_ENABLE_REFLECTION_BUFFERS UNITY_LIGHTMAP_FULL_HDR UNITY_LIGHT_PROBE_PROXY_VOLUME UNITY_PBS_USE_BRDF1 UNITY_PLATFORM_SUPPORTS_DEPTH_FETCH UNITY_SPECCUBE_BLENDING UNITY_SPECCUBE_BOX_PROJECTION UNITY_USE_DITHER_MASK_FOR_ALPHABLENDED_SHADOWS
Disabled keywords: BORDER GRIDSAMPLE1D GRIDSAMPLE3D NEAREST REFLECTION SHADER_API_GLES30 SHADER_API_GLES31 SHADER_API_GLES32 UNITY_ASTC_NORMALMAP_ENCODING UNITY_COLORSPACE_GAMMA UNITY_FRAMEBUFFER_FETCH_AVAILABLE UNITY_HARDWARE_TIER1 UNITY_HARDWARE_TIER2 UNITY_HARDWARE_TIER3 UNITY_LIGHTMAP_DLDR_ENCODING UNITY_LIGHTMAP_RGBM_ENCODING UNITY_METAL_SHADOWS_USE_POINT_FILTERING UNITY_NO_DXT5nm UNITY_NO_SCREENSPACE_SHADOWS UNITY_PBS_USE_BRDF2 UNITY_PBS_USE_BRDF3 UNITY_PRETRANSFORM_TO_DISPLAY_ORIENTATION UNITY_UNIFIED_SHADER_PRECISION_MODEL UNITY_VIRTUAL_TEXTURING
Shader warning in 'Hidden/Sentis/GridSample': signed/unsigned mismatch, unsigned assumed at Packages/com.unity.ai.inference/Runtime/Core/Resources/Sentis/PixelShaders/GridSample.shader(50) (on d3d11)

Compiling Subshader: 0, Pass: , Vertex program with ALIGN_CORNERS GRIDSAMPLE3D LINEAR ZEROS
Platform defines: SHADER_API_DESKTOP UNITY_ENABLE_DETAIL_NORMALMAP UNITY_ENABLE_REFLECTION_BUFFERS UNITY_LIGHTMAP_FULL_HDR UNITY_LIGHT_PROBE_PROXY_VOLUME UNITY_PBS_USE_BRDF1 UNITY_PLATFORM_SUPPORTS_DEPTH_FETCH UNITY_SPECCUBE_BLENDING UNITY_SPECCUBE_BOX_PROJECTION UNITY_USE_DITHER_MASK_FOR_ALPHABLENDED_SHADOWS
Disabled keywords: BORDER GRIDSAMPLE1D GRIDSAMPLE2D NEAREST REFLECTION SHADER_API_GLES30 SHADER_API_GLES31 SHADER_API_GLES32 UNITY_ASTC_NORMALMAP_ENCODING UNITY_COLORSPACE_GAMMA UNITY_FRAMEBUFFER_FETCH_AVAILABLE UNITY_HARDWARE_TIER1 UNITY_HARDWARE_TIER2 UNITY_HARDWARE_TIER3 UNITY_LIGHTMAP_DLDR_ENCODING UNITY_LIGHTMAP_RGBM_ENCODING UNITY_METAL_SHADOWS_USE_POINT_FILTERING UNITY_NO_DXT5nm UNITY_NO_SCREENSPACE_SHADOWS UNITY_PBS_USE_BRDF2 UNITY_PBS_USE_BRDF3 UNITY_PRETRANSFORM_TO_DISPLAY_ORIENTATION UNITY_UNIFIED_SHADER_PRECISION_MODEL UNITY_VIRTUAL_TEXTURING
Compiling shader "TextMeshPro/Distance Field Overlay"
  Pass "" (vp)
    Target graphics API: d3d11
    Full variant space:         4
    After settings filtering:   4
    After built-in stripping:   4
    After scriptable stripping: 4
    Processed in 0.00 seconds
  Pass "" (fp)
    Target graphics API: d3d11
    Full variant space:         4
    After settings filtering:   4
    After built-in stripping:   4
    After scriptable stripping: 4
    Processed in 0.00 seconds
  Pass  (vp, d3d11) finished in 0.01 seconds. Local cache hits 4 (0.02s CPU time), remote cache hits 0 (0.00s CPU time), compiled 0 variants (0.00s CPU time), skipped 0 variants.
    Prepared data for serialisation in 0.00s
  Pass  (fp, d3d11) finished in 0.01 seconds. Local cache hits 4 (0.01s CPU time), remote cache hits 0 (0.00s CPU time), compiled 0 variants (0.00s CPU time), skipped 0 variants.
    Prepared data for serialisation in 0.00s
Serialized binary data for shader TextMeshPro/Distance Field Overlay in 0.00s
    d3d11 (total internal programs: 8, unique: 8)
Compiling shader "Hidden/Sentis/TextureConversion/ComputeBufferToTexture"
  Pass "" (vp)
    Target graphics API: d3d11
    Full variant space:         2
    After settings filtering:   2
    After built-in stripping:   2
    After scriptable stripping: 2
    Processed in 0.00 seconds
  Pass "" (fp)
    Target graphics API: d3d11
    Full variant space:         2
    After settings filtering:   2
    After built-in stripping:   2
    After scriptable stripping: 2
    Processed in 0.00 seconds
  Pass  (vp, d3d11) finished in 0.00 seconds. Local cache hits 2 (0.00s CPU time), remote cache hits 0 (0.00s CPU time), compiled 0 variants (0.00s CPU time), skipped 0 variants.
    Prepared data for serialisation in 0.00s
  Pass  (fp, d3d11) finished in 0.01 seconds. Local cache hits 2 (0.01s CPU time), remote cache hits 0 (0.00s CPU time), compiled 0 variants (0.00s CPU time), skipped 0 variants.
    Prepared data for serialisation in 0.00s
Serialized binary data for shader Hidden/Sentis/TextureConversion/ComputeBufferToTexture in 0.00s
    d3d11 (total internal programs: 4, unique: 4)
Compiling shader "Hidden/Sentis/Gather"
  Pass "" (vp)
    Target graphics API: d3d11
    Full variant space:         2
    After settings filtering:   2
    After built-in stripping:   2
    After scriptable stripping: 2
    Processed in 0.00 seconds
  Pass "" (fp)
    Target graphics API: d3d11
    Full variant space:         2
    After settings filtering:   2
    After built-in stripping:   2
    After scriptable stripping: 2
    Processed in 0.00 seconds
  Pass  (vp, d3d11) finished in 0.00 seconds. Local cache hits 2 (0.00s CPU time), remote cache hits 0 (0.00s CPU time), compiled 0 variants (0.00s CPU time), skipped 0 variants.
    Prepared data for serialisation in 0.00s
  Pass  (fp, d3d11) finished in 0.01 seconds. Local cache hits 2 (0.01s CPU time), remote cache hits 0 (0.00s CPU time), compiled 0 variants (0.00s CPU time), skipped 0 variants.
    Prepared data for serialisation in 0.00s
Serialized binary data for shader Hidden/Sentis/Gather in 0.00s
    d3d11 (total internal programs: 4, unique: 4)
Compiling shader "TextMeshPro/Mobile/Distance Field"
  Pass "" (vp)
    Target graphics API: d3d11
    Full variant space:         4
    After settings filtering:   4
    After built-in stripping:   4
    After scriptable stripping: 4
    Processed in 0.00 seconds
  Pass "" (fp)
    Target graphics API: d3d11
    Full variant space:         4
    After settings filtering:   4
    After built-in stripping:   4
    After scriptable stripping: 4
    Processed in 0.00 seconds
  Pass  (vp, d3d11) finished in 0.00 seconds. Local cache hits 4 (0.01s CPU time), remote cache hits 0 (0.00s CPU time), compiled 0 variants (0.00s CPU time), skipped 0 variants.
    Prepared data for serialisation in 0.00s
  Pass  (fp, d3d11) finished in 0.01 seconds. Local cache hits 4 (0.01s CPU time), remote cache hits 0 (0.00s CPU time), compiled 0 variants (0.00s CPU time), skipped 0 variants.
    Prepared data for serialisation in 0.00s
Serialized binary data for shader TextMeshPro/Mobile/Distance Field in 0.00s
    d3d11 (total internal programs: 8, unique: 8)
Compiling shader "Hidden/Sentis/Cast"
  Pass "" (vp)
    Target graphics API: d3d11
    Full variant space:         2
    After settings filtering:   2
    After built-in stripping:   2
    After scriptable stripping: 2
    Processed in 0.00 seconds
  Pass "" (fp)
    Target graphics API: d3d11
    Full variant space:         2
    After settings filtering:   2
    After built-in stripping:   2
    After scriptable stripping: 2
    Processed in 0.00 seconds
  Pass  (vp, d3d11) finished in 0.01 seconds. Local cache hits 2 (0.01s CPU time), remote cache hits 0 (0.00s CPU time), compiled 0 variants (0.00s CPU time), skipped 0 variants.
    Prepared data for serialisation in 0.00s
  Pass  (fp, d3d11) finished in 0.01 seconds. Local cache hits 2 (0.01s CPU time), remote cache hits 0 (0.00s CPU time), compiled 0 variants (0.00s CPU time), skipped 0 variants.
    Prepared data for serialisation in 0.00s
Serialized binary data for shader Hidden/Sentis/Cast in 0.00s
    d3d11 (total internal programs: 4, unique: 4)
Compiling shader "Hidden/Sentis/Broadcast"
  Pass "" (vp)
    Target graphics API: d3d11
    Full variant space:         44
    After settings filtering:   44
    After built-in stripping:   44
    After scriptable stripping: 44
    Processed in 0.00 seconds
  Pass "" (fp)
    Target graphics API: d3d11
    Full variant space:         44
    After settings filtering:   44
    After built-in stripping:   44
    After scriptable stripping: 44
    Processed in 0.00 seconds
  Pass  (vp, d3d11) finished in 0.03 seconds. Local cache hits 44 (0.40s CPU time), remote cache hits 0 (0.00s CPU time), compiled 0 variants (0.00s CPU time), skipped 0 variants.
    Prepared data for serialisation in 0.00s
  Pass  (fp, d3d11) finished in 0.07 seconds. Local cache hits 44 (0.38s CPU time), remote cache hits 0 (0.00s CPU time), compiled 0 variants (0.00s CPU time), skipped 0 variants.
    Prepared data for serialisation in 0.00s
Serialized binary data for shader Hidden/Sentis/Broadcast in 0.00s
    d3d11 (total internal programs: 88, unique: 88)
Compiling shader "Hidden/Sentis/BatchNormalization"
  Pass "" (vp)
    Target graphics API: d3d11
    Full variant space:         1
    After settings filtering:   1
    After built-in stripping:   1
    After scriptable stripping: 1
    Processed in 0.00 seconds
  Pass "" (fp)
    Target graphics API: d3d11
    Full variant space:         1
    After settings filtering:   1
    After built-in stripping:   1
    After scriptable stripping: 1
    Processed in 0.00 seconds
  Pass  (vp, d3d11) finished in 0.00 seconds. Local cache hits 1 (0.00s CPU time), remote cache hits 0 (0.00s CPU time), compiled 0 variants (0.00s CPU time), skipped 0 variants.
    Prepared data for serialisation in 0.00s
  Pass  (fp, d3d11) finished in 0.00 seconds. Local cache hits 1 (0.00s CPU time), remote cache hits 0 (0.00s CPU time), compiled 0 variants (0.00s CPU time), skipped 0 variants.
    Prepared data for serialisation in 0.00s
Serialized binary data for shader Hidden/Sentis/BatchNormalization in 0.00s
    d3d11 (total internal programs: 2, unique: 2)
Compiling shader "TextMeshPro/Bitmap"
  Pass "" (vp)
    Target graphics API: d3d11
    Full variant space:         4
    After settings filtering:   4
    After built-in stripping:   4
    After scriptable stripping: 4
    Processed in 0.00 seconds
  Pass "" (fp)
    Target graphics API: d3d11
    Full variant space:         4
    After settings filtering:   4
    After built-in stripping:   4
    After scriptable stripping: 4
    Processed in 0.00 seconds
  Pass  (vp, d3d11) finished in 0.01 seconds. Local cache hits 4 (0.01s CPU time), remote cache hits 0 (0.00s CPU time), compiled 0 variants (0.00s CPU time), skipped 0 variants.
    Prepared data for serialisation in 0.00s
  Pass  (fp, d3d11) finished in 0.01 seconds. Local cache hits 4 (0.03s CPU time), remote cache hits 0 (0.00s CPU time), compiled 0 variants (0.00s CPU time), skipped 0 variants.
    Prepared data for serialisation in 0.00s
Serialized binary data for shader TextMeshPro/Bitmap in 0.00s
    d3d11 (total internal programs: 8, unique: 8)
Compiling shader "Hidden/Sentis/Gemm"
  Pass "" (vp)
    Target graphics API: d3d11
    Full variant space:         4
    After settings filtering:   4
    After built-in stripping:   4
    After scriptable stripping: 4
    Processed in 0.00 seconds
  Pass "" (fp)
    Target graphics API: d3d11
    Full variant space:         4
    After settings filtering:   4
    After built-in stripping:   4
    After scriptable stripping: 4
    Processed in 0.00 seconds
  Pass  (vp, d3d11) finished in 0.01 seconds. Local cache hits 4 (0.02s CPU time), remote cache hits 0 (0.00s CPU time), compiled 0 variants (0.00s CPU time), skipped 0 variants.
    Prepared data for serialisation in 0.00s
  Pass  (fp, d3d11) finished in 0.01 seconds. Local cache hits 4 (0.02s CPU time), remote cache hits 0 (0.00s CPU time), compiled 0 variants (0.00s CPU time), skipped 0 variants.
    Prepared data for serialisation in 0.00s
Serialized binary data for shader Hidden/Sentis/Gemm in 0.00s
    d3d11 (total internal programs: 8, unique: 8)
Compiling shader "Hidden/Sentis/TextureTensorDataUpload"
  Pass "" (vp)
    Target graphics API: d3d11
    Full variant space:         2
    After settings filtering:   2
    After built-in stripping:   2
    After scriptable stripping: 2
    Processed in 0.00 seconds
  Pass "" (fp)
    Target graphics API: d3d11
    Full variant space:         2
    After settings filtering:   2
    After built-in stripping:   2
    After scriptable stripping: 2
    Processed in 0.00 seconds
  Pass  (vp, d3d11) finished in 0.00 seconds. Local cache hits 2 (0.01s CPU time), remote cache hits 0 (0.00s CPU time), compiled 0 variants (0.00s CPU time), skipped 0 variants.
    Prepared data for serialisation in 0.00s
  Pass  (fp, d3d11) finished in 0.01 seconds. Local cache hits 2 (0.01s CPU time), remote cache hits 0 (0.00s CPU time), compiled 0 variants (0.00s CPU time), skipped 0 variants.
    Prepared data for serialisation in 0.00s
Serialized binary data for shader Hidden/Sentis/TextureTensorDataUpload in 0.00s
    d3d11 (total internal programs: 4, unique: 4)
Compiling shader "Hidden/Sentis/Reduce"
  Pass "" (vp)
    Target graphics API: d3d11
    Full variant space:         18
    After settings filtering:   18
    After built-in stripping:   18
    After scriptable stripping: 18
    Processed in 0.00 seconds
  Pass "" (fp)
    Target graphics API: d3d11
    Full variant space:         18
    After settings filtering:   18
    After built-in stripping:   18
    After scriptable stripping: 18
    Processed in 0.00 seconds
  Pass  (vp, d3d11) finished in 0.02 seconds. Local cache hits 18 (0.17s CPU time), remote cache hits 0 (0.00s CPU time), compiled 0 variants (0.00s CPU time), skipped 0 variants.
    Prepared data for serialisation in 0.00s
  Pass  (fp, d3d11) finished in 0.02 seconds. Local cache hits 18 (0.14s CPU time), remote cache hits 0 (0.00s CPU time), compiled 0 variants (0.00s CPU time), skipped 0 variants.
    Prepared data for serialisation in 0.00s
Serialized binary data for shader Hidden/Sentis/Reduce in 0.00s
    d3d11 (total internal programs: 36, unique: 36)
Compiling shader "Hidden/Sentis/Softmax"
  Pass "" (vp)
    Target graphics API: d3d11
    Full variant space:         2
    After settings filtering:   2
    After built-in stripping:   2
    After scriptable stripping: 2
    Processed in 0.00 seconds
  Pass "" (fp)
    Target graphics API: d3d11
    Full variant space:         2
    After settings filtering:   2
    After built-in stripping:   2
    After scriptable stripping: 2
    Processed in 0.00 seconds
  Pass  (vp, d3d11) finished in 0.01 seconds. Local cache hits 2 (0.01s CPU time), remote cache hits 0 (0.00s CPU time), compiled 0 variants (0.00s CPU time), skipped 0 variants.
    Prepared data for serialisation in 0.00s
  Pass  (fp, d3d11) finished in 0.01 seconds. Local cache hits 2 (0.01s CPU time), remote cache hits 0 (0.00s CPU time), compiled 0 variants (0.00s CPU time), skipped 0 variants.
    Prepared data for serialisation in 0.00s
Serialized binary data for shader Hidden/Sentis/Softmax in 0.00s
    d3d11 (total internal programs: 4, unique: 4)
Compiling shader "Universal Render Pipeline/Lit"
  Pass "ForwardLit" (vp)
    Target graphics API: d3d11
    Full variant space:         884.736
    After settings filtering:   884.736
    After built-in stripping:   1.728
    After scriptable stripping: 0
    Processed in 0.03 seconds
  Pass "ForwardLit" (fp)
  [3.09s] 100M / ~36238M prepared
  [6.14s] 200M / ~36238M prepared
  [9.23s] 300M / ~36238M prepared
  [12.32s] 400M / ~36238M prepared
  [15.37s] 500M / ~36238M prepared
  [19.27s] 600M / ~36238M prepared
  [22.34s] 700M / ~36238M prepared
  [25.44s] 800M / ~36238M prepared
  [28.49s] 900M / ~36238M prepared
  [31.56s] 1000M / ~36238M prepared
  [35.44s] 1100M / ~36238M prepared
  [38.54s] 1200M / ~36238M prepared
  [41.61s] 1300M / ~36238M prepared
  [44.69s] 1400M / ~36238M prepared
  [47.75s] 1500M / ~36238M prepared
  [51.68s] 1600M / ~36238M prepared
  [54.75s] 1700M / ~36238M prepared
  [57.81s] 1800M / ~36238M prepared
  [60.90s] 1900M / ~36238M prepared
  [63.98s] 2000M / ~36238M prepared
  [67.89s] 2100M / ~36238M prepared
  [71.04s] 2200M / ~36238M prepared
  [74.16s] 2300M / ~36238M prepared
  [77.24s] 2400M / ~36238M prepared
  [80.29s] 2500M / ~36238M prepared
  [84.05s] 2600M / ~36238M prepared
  [87.21s] 2700M / ~36238M prepared
  [90.27s] 2800M / ~36238M prepared
  [93.32s] 2900M / ~36238M prepared
  [96.37s] 3000M / ~36238M prepared
  [99.87s] 3100M / ~36238M prepared
  [102.96s] 3200M / ~36238M prepared
  [106.02s] 3300M / ~36238M prepared
  [109.08s] 3400M / ~36238M prepared
  [112.15s] 3500M / ~36238M prepared
  [115.69s] 3600M / ~36238M prepared
  [118.75s] 3700M / ~36238M prepared
  [121.81s] 3800M / ~36238M prepared
  [124.87s] 3900M / ~36238M prepared
  [127.93s] 4000M / ~36238M prepared
  [131.49s] 4100M / ~36238M prepared
  [134.57s] 4200M / ~36238M prepared
  [137.62s] 4300M / ~36238M prepared
  [140.66s] 4400M / ~36238M prepared
  [143.70s] 4500M / ~36238M prepared
  [146.72s] 4600M / ~36238M prepared
  [150.30s] 4700M / ~36238M prepared
  [153.49s] 4800M / ~36238M prepared
  [156.62s] 4900M / ~36238M prepared
  [159.67s] 5000M / ~36238M prepared
  [162.72s] 5100M / ~36238M prepared
  [166.41s] 5200M / ~36238M prepared
  [169.54s] 5300M / ~36238M prepared
  [172.70s] 5400M / ~36238M prepared
  [175.83s] 5500M / ~36238M prepared
  [178.89s] 5600M / ~36238M prepared
  [182.39s] 5700M / ~36238M prepared
  [185.47s] 5800M / ~36238M prepared
  [188.51s] 5900M / ~36238M prepared
  [191.58s] 6000M / ~36238M prepared
  [194.76s] 6100M / ~36238M prepared
  [198.57s] 6200M / ~36238M prepared
  [201.73s] 6300M / ~36238M prepared
  [204.91s] 6400M / ~36238M prepared
  [208.10s] 6500M / ~36238M prepared
  [211.23s] 6600M / ~36238M prepared
  [214.88s] 6700M / ~36238M prepared
  [217.96s] 6800M / ~36238M prepared
  [221.01s] 6900M / ~36238M prepared
  [224.05s] 7000M / ~36238M prepared
  [227.09s] 7100M / ~36238M prepared
  [230.54s] 7200M / ~36238M prepared
  [233.58s] 7300M / ~36238M prepared
  [236.63s] 7400M / ~36238M prepared
  [239.66s] 7500M / ~36238M prepared
  [242.70s] 7600M / ~36238M prepared
  [246.18s] 7700M / ~36238M prepared
  [249.23s] 7800M / ~36238M prepared
  [252.28s] 7900M / ~36238M prepared
  [255.33s] 8000M / ~36238M prepared
  [258.38s] 8100M / ~36238M prepared
  [261.86s] 8200M / ~36238M prepared
  [264.86s] 8300M / ~36238M prepared
  [267.88s] 8400M / ~36238M prepared
  [270.90s] 8500M / ~36238M prepared
  [273.99s] 8600M / ~36238M prepared
  [277.03s] 8700M / ~36238M prepared
  [280.48s] 8800M / ~36238M prepared
  [283.48s] 8900M / ~36238M prepared
  [286.51s] 9000M / ~36238M prepared
  [289.52s] 9100M / ~36238M prepared
  [292.52s] 9200M / ~36238M prepared
  [295.93s] 9300M / ~36238M prepared
  [298.95s] 9400M / ~36238M prepared
  [302.00s] 9500M / ~36238M prepared
  [305.05s] 9600M / ~36238M prepared
  [308.05s] 9700M / ~36238M prepared
  [311.47s] 9800M / ~36238M prepared
  [314.52s] 9900M / ~36238M prepared
  [317.58s] 10000M / ~36238M prepared
  [320.62s] 10100M / ~36238M prepared
  [323.70s] 10200M / ~36238M prepared
  [327.31s] 10300M / ~36238M prepared
  [330.33s] 10400M / ~36238M prepared
  [333.37s] 10500M / ~36238M prepared
  [336.39s] 10600M / ~36238M prepared
  [339.41s] 10700M / ~36238M prepared
  [342.85s] 10800M / ~36238M prepared
  [345.90s] 10900M / ~36238M prepared
  [348.97s] 11000M / ~36238M prepared
  [352.02s] 11100M / ~36238M prepared
  [355.09s] 11200M / ~36238M prepared
  [358.49s] 11300M / ~36238M prepared
  [361.54s] 11400M / ~36238M prepared
  [364.55s] 11500M / ~36238M prepared
  [367.58s] 11600M / ~36238M prepared
  [370.63s] 11700M / ~36238M prepared
  [374.03s] 11800M / ~36238M prepared
  [377.06s] 11900M / ~36238M prepared
  [380.07s] 12000M / ~36238M prepared
  [383.11s] 12100M / ~36238M prepared
  [386.14s] 12200M / ~36238M prepared
  [389.51s] 12300M / ~36238M prepared
  [392.54s] 12400M / ~36238M prepared
  [395.56s] 12500M / ~36238M prepared
  [398.57s] 12600M / ~36238M prepared
  [401.58s] 12700M / ~36238M prepared
  [404.95s] 12800M / ~36238M prepared
  [407.94s] 12900M / ~36238M prepared
  [410.96s] 13000M / ~36238M prepared
  [413.96s] 13100M / ~36238M prepared
  [416.99s] 13200M / ~36238M prepared
  [420.10s] 13300M / ~36238M prepared
  [423.51s] 13400M / ~36238M prepared
  [426.61s] 13500M / ~36238M prepared
  [429.68s] 13600M / ~36238M prepared
  [432.73s] 13700M / ~36238M prepared
  [435.80s] 13800M / ~36238M prepared
  [439.19s] 13900M / ~36238M prepared
  [442.22s] 14000M / ~36238M prepared
  [445.26s] 14100M / ~36238M prepared
  [448.32s] 14200M / ~36238M prepared
  [451.32s] 14300M / ~36238M prepared
  [454.70s] 14400M / ~36238M prepared
  [457.81s] 14500M / ~36238M prepared
  [461.03s] 14600M / ~36238M prepared
  [464.21s] 14700M / ~36238M prepared
  [467.42s] 14800M / ~36238M prepared
  [471.01s] 14900M / ~36238M prepared
  [474.15s] 15000M / ~36238M prepared
  [477.34s] 15100M / ~36238M prepared
  [480.53s] 15200M / ~36238M prepared
  [483.76s] 15300M / ~36238M prepared
  [487.19s] 15400M / ~36238M prepared
  [490.23s] 15500M / ~36238M prepared
  [493.28s] 15600M / ~36238M prepared
  [496.34s] 15700M / ~36238M prepared
  [499.37s] 15800M / ~36238M prepared
  [502.76s] 15900M / ~36238M prepared
  [505.80s] 16000M / ~36238M prepared
  [508.84s] 16100M / ~36238M prepared
  [511.88s] 16200M / ~36238M prepared
  [514.94s] 16300M / ~36238M prepared
  [518.36s] 16400M / ~36238M prepared
  [521.46s] 16500M / ~36238M prepared
  [524.65s] 16600M / ~36238M prepared
  [527.86s] 16700M / ~36238M prepared
  [531.04s] 16800M / ~36238M prepared
  [534.45s] 16900M / ~36238M prepared
  [537.49s] 17000M / ~36238M prepared
  [540.62s] 17100M / ~36238M prepared
  [543.94s] 17200M / ~36238M prepared
  [547.09s] 17300M / ~36238M prepared
  [550.14s] 17400M / ~36238M prepared
  [553.81s] 17500M / ~36238M prepared
  [556.98s] 17600M / ~36238M prepared
  [560.11s] 17700M / ~36238M prepared
  [563.16s] 17800M / ~36238M prepared
  [566.27s] 17900M / ~36238M prepared
  [569.85s] 18000M / ~36238M prepared
  [573.03s] 18100M / ~36238M prepared
  [576.09s] 18200M / ~36238M prepared
  [579.12s] 18300M / ~36238M prepared
  [582.15s] 18400M / ~36238M prepared
  [585.81s] 18500M / ~36238M prepared
  [588.84s] 18600M / ~36238M prepared
  [591.88s] 18700M / ~36238M prepared
  [594.95s] 18800M / ~36238M prepared
  [597.99s] 18900M / ~36238M prepared
  [601.80s] 19000M / ~36238M prepared
  [604.86s] 19100M / ~36238M prepared
  [607.91s] 19200M / ~36238M prepared
  [610.93s] 19300M / ~36238M prepared
  [613.94s] 19400M / ~36238M prepared
  [617.77s] 19500M / ~36238M prepared
  [620.80s] 19600M / ~36238M prepared
  [623.90s] 19700M / ~36238M prepared
  [627.10s] 19800M / ~36238M prepared
  [630.25s] 19900M / ~36238M prepared
  [634.15s] 20000M / ~36238M prepared
  [637.20s] 20100M / ~36238M prepared
  [640.23s] 20200M / ~36238M prepared
  [643.28s] 20300M / ~36238M prepared
  [646.49s] 20400M / ~36238M prepared
  [650.46s] 20500M / ~36238M prepared
  [653.61s] 20600M / ~36238M prepared
  [656.83s] 20700M / ~36238M prepared
  [659.95s] 20800M / ~36238M prepared
  [662.98s] 20900M / ~36238M prepared
  [666.55s] 21000M / ~36238M prepared
  [669.63s] 21100M / ~36238M prepared
  [672.75s] 21200M / ~36238M prepared
  [675.84s] 21300M / ~36238M prepared
  [678.93s] 21400M / ~36238M prepared
  [682.02s] 21500M / ~36238M prepared
  [685.64s] 21600M / ~36238M prepared
  [688.71s] 21700M / ~36238M prepared
  [691.76s] 21800M / ~36238M prepared
  [694.78s] 21900M / ~36238M prepared
  [697.85s] 22000M / ~36238M prepared
  [701.36s] 22100M / ~36238M prepared
  [704.40s] 22200M / ~36238M prepared
  [707.44s] 22300M / ~36238M prepared
  [710.47s] 22400M / ~36238M prepared
  [713.52s] 22500M / ~36238M prepared
  [717.03s] 22600M / ~36238M prepared
  [720.05s] 22700M / ~36238M prepared
  [723.09s] 22800M / ~36238M prepared
  [726.11s] 22900M / ~36238M prepared
  [729.17s] 23000M / ~36238M prepared
  [732.65s] 23100M / ~36238M prepared
  [735.70s] 23200M / ~36238M prepared
  [738.71s] 23300M / ~36238M prepared
  [741.72s] 23400M / ~36238M prepared
  [744.75s] 23500M / ~36238M prepared
  [748.23s] 23600M / ~36238M prepared
  [751.34s] 23700M / ~36238M prepared
  [754.36s] 23800M / ~36238M prepared
  [757.40s] 23900M / ~36238M prepared
  [760.44s] 24000M / ~36238M prepared
  [763.92s] 24100M / ~36238M prepared
  [766.96s] 24200M / ~36238M prepared
  [770.01s] 24300M / ~36238M prepared
  [773.04s] 24400M / ~36238M prepared
  [776.08s] 24500M / ~36238M prepared
  [779.56s] 24600M / ~36238M prepared
  [782.60s] 24700M / ~36238M prepared
  [785.65s] 24800M / ~36238M prepared
  [788.69s] 24900M / ~36238M prepared
  [791.73s] 25000M / ~36238M prepared
  [795.20s] 25100M / ~36238M prepared
  [798.27s] 25200M / ~36238M prepared
  [801.30s] 25300M / ~36238M prepared
  [804.37s] 25400M / ~36238M prepared
  [807.40s] 25500M / ~36238M prepared
  [810.85s] 25600M / ~36238M prepared
  [813.83s] 25700M / ~36238M prepared
  [816.82s] 25800M / ~36238M prepared
  [819.87s] 25900M / ~36238M prepared
  [822.86s] 26000M / ~36238M prepared
  [825.87s] 26100M / ~36238M prepared
  [829.36s] 26200M / ~36238M prepared
  [832.38s] 26300M / ~36238M prepared
  [835.42s] 26400M / ~36238M prepared
  [838.46s] 26500M / ~36238M prepared
  [841.48s] 26600M / ~36238M prepared
  [844.92s] 26700M / ~36238M prepared
  [847.92s] 26800M / ~36238M prepared
  [850.93s] 26900M / ~36238M prepared
  [853.93s] 27000M / ~36238M prepared
  [856.92s] 27100M / ~36238M prepared
  [860.38s] 27200M / ~36238M prepared
  [863.38s] 27300M / ~36238M prepared
  [866.38s] 27400M / ~36238M prepared
  [869.40s] 27500M / ~36238M prepared
  [872.45s] 27600M / ~36238M prepared
  [875.85s] 27700M / ~36238M prepared
  [878.89s] 27800M / ~36238M prepared
  [881.92s] 27900M / ~36238M prepared
  [884.95s] 28000M / ~36238M prepared
  [887.97s] 28100M / ~36238M prepared
  [891.39s] 28200M / ~36238M prepared
  [894.45s] 28300M / ~36238M prepared
  [897.51s] 28400M / ~36238M prepared
  [900.56s] 28500M / ~36238M prepared
  [903.57s] 28600M / ~36238M prepared
  [906.95s] 28700M / ~36238M prepared
  [909.98s] 28800M / ~36238M prepared
  [913.03s] 28900M / ~36238M prepared
  [916.05s] 29000M / ~36238M prepared
  [919.08s] 29100M / ~36238M prepared
  [922.47s] 29200M / ~36238M prepared
  [925.49s] 29300M / ~36238M prepared
  [928.55s] 29400M / ~36238M prepared
  [931.59s] 29500M / ~36238M prepared
  [934.65s] 29600M / ~36238M prepared
  [938.05s] 29700M / ~36238M prepared
  [941.11s] 29800M / ~36238M prepared
  [944.16s] 29900M / ~36238M prepared
  [947.21s] 30000M / ~36238M prepared
  [950.29s] 30100M / ~36238M prepared
  [953.31s] 30200M / ~36238M prepared
  [956.71s] 30300M / ~36238M prepared
  [959.75s] 30400M / ~36238M prepared
  [962.76s] 30500M / ~36238M prepared
  [965.80s] 30600M / ~36238M prepared
  [968.83s] 30700M / ~36238M prepared
  [972.23s] 30800M / ~36238M prepared
  [975.25s] 30900M / ~36238M prepared
  [978.29s] 31000M / ~36238M prepared
  [981.31s] 31100M / ~36238M prepared
  [984.34s] 31200M / ~36238M prepared
  [987.74s] 31300M / ~36238M prepared
  [990.79s] 31400M / ~36238M prepared
  [993.84s] 31500M / ~36238M prepared
  [996.88s] 31600M / ~36238M prepared
  [999.91s] 31700M / ~36238M prepared
  [1003.32s] 31800M / ~36238M prepared
  [1006.37s] 31900M / ~36238M prepared
  [1009.40s] 32000M / ~36238M prepared
  [1012.42s] 32100M / ~36238M prepared
  [1015.46s] 32200M / ~36238M prepared
  [1018.92s] 32300M / ~36238M prepared
  [1022.00s] 32400M / ~36238M prepared
  [1025.06s] 32500M / ~36238M prepared
  [1028.13s] 32600M / ~36238M prepared
  [1031.20s] 32700M / ~36238M prepared
  [1034.62s] 32800M / ~36238M prepared
  [1037.66s] 32900M / ~36238M prepared
  [1040.71s] 33000M / ~36238M prepared
  [1043.74s] 33100M / ~36238M prepared
  [1046.78s] 33200M / ~36238M prepared
  [1050.21s] 33300M / ~36238M prepared
  [1053.25s] 33400M / ~36238M prepared
  [1056.32s] 33500M / ~36238M prepared
  [1059.38s] 33600M / ~36238M prepared
  [1062.46s] 33700M / ~36238M prepared
  [1065.86s] 33800M / ~36238M prepared
  [1068.91s] 33900M / ~36238M prepared
  [1071.95s] 34000M / ~36238M prepared
  [1074.97s] 34100M / ~36238M prepared
  [1078.00s] 34200M / ~36238M prepared
  [1081.09s] 34300M / ~36238M prepared
  [1084.78s] 34400M / ~36238M prepared
  [1087.80s] 34500M / ~36238M prepared
  [1090.83s] 34600M / ~36238M prepared
  [1093.85s] 34700M / ~36238M prepared
  [1096.89s] 34800M / ~36238M prepared
  [1100.29s] 34900M / ~36238M prepared
  [1103.33s] 35000M / ~36238M prepared
  [1106.35s] 35100M / ~36238M prepared
  [1109.36s] 35200M / ~36238M prepared
  [1112.42s] 35300M / ~36238M prepared
  [1115.80s] 35400M / ~36238M prepared
  [1118.82s] 35500M / ~36238M prepared
  [1121.84s] 35600M / ~36238M prepared
  [1124.87s] 35700M / ~36238M prepared
  [1127.87s] 35800M / ~36238M prepared
  [1131.47s] 35900M / ~36238M prepared
  [1134.50s] 36000M / ~36238M prepared
  [1137.58s] 36100M / ~36238M prepared
  [1140.68s] 36200M / ~36238M prepared
    Target graphics API: d3d11
    Full variant space:         36.238.786.560
    After settings filtering:   36.238.786.560
    After built-in stripping:   70.778.880
    After scriptable stripping: 0
    Processed in 1142.13 seconds
  Pass "ShadowCaster" (vp)
    Target graphics API: d3d11
    Full variant space:         16
    After settings filtering:   16
    After built-in stripping:   4
    After scriptable stripping: 0
    Processed in 0.00 seconds
  Pass "ShadowCaster" (fp)
    Target graphics API: d3d11
    Full variant space:         8
    After settings filtering:   8
    After built-in stripping:   2
    After scriptable stripping: 0
    Processed in 0.00 seconds
  Pass "GBuffer" (vp)
    Target graphics API: d3d11
    Full variant space:         36.864
    After settings filtering:   36.864
    After built-in stripping:   288
    After scriptable stripping: 0
    Processed in 0.00 seconds
  Pass "GBuffer" (fp)
  [3.36s] 100M / ~188M prepared
    Target graphics API: d3d11
    Full variant space:         188.743.680
    After settings filtering:   188.743.680
    After built-in stripping:   1.474.560
    After scriptable stripping: 0
    Processed in 7.12 seconds
  Pass "DepthOnly" (vp)
    Target graphics API: d3d11
    Full variant space:         8
    After settings filtering:   8
    After built-in stripping:   2
    After scriptable stripping: 0
    Processed in 0.00 seconds
  Pass "DepthOnly" (fp)
    Target graphics API: d3d11
    Full variant space:         8
    After settings filtering:   8
    After built-in stripping:   2
    After scriptable stripping: 0
    Processed in 0.00 seconds
  Pass "DepthNormals" (vp)
    Target graphics API: d3d11
    Full variant space:         8
    After settings filtering:   8
    After built-in stripping:   2
    After scriptable stripping: 0
    Processed in 0.00 seconds
  Pass "DepthNormals" (fp)
    Target graphics API: d3d11
    Full variant space:         16
    After settings filtering:   16
    After built-in stripping:   4
    After scriptable stripping: 0
    Processed in 0.00 seconds
  Pass "Universal2D" (vp)
    Target graphics API: d3d11
    Full variant space:         2
    After settings filtering:   2
    After built-in stripping:   1
    After scriptable stripping: 0
    Processed in 0.00 seconds
  Pass "Universal2D" (fp)
    Target graphics API: d3d11
    Full variant space:         2
    After settings filtering:   2
    After built-in stripping:   1
    After scriptable stripping: 0
    Processed in 0.00 seconds
  Pass "MotionVectors" (vp)
    Target graphics API: d3d11
    Full variant space:         8
    After settings filtering:   8
    After built-in stripping:   2
    After scriptable stripping: 0
    Processed in 0.00 seconds
  Pass "MotionVectors" (fp)
    Target graphics API: d3d11
    Full variant space:         8
    After settings filtering:   8
    After built-in stripping:   2
    After scriptable stripping: 0
    Processed in 0.00 seconds
  Pass "XRMotionVectors" (vp)
    Target graphics API: d3d11
    Full variant space:         8
    After settings filtering:   8
    After built-in stripping:   2
    After scriptable stripping: 0
    Processed in 0.00 seconds
  Pass "XRMotionVectors" (fp)
    Target graphics API: d3d11
    Full variant space:         8
    After settings filtering:   8
    After built-in stripping:   2
    After scriptable stripping: 0
    Processed in 0.00 seconds
Serialized binary data for shader Universal Render Pipeline/Lit in 0.00s
    d3d11 (total internal programs: 0, unique: 0)
Compiling shader "Hidden/Sentis/RoiAlign"
  Pass "" (vp)
    Target graphics API: d3d11
    Full variant space:         4
    After settings filtering:   4
    After built-in stripping:   4
    After scriptable stripping: 4
    Processed in 0.00 seconds
  Pass "" (fp)
    Target graphics API: d3d11
    Full variant space:         4
    After settings filtering:   4
    After built-in stripping:   4
    After scriptable stripping: 4
    Processed in 0.00 seconds
  Pass  (vp, d3d11) finished in 0.01 seconds. Local cache hits 4 (0.03s CPU time), remote cache hits 0 (0.00s CPU time), compiled 0 variants (0.00s CPU time), skipped 0 variants.
    Prepared data for serialisation in 0.00s
  Pass  (fp, d3d11) finished in 0.01 seconds. Local cache hits 4 (0.03s CPU time), remote cache hits 0 (0.00s CPU time), compiled 0 variants (0.00s CPU time), skipped 0 variants.
    Prepared data for serialisation in 0.00s
Serialized binary data for shader Hidden/Sentis/RoiAlign in 0.00s
    d3d11 (total internal programs: 8, unique: 8)
Compiling shader "Hidden/Sentis/Random"
  Pass "" (vp)
    Target graphics API: d3d11
    Full variant space:         4
    After settings filtering:   4
    After built-in stripping:   4
    After scriptable stripping: 4
    Processed in 0.00 seconds
  Pass "" (fp)
    Target graphics API: d3d11
    Full variant space:         4
    After settings filtering:   4
    After built-in stripping:   4
    After scriptable stripping: 4
    Processed in 0.00 seconds
  Pass  (vp, d3d11) finished in 0.01 seconds. Local cache hits 4 (0.02s CPU time), remote cache hits 0 (0.00s CPU time), compiled 0 variants (0.00s CPU time), skipped 0 variants.
    Prepared data for serialisation in 0.00s
  Pass  (fp, d3d11) finished in 0.01 seconds. Local cache hits 4 (0.02s CPU time), remote cache hits 0 (0.00s CPU time), compiled 0 variants (0.00s CPU time), skipped 0 variants.
    Prepared data for serialisation in 0.00s
Serialized binary data for shader Hidden/Sentis/Random in 0.00s
    d3d11 (total internal programs: 8, unique: 8)
Compiling shader "Hidden/Sentis/HardmaxEnd"
  Pass "" (vp)
    Target graphics API: d3d11
    Full variant space:         1
    After settings filtering:   1
    After built-in stripping:   1
    After scriptable stripping: 1
    Processed in 0.00 seconds
  Pass "" (fp)
    Target graphics API: d3d11
    Full variant space:         1
    After settings filtering:   1
    After built-in stripping:   1
    After scriptable stripping: 1
    Processed in 0.00 seconds
  Pass  (vp, d3d11) finished in 0.00 seconds. Local cache hits 1 (0.00s CPU time), remote cache hits 0 (0.00s CPU time), compiled 0 variants (0.00s CPU time), skipped 0 variants.
    Prepared data for serialisation in 0.00s
  Pass  (fp, d3d11) finished in 0.00 seconds. Local cache hits 1 (0.00s CPU time), remote cache hits 0 (0.00s CPU time), compiled 0 variants (0.00s CPU time), skipped 0 variants.
    Prepared data for serialisation in 0.00s
Serialized binary data for shader Hidden/Sentis/HardmaxEnd in 0.00s
    d3d11 (total internal programs: 2, unique: 2)
Compiling shader "Hidden/Sentis/ScatterElements"
  Pass "" (vp)
    Target graphics API: d3d11
    Full variant space:         40
    After settings filtering:   40
    After built-in stripping:   40
    After scriptable stripping: 40
    Processed in 0.00 seconds
  Pass "" (fp)
    Target graphics API: d3d11
    Full variant space:         40
    After settings filtering:   40
    After built-in stripping:   40
    After scriptable stripping: 40
    Processed in 0.00 seconds
  Pass  (vp, d3d11) finished in 0.02 seconds. Local cache hits 40 (0.34s CPU time), remote cache hits 0 (0.00s CPU time), compiled 0 variants (0.00s CPU time), skipped 0 variants.
    Prepared data for serialisation in 0.00s
  Pass  (fp, d3d11) finished in 0.02 seconds. Local cache hits 40 (0.32s CPU time), remote cache hits 0 (0.00s CPU time), compiled 0 variants (0.00s CPU time), skipped 0 variants.
    Prepared data for serialisation in 0.00s
Serialized binary data for shader Hidden/Sentis/ScatterElements in 0.00s
    d3d11 (total internal programs: 80, unique: 80)
Shader warning in 'Hidden/Sentis/ScatterElements': signed/unsigned mismatch, unsigned assumed at Packages/com.unity.ai.inference/Runtime/Core/Resources/Sentis/PixelShaders/ScatterElements.shader(147) (on d3d11)

Compiling Subshader: 0, Pass: , Vertex program with NoFastPath ReduceMul UseDiv4Mask
Platform defines: SHADER_API_DESKTOP UNITY_ENABLE_DETAIL_NORMALMAP UNITY_ENABLE_REFLECTION_BUFFERS UNITY_LIGHTMAP_FULL_HDR UNITY_LIGHT_PROBE_PROXY_VOLUME UNITY_PBS_USE_BRDF1 UNITY_PLATFORM_SUPPORTS_DEPTH_FETCH UNITY_SPECCUBE_BLENDING UNITY_SPECCUBE_BOX_PROJECTION UNITY_USE_DITHER_MASK_FOR_ALPHABLENDED_SHADOWS
Disabled keywords: ReduceAdd ReduceMax ReduceMin ReduceNone SHADER_API_GLES30 SHADER_API_GLES31 SHADER_API_GLES32 ScatterInt UNITY_ASTC_NORMALMAP_ENCODING UNITY_COLORSPACE_GAMMA UNITY_FRAMEBUFFER_FETCH_AVAILABLE UNITY_HARDWARE_TIER1 UNITY_HARDWARE_TIER2 UNITY_HARDWARE_TIER3 UNITY_LIGHTMAP_DLDR_ENCODING UNITY_LIGHTMAP_RGBM_ENCODING UNITY_METAL_SHADOWS_USE_POINT_FILTERING UNITY_NO_DXT5nm UNITY_NO_SCREENSPACE_SHADOWS UNITY_PBS_USE_BRDF2 UNITY_PBS_USE_BRDF3 UNITY_PRETRANSFORM_TO_DISPLAY_ORIENTATION UNITY_UNIFIED_SHADER_PRECISION_MODEL UNITY_VIRTUAL_TEXTURING
Shader warning in 'Hidden/Sentis/ScatterElements': signed/unsigned mismatch, unsigned assumed at Packages/com.unity.ai.inference/Runtime/Core/Resources/Sentis/PixelShaders/ScatterElements.shader(202) (on d3d11)

Compiling Subshader: 0, Pass: , Vertex program with NoFastPath ReduceMul UseDiv4Mask
Platform defines: SHADER_API_DESKTOP UNITY_ENABLE_DETAIL_NORMALMAP UNITY_ENABLE_REFLECTION_BUFFERS UNITY_LIGHTMAP_FULL_HDR UNITY_LIGHT_PROBE_PROXY_VOLUME UNITY_PBS_USE_BRDF1 UNITY_PLATFORM_SUPPORTS_DEPTH_FETCH UNITY_SPECCUBE_BLENDING UNITY_SPECCUBE_BOX_PROJECTION UNITY_USE_DITHER_MASK_FOR_ALPHABLENDED_SHADOWS
Disabled keywords: ReduceAdd ReduceMax ReduceMin ReduceNone SHADER_API_GLES30 SHADER_API_GLES31 SHADER_API_GLES32 ScatterInt UNITY_ASTC_NORMALMAP_ENCODING UNITY_COLORSPACE_GAMMA UNITY_FRAMEBUFFER_FETCH_AVAILABLE UNITY_HARDWARE_TIER1 UNITY_HARDWARE_TIER2 UNITY_HARDWARE_TIER3 UNITY_LIGHTMAP_DLDR_ENCODING UNITY_LIGHTMAP_RGBM_ENCODING UNITY_METAL_SHADOWS_USE_POINT_FILTERING UNITY_NO_DXT5nm UNITY_NO_SCREENSPACE_SHADOWS UNITY_PBS_USE_BRDF2 UNITY_PBS_USE_BRDF3 UNITY_PRETRANSFORM_TO_DISPLAY_ORIENTATION UNITY_UNIFIED_SHADER_PRECISION_MODEL UNITY_VIRTUAL_TEXTURING
Compiling shader "Hidden/Sentis/GatherND"
  Pass "" (vp)
    Target graphics API: d3d11
    Full variant space:         2
    After settings filtering:   2
    After built-in stripping:   2
    After scriptable stripping: 2
    Processed in 0.00 seconds
  Pass "" (fp)
    Target graphics API: d3d11
    Full variant space:         2
    After settings filtering:   2
    After built-in stripping:   2
    After scriptable stripping: 2
    Processed in 0.00 seconds
  Pass  (vp, d3d11) finished in 0.00 seconds. Local cache hits 2 (0.01s CPU time), remote cache hits 0 (0.00s CPU time), compiled 0 variants (0.00s CPU time), skipped 0 variants.
    Prepared data for serialisation in 0.00s
  Pass  (fp, d3d11) finished in 0.00 seconds. Local cache hits 2 (0.01s CPU time), remote cache hits 0 (0.00s CPU time), compiled 0 variants (0.00s CPU time), skipped 0 variants.
    Prepared data for serialisation in 0.00s
Serialized binary data for shader Hidden/Sentis/GatherND in 0.00s
    d3d11 (total internal programs: 4, unique: 4)
Compiling shader "Hidden/Sentis/ConstantOfShape"
  Pass "" (vp)
    Target graphics API: d3d11
    Full variant space:         2
    After settings filtering:   2
    After built-in stripping:   2
    After scriptable stripping: 2
    Processed in 0.00 seconds
  Pass "" (fp)
    Target graphics API: d3d11
    Full variant space:         2
    After settings filtering:   2
    After built-in stripping:   2
    After scriptable stripping: 2
    Processed in 0.00 seconds
  Pass  (vp, d3d11) finished in 0.01 seconds. Local cache hits 2 (0.01s CPU time), remote cache hits 0 (0.00s CPU time), compiled 0 variants (0.00s CPU time), skipped 0 variants.
    Prepared data for serialisation in 0.00s
  Pass  (fp, d3d11) finished in 0.01 seconds. Local cache hits 2 (0.01s CPU time), remote cache hits 0 (0.00s CPU time), compiled 0 variants (0.00s CPU time), skipped 0 variants.
    Prepared data for serialisation in 0.00s
Serialized binary data for shader Hidden/Sentis/ConstantOfShape in 0.00s
    d3d11 (total internal programs: 4, unique: 4)
Compiling shader "Hidden/Sentis/Clip"
  Pass "" (vp)
    Target graphics API: d3d11
    Full variant space:         8
    After settings filtering:   8
    After built-in stripping:   8
    After scriptable stripping: 8
    Processed in 0.00 seconds
  Pass "" (fp)
    Target graphics API: d3d11
    Full variant space:         8
    After settings filtering:   8
    After built-in stripping:   8
    After scriptable stripping: 8
    Processed in 0.00 seconds
  Pass  (vp, d3d11) finished in 0.01 seconds. Local cache hits 8 (0.05s CPU time), remote cache hits 0 (0.00s CPU time), compiled 0 variants (0.00s CPU time), skipped 0 variants.
    Prepared data for serialisation in 0.00s
  Pass  (fp, d3d11) finished in 0.01 seconds. Local cache hits 8 (0.05s CPU time), remote cache hits 0 (0.00s CPU time), compiled 0 variants (0.00s CPU time), skipped 0 variants.
    Prepared data for serialisation in 0.00s
Serialized binary data for shader Hidden/Sentis/Clip in 0.00s
    d3d11 (total internal programs: 16, unique: 16)
Compiling shader "Hidden/Sentis/Where"
  Pass "" (vp)
    Target graphics API: d3d11
    Full variant space:         2
    After settings filtering:   2
    After built-in stripping:   2
    After scriptable stripping: 2
    Processed in 0.00 seconds
  Pass "" (fp)
    Target graphics API: d3d11
    Full variant space:         2
    After settings filtering:   2
    After built-in stripping:   2
    After scriptable stripping: 2
    Processed in 0.00 seconds
  Pass  (vp, d3d11) finished in 0.00 seconds. Local cache hits 2 (0.01s CPU time), remote cache hits 0 (0.00s CPU time), compiled 0 variants (0.00s CPU time), skipped 0 variants.
    Prepared data for serialisation in 0.00s
  Pass  (fp, d3d11) finished in 0.01 seconds. Local cache hits 2 (0.01s CPU time), remote cache hits 0 (0.00s CPU time), compiled 0 variants (0.00s CPU time), skipped 0 variants.
    Prepared data for serialisation in 0.00s
Serialized binary data for shader Hidden/Sentis/Where in 0.00s
    d3d11 (total internal programs: 4, unique: 4)
Compiling shader "Hidden/Sentis/Copy"
  Pass "" (vp)
    Target graphics API: d3d11
    Full variant space:         2
    After settings filtering:   2
    After built-in stripping:   2
    After scriptable stripping: 2
    Processed in 0.00 seconds
  Pass "" (fp)
    Target graphics API: d3d11
    Full variant space:         2
    After settings filtering:   2
    After built-in stripping:   2
    After scriptable stripping: 2
    Processed in 0.00 seconds
  Pass  (vp, d3d11) finished in 0.00 seconds. Local cache hits 2 (0.01s CPU time), remote cache hits 0 (0.00s CPU time), compiled 0 variants (0.00s CPU time), skipped 0 variants.
    Prepared data for serialisation in 0.00s
  Pass  (fp, d3d11) finished in 0.00 seconds. Local cache hits 2 (0.01s CPU time), remote cache hits 0 (0.00s CPU time), compiled 0 variants (0.00s CPU time), skipped 0 variants.
    Prepared data for serialisation in 0.00s
Serialized binary data for shader Hidden/Sentis/Copy in 0.00s
    d3d11 (total internal programs: 4, unique: 4)
Compiling shader "Hidden/Sentis/RMSNormalizationTail"
  Pass "" (vp)
    Target graphics API: d3d11
    Full variant space:         1
    After settings filtering:   1
    After built-in stripping:   1
    After scriptable stripping: 1
    Processed in 0.00 seconds
  Pass "" (fp)
    Target graphics API: d3d11
    Full variant space:         1
    After settings filtering:   1
    After built-in stripping:   1
    After scriptable stripping: 1
    Processed in 0.00 seconds
  Pass  (vp, d3d11) finished in 0.00 seconds. Local cache hits 1 (0.00s CPU time), remote cache hits 0 (0.00s CPU time), compiled 0 variants (0.00s CPU time), skipped 0 variants.
    Prepared data for serialisation in 0.00s
  Pass  (fp, d3d11) finished in 0.00 seconds. Local cache hits 1 (0.00s CPU time), remote cache hits 0 (0.00s CPU time), compiled 0 variants (0.00s CPU time), skipped 0 variants.
    Prepared data for serialisation in 0.00s
Serialized binary data for shader Hidden/Sentis/RMSNormalizationTail in 0.00s
    d3d11 (total internal programs: 2, unique: 2)
Compiling shader "Hidden/Sentis/Upsample"
  Pass "" (vp)
    Target graphics API: d3d11
    Full variant space:         9
    After settings filtering:   9
    After built-in stripping:   9
    After scriptable stripping: 9
    Processed in 0.00 seconds
  Pass "" (fp)
    Target graphics API: d3d11
    Full variant space:         9
    After settings filtering:   9
    After built-in stripping:   9
    After scriptable stripping: 9
    Processed in 0.00 seconds
  Pass  (vp, d3d11) finished in 0.01 seconds. Local cache hits 9 (0.06s CPU time), remote cache hits 0 (0.00s CPU time), compiled 0 variants (0.00s CPU time), skipped 0 variants.
    Prepared data for serialisation in 0.00s
  Pass  (fp, d3d11) finished in 0.01 seconds. Local cache hits 9 (0.07s CPU time), remote cache hits 0 (0.00s CPU time), compiled 0 variants (0.00s CPU time), skipped 0 variants.
    Prepared data for serialisation in 0.00s
Serialized binary data for shader Hidden/Sentis/Upsample in 0.00s
    d3d11 (total internal programs: 18, unique: 18)
Compiling shader "Hidden/Sentis/SliceSet"
  Pass "" (vp)
    Target graphics API: d3d11
    Full variant space:         4
    After settings filtering:   4
    After built-in stripping:   4
    After scriptable stripping: 4
    Processed in 0.00 seconds
  Pass "" (fp)
    Target graphics API: d3d11
    Full variant space:         4
    After settings filtering:   4
    After built-in stripping:   4
    After scriptable stripping: 4
    Processed in 0.00 seconds
  Pass  (vp, d3d11) finished in 0.01 seconds. Local cache hits 4 (0.02s CPU time), remote cache hits 0 (0.00s CPU time), compiled 0 variants (0.00s CPU time), skipped 0 variants.
    Prepared data for serialisation in 0.00s
  Pass  (fp, d3d11) finished in 0.01 seconds. Local cache hits 4 (0.02s CPU time), remote cache hits 0 (0.00s CPU time), compiled 0 variants (0.00s CPU time), skipped 0 variants.
    Prepared data for serialisation in 0.00s
Serialized binary data for shader Hidden/Sentis/SliceSet in 0.00s
    d3d11 (total internal programs: 8, unique: 8)
Shader warning in 'Hidden/Sentis/SliceSet': integer divides may be much slower, try using uints if possible. at Packages/com.unity.ai.inference/Runtime/Core/Resources/Sentis/PixelShaders/SliceSet.shader(55) (on d3d11)

Compiling Subshader: 0, Pass: , Fragment program with BLOCKWISE
Platform defines: SHADER_API_DESKTOP UNITY_ENABLE_DETAIL_NORMALMAP UNITY_ENABLE_REFLECTION_BUFFERS UNITY_LIGHTMAP_FULL_HDR UNITY_LIGHT_PROBE_PROXY_VOLUME UNITY_PBS_USE_BRDF1 UNITY_PLATFORM_SUPPORTS_DEPTH_FETCH UNITY_SPECCUBE_BLENDING UNITY_SPECCUBE_BOX_PROJECTION UNITY_USE_DITHER_MASK_FOR_ALPHABLENDED_SHADOWS
Disabled keywords: INT SHADER_API_GLES30 SHADER_API_GLES31 SHADER_API_GLES32 UNITY_ASTC_NORMALMAP_ENCODING UNITY_COLORSPACE_GAMMA UNITY_FRAMEBUFFER_FETCH_AVAILABLE UNITY_HARDWARE_TIER1 UNITY_HARDWARE_TIER2 UNITY_HARDWARE_TIER3 UNITY_LIGHTMAP_DLDR_ENCODING UNITY_LIGHTMAP_RGBM_ENCODING UNITY_METAL_SHADOWS_USE_POINT_FILTERING UNITY_NO_DXT5nm UNITY_NO_SCREENSPACE_SHADOWS UNITY_PBS_USE_BRDF2 UNITY_PBS_USE_BRDF3 UNITY_PRETRANSFORM_TO_DISPLAY_ORIENTATION UNITY_UNIFIED_SHADER_PRECISION_MODEL UNITY_VIRTUAL_TEXTURING
Shader warning in 'Hidden/Sentis/SliceSet': signed/unsigned mismatch, unsigned assumed at Packages/com.unity.ai.inference/Runtime/Core/Resources/Sentis/PixelShaders/SliceSet.shader(57) (on d3d11)

Compiling Subshader: 0, Pass: , Fragment program with BLOCKWISE
Platform defines: SHADER_API_DESKTOP UNITY_ENABLE_DETAIL_NORMALMAP UNITY_ENABLE_REFLECTION_BUFFERS UNITY_LIGHTMAP_FULL_HDR UNITY_LIGHT_PROBE_PROXY_VOLUME UNITY_PBS_USE_BRDF1 UNITY_PLATFORM_SUPPORTS_DEPTH_FETCH UNITY_SPECCUBE_BLENDING UNITY_SPECCUBE_BOX_PROJECTION UNITY_USE_DITHER_MASK_FOR_ALPHABLENDED_SHADOWS
Disabled keywords: INT SHADER_API_GLES30 SHADER_API_GLES31 SHADER_API_GLES32 UNITY_ASTC_NORMALMAP_ENCODING UNITY_COLORSPACE_GAMMA UNITY_FRAMEBUFFER_FETCH_AVAILABLE UNITY_HARDWARE_TIER1 UNITY_HARDWARE_TIER2 UNITY_HARDWARE_TIER3 UNITY_LIGHTMAP_DLDR_ENCODING UNITY_LIGHTMAP_RGBM_ENCODING UNITY_METAL_SHADOWS_USE_POINT_FILTERING UNITY_NO_DXT5nm UNITY_NO_SCREENSPACE_SHADOWS UNITY_PBS_USE_BRDF2 UNITY_PBS_USE_BRDF3 UNITY_PRETRANSFORM_TO_DISPLAY_ORIENTATION UNITY_UNIFIED_SHADER_PRECISION_MODEL UNITY_VIRTUAL_TEXTURING
Shader warning in 'Hidden/Sentis/SliceSet': integer divides may be much slower, try using uints if possible. at Packages/com.unity.ai.inference/Runtime/Core/Resources/Sentis/PixelShaders/SliceSet.shader(69) (on d3d11)

Compiling Subshader: 0, Pass: , Fragment program with INT
Platform defines: SHADER_API_DESKTOP UNITY_ENABLE_DETAIL_NORMALMAP UNITY_ENABLE_REFLECTION_BUFFERS UNITY_LIGHTMAP_FULL_HDR UNITY_LIGHT_PROBE_PROXY_VOLUME UNITY_PBS_USE_BRDF1 UNITY_PLATFORM_SUPPORTS_DEPTH_FETCH UNITY_SPECCUBE_BLENDING UNITY_SPECCUBE_BOX_PROJECTION UNITY_USE_DITHER_MASK_FOR_ALPHABLENDED_SHADOWS
Disabled keywords: BLOCKWISE SHADER_API_GLES30 SHADER_API_GLES31 SHADER_API_GLES32 UNITY_ASTC_NORMALMAP_ENCODING UNITY_COLORSPACE_GAMMA UNITY_FRAMEBUFFER_FETCH_AVAILABLE UNITY_HARDWARE_TIER1 UNITY_HARDWARE_TIER2 UNITY_HARDWARE_TIER3 UNITY_LIGHTMAP_DLDR_ENCODING UNITY_LIGHTMAP_RGBM_ENCODING UNITY_METAL_SHADOWS_USE_POINT_FILTERING UNITY_NO_DXT5nm UNITY_NO_SCREENSPACE_SHADOWS UNITY_PBS_USE_BRDF2 UNITY_PBS_USE_BRDF3 UNITY_PRETRANSFORM_TO_DISPLAY_ORIENTATION UNITY_UNIFIED_SHADER_PRECISION_MODEL UNITY_VIRTUAL_TEXTURING
Shader warning in 'Hidden/Sentis/SliceSet': signed/unsigned mismatch, unsigned assumed at Packages/com.unity.ai.inference/Runtime/Core/Resources/Sentis/PixelShaders/SliceSet.shader(71) (on d3d11)

Compiling Subshader: 0, Pass: , Fragment program with INT
Platform defines: SHADER_API_DESKTOP UNITY_ENABLE_DETAIL_NORMALMAP UNITY_ENABLE_REFLECTION_BUFFERS UNITY_LIGHTMAP_FULL_HDR UNITY_LIGHT_PROBE_PROXY_VOLUME UNITY_PBS_USE_BRDF1 UNITY_PLATFORM_SUPPORTS_DEPTH_FETCH UNITY_SPECCUBE_BLENDING UNITY_SPECCUBE_BOX_PROJECTION UNITY_USE_DITHER_MASK_FOR_ALPHABLENDED_SHADOWS
Disabled keywords: BLOCKWISE SHADER_API_GLES30 SHADER_API_GLES31 SHADER_API_GLES32 UNITY_ASTC_NORMALMAP_ENCODING UNITY_COLORSPACE_GAMMA UNITY_FRAMEBUFFER_FETCH_AVAILABLE UNITY_HARDWARE_TIER1 UNITY_HARDWARE_TIER2 UNITY_HARDWARE_TIER3 UNITY_LIGHTMAP_DLDR_ENCODING UNITY_LIGHTMAP_RGBM_ENCODING UNITY_METAL_SHADOWS_USE_POINT_FILTERING UNITY_NO_DXT5nm UNITY_NO_SCREENSPACE_SHADOWS UNITY_PBS_USE_BRDF2 UNITY_PBS_USE_BRDF3 UNITY_PRETRANSFORM_TO_DISPLAY_ORIENTATION UNITY_UNIFIED_SHADER_PRECISION_MODEL UNITY_VIRTUAL_TEXTURING
Compiling shader "Hidden/Sentis/Expand"
  Pass "" (vp)
    Target graphics API: d3d11
    Full variant space:         2
    After settings filtering:   2
    After built-in stripping:   2
    After scriptable stripping: 2
    Processed in 0.00 seconds
  Pass "" (fp)
    Target graphics API: d3d11
    Full variant space:         2
    After settings filtering:   2
    After built-in stripping:   2
    After scriptable stripping: 2
    Processed in 0.00 seconds
  Pass  (vp, d3d11) finished in 0.00 seconds. Local cache hits 2 (0.00s CPU time), remote cache hits 0 (0.00s CPU time), compiled 0 variants (0.00s CPU time), skipped 0 variants.
    Prepared data for serialisation in 0.00s
  Pass  (fp, d3d11) finished in 0.00 seconds. Local cache hits 2 (0.01s CPU time), remote cache hits 0 (0.00s CPU time), compiled 0 variants (0.00s CPU time), skipped 0 variants.
    Prepared data for serialisation in 0.00s
Serialized binary data for shader Hidden/Sentis/Expand in 0.00s
    d3d11 (total internal programs: 4, unique: 4)
Compiling shader "Hidden/Sentis/GlobalPool"
  Pass "" (vp)
    Target graphics API: d3d11
    Full variant space:         3
    After settings filtering:   3
    After built-in stripping:   3
    After scriptable stripping: 3
    Processed in 0.00 seconds
  Pass "" (fp)
    Target graphics API: d3d11
    Full variant space:         3
    After settings filtering:   3
    After built-in stripping:   3
    After scriptable stripping: 3
    Processed in 0.00 seconds
  Pass  (vp, d3d11) finished in 0.01 seconds. Local cache hits 3 (0.01s CPU time), remote cache hits 0 (0.00s CPU time), compiled 0 variants (0.00s CPU time), skipped 0 variants.
    Prepared data for serialisation in 0.00s
  Pass  (fp, d3d11) finished in 0.00 seconds. Local cache hits 3 (0.01s CPU time), remote cache hits 0 (0.00s CPU time), compiled 0 variants (0.00s CPU time), skipped 0 variants.
    Prepared data for serialisation in 0.00s
Serialized binary data for shader Hidden/Sentis/GlobalPool in 0.00s
    d3d11 (total internal programs: 6, unique: 6)
Compiling shader "TextMeshPro/Sprite"
  Pass "Default" (vp)
    Target graphics API: d3d11
    Full variant space:         4
    After settings filtering:   4
    After built-in stripping:   4
    After scriptable stripping: 4
    Processed in 0.00 seconds
  Pass "Default" (fp)
    Target graphics API: d3d11
    Full variant space:         4
    After settings filtering:   4
    After built-in stripping:   4
    After scriptable stripping: 4
    Processed in 0.00 seconds
  Pass Default (vp, d3d11) finished in 0.01 seconds. Local cache hits 4 (0.02s CPU time), remote cache hits 0 (0.00s CPU time), compiled 0 variants (0.00s CPU time), skipped 0 variants.
    Prepared data for serialisation in 0.00s
  Pass Default (fp, d3d11) finished in 0.01 seconds. Local cache hits 4 (0.02s CPU time), remote cache hits 0 (0.00s CPU time), compiled 0 variants (0.00s CPU time), skipped 0 variants.
    Prepared data for serialisation in 0.00s
Serialized binary data for shader TextMeshPro/Sprite in 0.00s
    d3d11 (total internal programs: 8, unique: 8)
Compiling shader "Hidden/Sentis/GroupedConv"
  Pass "" (vp)
    Target graphics API: d3d11
    Full variant space:         12
    After settings filtering:   12
    After built-in stripping:   12
    After scriptable stripping: 12
    Processed in 0.00 seconds
  Pass "" (fp)
    Target graphics API: d3d11
    Full variant space:         12
    After settings filtering:   12
    After built-in stripping:   12
    After scriptable stripping: 12
    Processed in 0.00 seconds
  Pass  (vp, d3d11) finished in 0.01 seconds. Local cache hits 12 (0.09s CPU time), remote cache hits 0 (0.00s CPU time), compiled 0 variants (0.00s CPU time), skipped 0 variants.
    Prepared data for serialisation in 0.00s
  Pass  (fp, d3d11) finished in 0.01 seconds. Local cache hits 12 (0.08s CPU time), remote cache hits 0 (0.00s CPU time), compiled 0 variants (0.00s CPU time), skipped 0 variants.
    Prepared data for serialisation in 0.00s
Serialized binary data for shader Hidden/Sentis/GroupedConv in 0.00s
    d3d11 (total internal programs: 24, unique: 24)
Compiling shader "Hidden/Sentis/Split"
  Pass "" (vp)
    Target graphics API: d3d11
    Full variant space:         4
    After settings filtering:   4
    After built-in stripping:   4
    After scriptable stripping: 4
    Processed in 0.00 seconds
  Pass "" (fp)
    Target graphics API: d3d11
    Full variant space:         4
    After settings filtering:   4
    After built-in stripping:   4
    After scriptable stripping: 4
    Processed in 0.00 seconds
  Pass  (vp, d3d11) finished in 0.00 seconds. Local cache hits 4 (0.01s CPU time), remote cache hits 0 (0.00s CPU time), compiled 0 variants (0.00s CPU time), skipped 0 variants.
    Prepared data for serialisation in 0.00s
  Pass  (fp, d3d11) finished in 0.01 seconds. Local cache hits 4 (0.02s CPU time), remote cache hits 0 (0.00s CPU time), compiled 0 variants (0.00s CPU time), skipped 0 variants.
    Prepared data for serialisation in 0.00s
Serialized binary data for shader Hidden/Sentis/Split in 0.00s
    d3d11 (total internal programs: 8, unique: 8)
Compiling shader "Hidden/Sentis/Range"
  Pass "" (vp)
    Target graphics API: d3d11
    Full variant space:         2
    After settings filtering:   2
    After built-in stripping:   2
    After scriptable stripping: 2
    Processed in 0.00 seconds
  Pass "" (fp)
    Target graphics API: d3d11
    Full variant space:         2
    After settings filtering:   2
    After built-in stripping:   2
    After scriptable stripping: 2
    Processed in 0.00 seconds
  Pass  (vp, d3d11) finished in 0.00 seconds. Local cache hits 2 (0.00s CPU time), remote cache hits 0 (0.00s CPU time), compiled 0 variants (0.00s CPU time), skipped 0 variants.
    Prepared data for serialisation in 0.00s
  Pass  (fp, d3d11) finished in 0.00 seconds. Local cache hits 2 (0.01s CPU time), remote cache hits 0 (0.00s CPU time), compiled 0 variants (0.00s CPU time), skipped 0 variants.
    Prepared data for serialisation in 0.00s
Serialized binary data for shader Hidden/Sentis/Range in 0.00s
    d3d11 (total internal programs: 4, unique: 4)
Compiling shader "Hidden/Sentis/OneHot"
  Pass "" (vp)
    Target graphics API: d3d11
    Full variant space:         2
    After settings filtering:   2
    After built-in stripping:   2
    After scriptable stripping: 2
    Processed in 0.00 seconds
  Pass "" (fp)
    Target graphics API: d3d11
    Full variant space:         2
    After settings filtering:   2
    After built-in stripping:   2
    After scriptable stripping: 2
    Processed in 0.00 seconds
  Pass  (vp, d3d11) finished in 0.00 seconds. Local cache hits 2 (0.01s CPU time), remote cache hits 0 (0.00s CPU time), compiled 0 variants (0.00s CPU time), skipped 0 variants.
    Prepared data for serialisation in 0.00s
  Pass  (fp, d3d11) finished in 0.00 seconds. Local cache hits 2 (0.01s CPU time), remote cache hits 0 (0.00s CPU time), compiled 0 variants (0.00s CPU time), skipped 0 variants.
    Prepared data for serialisation in 0.00s
Serialized binary data for shader Hidden/Sentis/OneHot in 0.00s
    d3d11 (total internal programs: 4, unique: 4)
Compiling shader "Hidden/Sentis/Resize1D"
  Pass "" (vp)
    Target graphics API: d3d11
    Full variant space:         3
    After settings filtering:   3
    After built-in stripping:   3
    After scriptable stripping: 3
    Processed in 0.00 seconds
  Pass "" (fp)
    Target graphics API: d3d11
    Full variant space:         3
    After settings filtering:   3
    After built-in stripping:   3
    After scriptable stripping: 3
    Processed in 0.00 seconds
  Pass  (vp, d3d11) finished in 0.01 seconds. Local cache hits 3 (0.01s CPU time), remote cache hits 0 (0.00s CPU time), compiled 0 variants (0.00s CPU time), skipped 0 variants.
    Prepared data for serialisation in 0.00s
  Pass  (fp, d3d11) finished in 0.01 seconds. Local cache hits 3 (0.01s CPU time), remote cache hits 0 (0.00s CPU time), compiled 0 variants (0.00s CPU time), skipped 0 variants.
    Prepared data for serialisation in 0.00s
Serialized binary data for shader Hidden/Sentis/Resize1D in 0.00s
    d3d11 (total internal programs: 6, unique: 6)
Compiling shader "Hidden/Universal Render Pipeline/FallbackError"
  Pass "" (vp)
    Target graphics API: d3d11
    Full variant space:         6
    After settings filtering:   6
    After built-in stripping:   1
    After scriptable stripping: 0
    Processed in 0.00 seconds
  Pass "" (fp)
    Target graphics API: d3d11
    Full variant space:         6
    After settings filtering:   6
    After built-in stripping:   1
    After scriptable stripping: 0
    Processed in 0.00 seconds
Serialized binary data for shader Hidden/Universal Render Pipeline/FallbackError in 0.00s
    d3d11 (total internal programs: 0, unique: 0)
Compiling shader "Hidden/Sentis/LocalPool"
  Pass "" (vp)
    Target graphics API: d3d11
    Full variant space:         6
    After settings filtering:   6
    After built-in stripping:   6
    After scriptable stripping: 6
    Processed in 0.00 seconds
  Pass "" (fp)
    Target graphics API: d3d11
    Full variant space:         6
    After settings filtering:   6
    After built-in stripping:   6
    After scriptable stripping: 6
    Processed in 0.00 seconds
  Pass  (vp, d3d11) finished in 0.01 seconds. Local cache hits 6 (0.03s CPU time), remote cache hits 0 (0.00s CPU time), compiled 0 variants (0.00s CPU time), skipped 0 variants.
    Prepared data for serialisation in 0.00s
  Pass  (fp, d3d11) finished in 0.01 seconds. Local cache hits 6 (0.04s CPU time), remote cache hits 0 (0.00s CPU time), compiled 0 variants (0.00s CPU time), skipped 0 variants.
    Prepared data for serialisation in 0.00s
Serialized binary data for shader Hidden/Sentis/LocalPool in 0.00s
    d3d11 (total internal programs: 12, unique: 12)
Compiling shader "Hidden/Sentis/ScalarMad"
  Pass "" (vp)
    Target graphics API: d3d11
    Full variant space:         2
    After settings filtering:   2
    After built-in stripping:   2
    After scriptable stripping: 2
    Processed in 0.00 seconds
  Pass "" (fp)
    Target graphics API: d3d11
    Full variant space:         2
    After settings filtering:   2
    After built-in stripping:   2
    After scriptable stripping: 2
    Processed in 0.00 seconds
  Pass  (vp, d3d11) finished in 0.00 seconds. Local cache hits 2 (0.00s CPU time), remote cache hits 0 (0.00s CPU time), compiled 0 variants (0.00s CPU time), skipped 0 variants.
    Prepared data for serialisation in 0.00s
  Pass  (fp, d3d11) finished in 0.00 seconds. Local cache hits 2 (0.01s CPU time), remote cache hits 0 (0.00s CPU time), compiled 0 variants (0.00s CPU time), skipped 0 variants.
    Prepared data for serialisation in 0.00s
Serialized binary data for shader Hidden/Sentis/ScalarMad in 0.00s
    d3d11 (total internal programs: 4, unique: 4)
Compiling shader "Hidden/Sentis/ReduceIndices"
  Pass "" (vp)
    Target graphics API: d3d11
    Full variant space:         8
    After settings filtering:   8
    After built-in stripping:   8
    After scriptable stripping: 8
    Processed in 0.00 seconds
  Pass "" (fp)
    Target graphics API: d3d11
    Full variant space:         8
    After settings filtering:   8
    After built-in stripping:   8
    After scriptable stripping: 8
    Processed in 0.00 seconds
  Pass  (vp, d3d11) finished in 0.01 seconds. Local cache hits 8 (0.05s CPU time), remote cache hits 0 (0.00s CPU time), compiled 0 variants (0.00s CPU time), skipped 0 variants.
    Prepared data for serialisation in 0.00s
  Pass  (fp, d3d11) finished in 0.01 seconds. Local cache hits 8 (0.05s CPU time), remote cache hits 0 (0.00s CPU time), compiled 0 variants (0.00s CPU time), skipped 0 variants.
    Prepared data for serialisation in 0.00s
Serialized binary data for shader Hidden/Sentis/ReduceIndices in 0.00s
    d3d11 (total internal programs: 16, unique: 16)
Compiling shader "Hidden/Sentis/Slice"
  Pass "" (vp)
    Target graphics API: d3d11
    Full variant space:         4
    After settings filtering:   4
    After built-in stripping:   4
    After scriptable stripping: 4
    Processed in 0.00 seconds
  Pass "" (fp)
    Target graphics API: d3d11
    Full variant space:         4
    After settings filtering:   4
    After built-in stripping:   4
    After scriptable stripping: 4
    Processed in 0.00 seconds
  Pass  (vp, d3d11) finished in 0.00 seconds. Local cache hits 4 (0.01s CPU time), remote cache hits 0 (0.00s CPU time), compiled 0 variants (0.00s CPU time), skipped 0 variants.
    Prepared data for serialisation in 0.00s
  Pass  (fp, d3d11) finished in 0.01 seconds. Local cache hits 4 (0.02s CPU time), remote cache hits 0 (0.00s CPU time), compiled 0 variants (0.00s CPU time), skipped 0 variants.
    Prepared data for serialisation in 0.00s
Serialized binary data for shader Hidden/Sentis/Slice in 0.00s
    d3d11 (total internal programs: 8, unique: 8)
Compiling shader "Hidden/Sentis/ScaleBias"
  Pass "" (vp)
    Target graphics API: d3d11
    Full variant space:         2
    After settings filtering:   2
    After built-in stripping:   2
    After scriptable stripping: 2
    Processed in 0.00 seconds
  Pass "" (fp)
    Target graphics API: d3d11
    Full variant space:         2
    After settings filtering:   2
    After built-in stripping:   2
    After scriptable stripping: 2
    Processed in 0.00 seconds
  Pass  (vp, d3d11) finished in 0.00 seconds. Local cache hits 2 (0.01s CPU time), remote cache hits 0 (0.00s CPU time), compiled 0 variants (0.00s CPU time), skipped 0 variants.
    Prepared data for serialisation in 0.00s
  Pass  (fp, d3d11) finished in 0.00 seconds. Local cache hits 2 (0.01s CPU time), remote cache hits 0 (0.00s CPU time), compiled 0 variants (0.00s CPU time), skipped 0 variants.
    Prepared data for serialisation in 0.00s
Serialized binary data for shader Hidden/Sentis/ScaleBias in 0.00s
    d3d11 (total internal programs: 4, unique: 4)
Compiling shader "Hidden/Sentis/LayoutSwitchBlockedAxis"
  Pass "" (vp)
    Target graphics API: d3d11
    Full variant space:         2
    After settings filtering:   2
    After built-in stripping:   2
    After scriptable stripping: 2
    Processed in 0.00 seconds
  Pass "" (fp)
    Target graphics API: d3d11
    Full variant space:         2
    After settings filtering:   2
    After built-in stripping:   2
    After scriptable stripping: 2
    Processed in 0.00 seconds
  Pass  (vp, d3d11) finished in 0.00 seconds. Local cache hits 2 (0.01s CPU time), remote cache hits 0 (0.00s CPU time), compiled 0 variants (0.00s CPU time), skipped 0 variants.
    Prepared data for serialisation in 0.00s
  Pass  (fp, d3d11) finished in 0.00 seconds. Local cache hits 2 (0.01s CPU time), remote cache hits 0 (0.00s CPU time), compiled 0 variants (0.00s CPU time), skipped 0 variants.
    Prepared data for serialisation in 0.00s
Serialized binary data for shader Hidden/Sentis/LayoutSwitchBlockedAxis in 0.00s
    d3d11 (total internal programs: 4, unique: 4)
Compiling shader "Hidden/Sentis/TopP"
  Pass "" (vp)
    Target graphics API: d3d11
    Full variant space:         1
    After settings filtering:   1
    After built-in stripping:   1
    After scriptable stripping: 1
    Processed in 0.00 seconds
  Pass "" (fp)
    Target graphics API: d3d11
    Full variant space:         1
    After settings filtering:   1
    After built-in stripping:   1
    After scriptable stripping: 1
    Processed in 0.00 seconds
  Pass  (vp, d3d11) finished in 0.00 seconds. Local cache hits 1 (0.00s CPU time), remote cache hits 0 (0.00s CPU time), compiled 0 variants (0.00s CPU time), skipped 0 variants.
    Prepared data for serialisation in 0.00s
  Pass  (fp, d3d11) finished in 0.00 seconds. Local cache hits 1 (0.00s CPU time), remote cache hits 0 (0.00s CPU time), compiled 0 variants (0.00s CPU time), skipped 0 variants.
    Prepared data for serialisation in 0.00s
Serialized binary data for shader Hidden/Sentis/TopP in 0.00s
    d3d11 (total internal programs: 2, unique: 2)
Compiling shader "TextMeshPro/Mobile/Distance Field"
  Pass "" (vp)
    Target graphics API: d3d11
    Full variant space:         12
    After settings filtering:   12
    After built-in stripping:   12
    After scriptable stripping: 12
    Processed in 0.00 seconds
  Pass "" (fp)
    Target graphics API: d3d11
    Full variant space:         12
    After settings filtering:   12
    After built-in stripping:   12
    After scriptable stripping: 12
    Processed in 0.00 seconds
  Pass  (vp, d3d11) finished in 0.01 seconds. Local cache hits 12 (0.09s CPU time), remote cache hits 0 (0.00s CPU time), compiled 0 variants (0.00s CPU time), skipped 0 variants.
    Prepared data for serialisation in 0.00s
  Pass  (fp, d3d11) finished in 0.01 seconds. Local cache hits 12 (0.08s CPU time), remote cache hits 0 (0.00s CPU time), compiled 0 variants (0.00s CPU time), skipped 0 variants.
    Prepared data for serialisation in 0.00s
Serialized binary data for shader TextMeshPro/Mobile/Distance Field in 0.00s
    d3d11 (total internal programs: 24, unique: 24)
Compressed shader 'TextMeshPro/Mobile/Distance Field' on d3d11 from 1.97MB to 0.18MB
Compressed shader 'TextMeshPro/Mobile/Distance Field' in 0.01s
Compiling compute shader "ReferenceImpl.IndexingOpsA"
    starting stripping...
    finished in 0.00 seconds. 16 of 16 variants left
    16 variants, starting compilation...
    finished in 0.01 seconds. Local cache hits 16, remote cache hits 0, compiled 0 variants
Compiling compute shader "TensorToTexture"
    starting stripping...
    finished in 0.00 seconds. 8 of 8 variants left
    8 variants, starting compilation...
    finished in 0.00 seconds. Local cache hits 8, remote cache hits 0, compiled 0 variants
Compiling compute shader "Resize"
    starting stripping...
    finished in 0.00 seconds. 24 of 24 variants left
    24 variants, starting compilation...
    finished in 0.01 seconds. Local cache hits 24, remote cache hits 0, compiled 0 variants
Compiling compute shader "GemmT"
    starting stripping...
    finished in 0.00 seconds. 6 of 6 variants left
    6 variants, starting compilation...
    finished in 0.00 seconds. Local cache hits 6, remote cache hits 0, compiled 0 variants
Compiling compute shader "ImageBased"
    starting stripping...
    finished in 0.00 seconds. 6 of 6 variants left
    6 variants, starting compilation...
    finished in 0.00 seconds. Local cache hits 6, remote cache hits 0, compiled 0 variants
Compiling compute shader "ReferenceImpl"
    starting stripping...
    finished in 0.00 seconds. 2 of 2 variants left
    2 variants, starting compilation...
    finished in 0.00 seconds. Local cache hits 2, remote cache hits 0, compiled 0 variants
Compiling compute shader "ReduceIndices"
    starting stripping...
    finished in 0.00 seconds. 16 of 16 variants left
    16 variants, starting compilation...
    finished in 0.01 seconds. Local cache hits 16, remote cache hits 0, compiled 0 variants
Compiling compute shader "IndexingOps"
    starting stripping...
    finished in 0.00 seconds. 6 of 6 variants left
    6 variants, starting compilation...
    finished in 0.00 seconds. Local cache hits 6, remote cache hits 0, compiled 0 variants
Compiling compute shader "AxisActivations"
    starting stripping...
    finished in 0.00 seconds. 6 of 6 variants left
    6 variants, starting compilation...
    finished in 0.00 seconds. Local cache hits 6, remote cache hits 0, compiled 0 variants
Compiling compute shader "Normalization"
    starting stripping...
    finished in 0.00 seconds. 8 of 8 variants left
    8 variants, starting compilation...
    finished in 0.01 seconds. Local cache hits 8, remote cache hits 0, compiled 0 variants
Compiling compute shader "Random"
    starting stripping...
    finished in 0.00 seconds. 10 of 10 variants left
    10 variants, starting compilation...
    finished in 0.01 seconds. Local cache hits 10, remote cache hits 0, compiled 0 variants
Compiling compute shader "NMS"
    starting stripping...
    finished in 0.00 seconds. 8 of 8 variants left
    8 variants, starting compilation...
    finished in 0.00 seconds. Local cache hits 8, remote cache hits 0, compiled 0 variants
Compiling compute shader "Spectral"
    starting stripping...
    finished in 0.00 seconds. 8 of 8 variants left
    8 variants, starting compilation...
    finished in 0.00 seconds. Local cache hits 8, remote cache hits 0, compiled 0 variants
Compiling compute shader "ReferenceImpl.PadA"
    starting stripping...
    finished in 0.00 seconds. 10 of 10 variants left
    10 variants, starting compilation...
    finished in 0.00 seconds. Local cache hits 10, remote cache hits 0, compiled 0 variants
Compiling compute shader "RNN"
    starting stripping...
    finished in 0.00 seconds. 2 of 2 variants left
    2 variants, starting compilation...
    finished in 0.00 seconds. Local cache hits 2, remote cache hits 0, compiled 0 variants
Compiling compute shader "CumSum"
    starting stripping...
    finished in 0.00 seconds. 16 of 16 variants left
    16 variants, starting compilation...
    finished in 0.01 seconds. Local cache hits 16, remote cache hits 0, compiled 0 variants
Compiling compute shader "ScatterOps"
    starting stripping...
    finished in 0.00 seconds. 20 of 20 variants left
    20 variants, starting compilation...
    finished in 0.01 seconds. Local cache hits 20, remote cache hits 0, compiled 0 variants
Compiling compute shader "Compute.Shaders.ReductionUnrolled.gen"
    starting stripping...
    finished in 0.00 seconds. 38 of 38 variants left
    38 variants, starting compilation...
    finished in 0.01 seconds. Local cache hits 38, remote cache hits 0, compiled 0 variants
Compiling compute shader "Clip"
    starting stripping...
    finished in 0.00 seconds. 16 of 16 variants left
    16 variants, starting compilation...
    finished in 0.01 seconds. Local cache hits 16, remote cache hits 0, compiled 0 variants
Compiling compute shader "WindowedDFTMatrix"
    starting stripping...
    finished in 0.00 seconds. 16 of 16 variants left
    16 variants, starting compilation...
    finished in 0.01 seconds. Local cache hits 16, remote cache hits 0, compiled 0 variants
Compiling compute shader "Dense"
    starting stripping...
    finished in 0.00 seconds. 24 of 24 variants left
    24 variants, starting compilation...
    finished in 0.01 seconds. Local cache hits 24, remote cache hits 0, compiled 0 variants
Compiling compute shader "ReferenceImpl.GenericA"
    starting stripping...
    finished in 0.00 seconds. 4 of 4 variants left
    4 variants, starting compilation...
    finished in 0.00 seconds. Local cache hits 4, remote cache hits 0, compiled 0 variants
Compiling compute shader "BitonicSort"
    starting stripping...
    finished in 0.00 seconds. 8 of 8 variants left
    8 variants, starting compilation...
    finished in 0.01 seconds. Local cache hits 8, remote cache hits 0, compiled 0 variants
Compiling compute shader "ConvGeneric"
    starting stripping...
    finished in 0.00 seconds. 408 of 408 variants left
    408 variants, starting compilation...
Shader warning in 'ConvGeneric': "TRANSPOSE_OUTPUT variants not supported with NON_UNIFORM_CONVGROUP_PER_OC, make sure this variant is not used" at kernel Conv1D_OutTransposed_4eoc_4esp at ConvGeneric.compute(548)
Shader warning in 'ConvGeneric': "TRANSPOSE_OUTPUT variants not supported with NON_UNIFORM_CONVGROUP_PER_OC, make sure this variant is not used" at kernel Conv1D_OutTransposed_4eoc_4esp at ConvGeneric.compute(547)
Shader warning in 'ConvGeneric': "TRANSPOSE_OUTPUT variants not supported with NON_UNIFORM_CONVGROUP_PER_OC, make sure this variant is not used" at kernel Conv1D_OutTransposed_4eoc_4esp at ConvGeneric.compute(548)
Shader warning in 'ConvGeneric': "TRANSPOSE_OUTPUT variants not supported with NON_UNIFORM_CONVGROUP_PER_OC, make sure this variant is not used" at kernel Conv1D_OutTransposed_4eoc_4esp at ConvGeneric.compute(547)
Shader warning in 'ConvGeneric': "TRANSPOSE_OUTPUT variants not supported with NON_UNIFORM_CONVGROUP_PER_OC, make sure this variant is not used" at kernel Conv1D_OutTransposed_4eoc_4esp at ConvGeneric.compute(548)
Shader warning in 'ConvGeneric': "TRANSPOSE_OUTPUT variants not supported with NON_UNIFORM_CONVGROUP_PER_OC, make sure this variant is not used" at kernel Conv1D_OutTransposed_4eoc_4esp at ConvGeneric.compute(546)
Shader warning in 'ConvGeneric': "TRANSPOSE_OUTPUT variants not supported with NON_UNIFORM_CONVGROUP_PER_OC, make sure this variant is not used" at kernel Conv1D_OutTransposed_4eoc_4esp at ConvGeneric.compute(547)
Shader warning in 'ConvGeneric': "TRANSPOSE_OUTPUT variants not supported with NON_UNIFORM_CONVGROUP_PER_OC, make sure this variant is not used" at kernel Conv1D_OutTransposed_4eoc_4esp at ConvGeneric.compute(548)
Shader warning in 'ConvGeneric': "TRANSPOSE_OUTPUT variants not supported with NON_UNIFORM_CONVGROUP_PER_OC, make sure this variant is not used" at kernel Conv1D_OutTransposed_4eoc_4esp at ConvGeneric.compute(546)
Shader warning in 'ConvGeneric': "TRANSPOSE_OUTPUT variants not supported with NON_UNIFORM_CONVGROUP_PER_OC, make sure this variant is not used" at kernel Conv1D_OutTransposed_4eoc_4esp at ConvGeneric.compute(547)
Shader warning in 'ConvGeneric': "TRANSPOSE_OUTPUT variants not supported with NON_UNIFORM_CONVGROUP_PER_OC, make sure this variant is not used" at kernel Conv1DComplex_OutTransposed_4eoc_4esp at ConvGeneric.compute(548)
Shader warning in 'ConvGeneric': "TRANSPOSE_OUTPUT variants not supported with NON_UNIFORM_CONVGROUP_PER_OC, make sure this variant is not used" at kernel Conv1D_OutTransposed_4eoc_4esp at ConvGeneric.compute(548)
Shader warning in 'ConvGeneric': "TRANSPOSE_OUTPUT variants not supported with NON_UNIFORM_CONVGROUP_PER_OC, make sure this variant is not used" at kernel Conv1D_OutTransposed_4eoc_4esp at ConvGeneric.compute(546)
Shader warning in 'ConvGeneric': "TRANSPOSE_OUTPUT variants not supported with NON_UNIFORM_CONVGROUP_PER_OC, make sure this variant is not used" at kernel Conv1DComplex_OutTransposed_4eoc_4esp at ConvGeneric.compute(547)
Shader warning in 'ConvGeneric': "TRANSPOSE_OUTPUT variants not supported with NON_UNIFORM_CONVGROUP_PER_OC, make sure this variant is not used" at kernel Conv1D_OutTransposed_4eoc_4esp at ConvGeneric.compute(547)
Shader warning in 'ConvGeneric': "TRANSPOSE_OUTPUT variants not supported with NON_UNIFORM_CONVGROUP_PER_OC, make sure this variant is not used" at kernel Conv1DComplex_OutTransposed_4eoc_4esp at ConvGeneric.compute(548)
Shader warning in 'ConvGeneric': "TRANSPOSE_OUTPUT variants not supported with NON_UNIFORM_CONVGROUP_PER_OC, make sure this variant is not used" at kernel Conv1D_OutTransposed_4eoc_4esp at ConvGeneric.compute(548)
Shader warning in 'ConvGeneric': "TRANSPOSE_OUTPUT variants not supported with NON_UNIFORM_CONVGROUP_PER_OC, make sure this variant is not used" at kernel Conv1D_OutTransposed_4eoc_4esp at ConvGeneric.compute(546)
Shader warning in 'ConvGeneric': "TRANSPOSE_OUTPUT variants not supported with NON_UNIFORM_CONVGROUP_PER_OC, make sure this variant is not used" at kernel Conv1DComplex_OutTransposed_4eoc_4esp at ConvGeneric.compute(547)
Shader warning in 'ConvGeneric': "TRANSPOSE_OUTPUT variants not supported with NON_UNIFORM_CONVGROUP_PER_OC, make sure this variant is not used" at kernel Conv1D_OutTransposed_4eoc_4esp at ConvGeneric.compute(547)
Shader warning in 'ConvGeneric': "TRANSPOSE_OUTPUT variants not supported with NON_UNIFORM_CONVGROUP_PER_OC, make sure this variant is not used" at kernel Conv1DComplex_OutTransposed_4eoc_4esp at ConvGeneric.compute(548)
Shader warning in 'ConvGeneric': "TRANSPOSE_OUTPUT variants not supported with NON_UNIFORM_CONVGROUP_PER_OC, make sure this variant is not used" at kernel Conv1D_OutTransposed_4eoc_4esp at ConvGeneric.compute(548)
Shader warning in 'ConvGeneric': "TRANSPOSE_OUTPUT variants not supported with NON_UNIFORM_CONVGROUP_PER_OC, make sure this variant is not used" at kernel Conv1DComplex_OutTransposed_4eoc_4esp at ConvGeneric.compute(546)
Shader warning in 'ConvGeneric': "TRANSPOSE_OUTPUT variants not supported with NON_UNIFORM_CONVGROUP_PER_OC, make sure this variant is not used" at kernel Conv1D_OutTransposed_4eoc_4esp at ConvGeneric.compute(546)
Shader warning in 'ConvGeneric': "TRANSPOSE_OUTPUT variants not supported with NON_UNIFORM_CONVGROUP_PER_OC, make sure this variant is not used" at kernel Conv1DComplex_OutTransposed_4eoc_4esp at ConvGeneric.compute(547)
Shader warning in 'ConvGeneric': "TRANSPOSE_OUTPUT variants not supported with NON_UNIFORM_CONVGROUP_PER_OC, make sure this variant is not used" at kernel Conv1D_OutTransposed_4eoc_4esp at ConvGeneric.compute(547)
Shader warning in 'ConvGeneric': "TRANSPOSE_OUTPUT variants not supported with NON_UNIFORM_CONVGROUP_PER_OC, make sure this variant is not used" at kernel Conv1DComplex_OutTransposed_4eoc_4esp at ConvGeneric.compute(548)
Shader warning in 'ConvGeneric': "TRANSPOSE_OUTPUT variants not supported with NON_UNIFORM_CONVGROUP_PER_OC, make sure this variant is not used" at kernel Conv1D_OutTransposed_4eoc_4esp at ConvGeneric.compute(548)
Shader warning in 'ConvGeneric': "TRANSPOSE_OUTPUT variants not supported with NON_UNIFORM_CONVGROUP_PER_OC, make sure this variant is not used" at kernel Conv1DComplex_OutTransposed_4eoc_4esp at ConvGeneric.compute(546)
Shader warning in 'ConvGeneric': "TRANSPOSE_OUTPUT variants not supported with NON_UNIFORM_CONVGROUP_PER_OC, make sure this variant is not used" at kernel Conv1D_OutTransposed_4eoc_4esp at ConvGeneric.compute(546)
Shader warning in 'ConvGeneric': "TRANSPOSE_OUTPUT variants not supported with NON_UNIFORM_CONVGROUP_PER_OC, make sure this variant is not used" at kernel Conv1DComplex_OutTransposed_4eoc_4esp at ConvGeneric.compute(547)
Shader warning in 'ConvGeneric': "TRANSPOSE_OUTPUT variants not supported with NON_UNIFORM_CONVGROUP_PER_OC, make sure this variant is not used" at kernel Conv1D_OutTransposed_4eoc_4esp at ConvGeneric.compute(547)
Shader warning in 'ConvGeneric': "TRANSPOSE_OUTPUT variants not supported with NON_UNIFORM_CONVGROUP_PER_OC, make sure this variant is not used" at kernel Conv1DComplex_OutTransposed_4eoc_4esp at ConvGeneric.compute(548)
Shader warning in 'ConvGeneric': "TRANSPOSE_OUTPUT variants not supported with NON_UNIFORM_CONVGROUP_PER_OC, make sure this variant is not used" at kernel Conv1D_OutTransposed_4eoc_4esp at ConvGeneric.compute(548)
Shader warning in 'ConvGeneric': "TRANSPOSE_OUTPUT variants not supported with NON_UNIFORM_CONVGROUP_PER_OC, make sure this variant is not used" at kernel Conv1D_Scaled_OutTransposed_4eoc_4esp at ConvGeneric.compute(548)
Shader warning in 'ConvGeneric': "TRANSPOSE_OUTPUT variants not supported with NON_UNIFORM_CONVGROUP_PER_OC, make sure this variant is not used" at kernel Conv1DComplex_OutTransposed_4eoc_4esp at ConvGeneric.compute(546)
Shader warning in 'ConvGeneric': "TRANSPOSE_OUTPUT variants not supported with NON_UNIFORM_CONVGROUP_PER_OC, make sure this variant is not used" at kernel Conv1D_OutTransposed_4eoc_4esp at ConvGeneric.compute(546)
Shader warning in 'ConvGeneric': "TRANSPOSE_OUTPUT variants not supported with NON_UNIFORM_CONVGROUP_PER_OC, make sure this variant is not used" at kernel Conv1DComplex_OutTransposed_4eoc_4esp at ConvGeneric.compute(547)
Shader warning in 'ConvGeneric': "TRANSPOSE_OUTPUT variants not supported with NON_UNIFORM_CONVGROUP_PER_OC, make sure this variant is not used" at kernel Conv1D_OutTransposed_4eoc_4esp at ConvGeneric.compute(547)
Shader warning in 'ConvGeneric': "TRANSPOSE_OUTPUT variants not supported with NON_UNIFORM_CONVGROUP_PER_OC, make sure this variant is not used" at kernel Conv1D_Scaled_OutTransposed_4eoc_4esp at ConvGeneric.compute(547)
Shader warning in 'ConvGeneric': "TRANSPOSE_OUTPUT variants not supported with NON_UNIFORM_CONVGROUP_PER_OC, make sure this variant is not used" at kernel Conv1DComplex_OutTransposed_4eoc_4esp at ConvGeneric.compute(548)
Shader warning in 'ConvGeneric': "TRANSPOSE_OUTPUT variants not supported with NON_UNIFORM_CONVGROUP_PER_OC, make sure this variant is not used" at kernel Conv1D_OutTransposed_4eoc_4esp at ConvGeneric.compute(548)
Shader warning in 'ConvGeneric': "TRANSPOSE_OUTPUT variants not supported with NON_UNIFORM_CONVGROUP_PER_OC, make sure this variant is not used" at kernel Conv1D_Scaled_OutTransposed_4eoc_4esp at ConvGeneric.compute(548)
Shader warning in 'ConvGeneric': "TRANSPOSE_OUTPUT variants not supported with NON_UNIFORM_CONVGROUP_PER_OC, make sure this variant is not used" at kernel Conv1DComplex_OutTransposed_4eoc_4esp at ConvGeneric.compute(546)
Shader warning in 'ConvGeneric': "TRANSPOSE_OUTPUT variants not supported with NON_UNIFORM_CONVGROUP_PER_OC, make sure this variant is not used" at kernel Conv1D_OutTransposed_4eoc_4esp at ConvGeneric.compute(546)
Shader warning in 'ConvGeneric': "TRANSPOSE_OUTPUT variants not supported with NON_UNIFORM_CONVGROUP_PER_OC, make sure this variant is not used" at kernel Conv1DComplex_OutTransposed_4eoc_4esp at ConvGeneric.compute(547)
Shader warning in 'ConvGeneric': "TRANSPOSE_OUTPUT variants not supported with NON_UNIFORM_CONVGROUP_PER_OC, make sure this variant is not used" at kernel Conv1D_OutTransposed_4eoc_4esp at ConvGeneric.compute(547)
Shader warning in 'ConvGeneric': "TRANSPOSE_OUTPUT variants not supported with NON_UNIFORM_CONVGROUP_PER_OC, make sure this variant is not used" at kernel Conv1D_Scaled_OutTransposed_4eoc_4esp at ConvGeneric.compute(547)
Shader warning in 'ConvGeneric': "TRANSPOSE_OUTPUT variants not supported with NON_UNIFORM_CONVGROUP_PER_OC, make sure this variant is not used" at kernel Conv1DComplex_OutTransposed_4eoc_4esp at ConvGeneric.compute(548)
Shader warning in 'ConvGeneric': "TRANSPOSE_OUTPUT variants not supported with NON_UNIFORM_CONVGROUP_PER_OC, make sure this variant is not used" at kernel Conv1D_OutTransposed_4eoc_4esp at ConvGeneric.compute(548)
Shader warning in 'ConvGeneric': "TRANSPOSE_OUTPUT variants not supported with NON_UNIFORM_CONVGROUP_PER_OC, make sure this variant is not used" at kernel Conv1D_Scaled_OutTransposed_4eoc_4esp at ConvGeneric.compute(548)
Shader warning in 'ConvGeneric': "TRANSPOSE_OUTPUT variants not supported with NON_UNIFORM_CONVGROUP_PER_OC, make sure this variant is not used" at kernel Conv1DComplex_OutTransposed_4eoc_4esp at ConvGeneric.compute(546)
Shader warning in 'ConvGeneric': "TRANSPOSE_OUTPUT variants not supported with NON_UNIFORM_CONVGROUP_PER_OC, make sure this variant is not used" at kernel Conv1D_OutTransposed_4eoc_4esp at ConvGeneric.compute(546)
Shader warning in 'ConvGeneric': "TRANSPOSE_OUTPUT variants not supported with NON_UNIFORM_CONVGROUP_PER_OC, make sure this variant is not used" at kernel Conv1D_Scaled_OutTransposed_4eoc_4esp at ConvGeneric.compute(546)
Shader warning in 'ConvGeneric': "TRANSPOSE_OUTPUT variants not supported with NON_UNIFORM_CONVGROUP_PER_OC, make sure this variant is not used" at kernel Conv1DComplex_OutTransposed_4eoc_4esp at ConvGeneric.compute(547)
Shader warning in 'ConvGeneric': "TRANSPOSE_OUTPUT variants not supported with NON_UNIFORM_CONVGROUP_PER_OC, make sure this variant is not used" at kernel Conv1D_OutTransposed_4eoc_4esp at ConvGeneric.compute(547)
Shader warning in 'ConvGeneric': "TRANSPOSE_OUTPUT variants not supported with NON_UNIFORM_CONVGROUP_PER_OC, make sure this variant is not used" at kernel Conv1D_Scaled_OutTransposed_4eoc_4esp at ConvGeneric.compute(547)
Shader warning in 'ConvGeneric': "TRANSPOSE_OUTPUT variants not supported with NON_UNIFORM_CONVGROUP_PER_OC, make sure this variant is not used" at kernel Conv1DComplex_OutTransposed_4eoc_4esp at ConvGeneric.compute(548)
Shader warning in 'ConvGeneric': "TRANSPOSE_OUTPUT variants not supported with NON_UNIFORM_CONVGROUP_PER_OC, make sure this variant is not used" at kernel Conv1D_OutTransposed_4eoc_4esp at ConvGeneric.compute(548)
Shader warning in 'ConvGeneric': "TRANSPOSE_OUTPUT variants not supported with NON_UNIFORM_CONVGROUP_PER_OC, make sure this variant is not used" at kernel Conv1D_Scaled_OutTransposed_4eoc_4esp at ConvGeneric.compute(548)
Shader warning in 'ConvGeneric': "TRANSPOSE_OUTPUT variants not supported with NON_UNIFORM_CONVGROUP_PER_OC, make sure this variant is not used" at kernel Conv1DComplex_OutTransposed_4eoc_4esp at ConvGeneric.compute(546)
Shader warning in 'ConvGeneric': "TRANSPOSE_OUTPUT variants not supported with NON_UNIFORM_CONVGROUP_PER_OC, make sure this variant is not used" at kernel Conv1D_OutTransposed_4eoc_4esp at ConvGeneric.compute(546)
Shader warning in 'ConvGeneric': "TRANSPOSE_OUTPUT variants not supported with NON_UNIFORM_CONVGROUP_PER_OC, make sure this variant is not used" at kernel Conv1D_Scaled_OutTransposed_4eoc_4esp at ConvGeneric.compute(546)
Shader warning in 'ConvGeneric': "TRANSPOSE_OUTPUT variants not supported with NON_UNIFORM_CONVGROUP_PER_OC, make sure this variant is not used" at kernel Conv1DComplex_OutTransposed_4eoc_4esp at ConvGeneric.compute(547)
Shader warning in 'ConvGeneric': "TRANSPOSE_OUTPUT variants not supported with NON_UNIFORM_CONVGROUP_PER_OC, make sure this variant is not used" at kernel Conv1D_OutTransposed_4eoc_4esp at ConvGeneric.compute(547)
Shader warning in 'ConvGeneric': "TRANSPOSE_OUTPUT variants not supported with NON_UNIFORM_CONVGROUP_PER_OC, make sure this variant is not used" at kernel Conv1D_Scaled_OutTransposed_4eoc_4esp at ConvGeneric.compute(547)
Shader warning in 'ConvGeneric': "TRANSPOSE_OUTPUT variants not supported with NON_UNIFORM_CONVGROUP_PER_OC, make sure this variant is not used" at kernel Conv1DComplex_OutTransposed_4eoc_4esp at ConvGeneric.compute(548)
Shader warning in 'ConvGeneric': "TRANSPOSE_OUTPUT variants not supported with NON_UNIFORM_CONVGROUP_PER_OC, make sure this variant is not used" at kernel Conv1D_OutTransposed_4eoc_4esp at ConvGeneric.compute(548)
Shader warning in 'ConvGeneric': "TRANSPOSE_OUTPUT variants not supported with NON_UNIFORM_CONVGROUP_PER_OC, make sure this variant is not used" at kernel Conv1D_Scaled_Complex_OutTransposed_4eoc_4esp at ConvGeneric.compute(548)
Shader warning in 'ConvGeneric': "TRANSPOSE_OUTPUT variants not supported with NON_UNIFORM_CONVGROUP_PER_OC, make sure this variant is not used" at kernel Conv1D_Scaled_OutTransposed_4eoc_4esp at ConvGeneric.compute(548)
Shader warning in 'ConvGeneric': "TRANSPOSE_OUTPUT variants not supported with NON_UNIFORM_CONVGROUP_PER_OC, make sure this variant is not used" at kernel Conv1DComplex_OutTransposed_4eoc_4esp at ConvGeneric.compute(546)
Shader warning in 'ConvGeneric': "TRANSPOSE_OUTPUT variants not supported with NON_UNIFORM_CONVGROUP_PER_OC, make sure this variant is not used" at kernel Conv1D_OutTransposed_4eoc_4esp at ConvGeneric.compute(546)
Shader warning in 'ConvGeneric': "TRANSPOSE_OUTPUT variants not supported with NON_UNIFORM_CONVGROUP_PER_OC, make sure this variant is not used" at kernel Conv1D_Scaled_OutTransposed_4eoc_4esp at ConvGeneric.compute(546)
Shader warning in 'ConvGeneric': "TRANSPOSE_OUTPUT variants not supported with NON_UNIFORM_CONVGROUP_PER_OC, make sure this variant is not used" at kernel Conv1DComplex_OutTransposed_4eoc_4esp at ConvGeneric.compute(547)
Shader warning in 'ConvGeneric': "TRANSPOSE_OUTPUT variants not supported with NON_UNIFORM_CONVGROUP_PER_OC, make sure this variant is not used" at kernel Conv1D_OutTransposed_4eoc_4esp at ConvGeneric.compute(547)
Shader warning in 'ConvGeneric': "TRANSPOSE_OUTPUT variants not supported with NON_UNIFORM_CONVGROUP_PER_OC, make sure this variant is not used" at kernel Conv1D_Scaled_Complex_OutTransposed_4eoc_4esp at ConvGeneric.compute(547)
Shader warning in 'ConvGeneric': "TRANSPOSE_OUTPUT variants not supported with NON_UNIFORM_CONVGROUP_PER_OC, make sure this variant is not used" at kernel Conv1D_Scaled_OutTransposed_4eoc_4esp at ConvGeneric.compute(547)
Shader warning in 'ConvGeneric': "TRANSPOSE_OUTPUT variants not supported with NON_UNIFORM_CONVGROUP_PER_OC, make sure this variant is not used" at kernel Conv1DComplex_OutTransposed_4eoc_4esp at ConvGeneric.compute(548)
Shader warning in 'ConvGeneric': "TRANSPOSE_OUTPUT variants not supported with NON_UNIFORM_CONVGROUP_PER_OC, make sure this variant is not used" at kernel Conv1D_OutTransposed_4eoc_4esp at ConvGeneric.compute(548)
Shader warning in 'ConvGeneric': "TRANSPOSE_OUTPUT variants not supported with NON_UNIFORM_CONVGROUP_PER_OC, make sure this variant is not used" at kernel Conv1D_Scaled_Complex_OutTransposed_4eoc_4esp at ConvGeneric.compute(548)
Shader warning in 'ConvGeneric': "TRANSPOSE_OUTPUT variants not supported with NON_UNIFORM_CONVGROUP_PER_OC, make sure this variant is not used" at kernel Conv1D_Scaled_OutTransposed_4eoc_4esp at ConvGeneric.compute(548)
Shader warning in 'ConvGeneric': "TRANSPOSE_OUTPUT variants not supported with NON_UNIFORM_CONVGROUP_PER_OC, make sure this variant is not used" at kernel Conv1DComplex_OutTransposed_4eoc_4esp at ConvGeneric.compute(546)
Shader warning in 'ConvGeneric': "TRANSPOSE_OUTPUT variants not supported with NON_UNIFORM_CONVGROUP_PER_OC, make sure this variant is not used" at kernel Conv1D_OutTransposed_4eoc_4esp at ConvGeneric.compute(546)
Shader warning in 'ConvGeneric': "TRANSPOSE_OUTPUT variants not supported with NON_UNIFORM_CONVGROUP_PER_OC, make sure this variant is not used" at kernel Conv1D_Scaled_OutTransposed_4eoc_4esp at ConvGeneric.compute(546)
Shader warning in 'ConvGeneric': "TRANSPOSE_OUTPUT variants not supported with NON_UNIFORM_CONVGROUP_PER_OC, make sure this variant is not used" at kernel Conv1DComplex_OutTransposed_4eoc_4esp at ConvGeneric.compute(547)
Shader warning in 'ConvGeneric': "TRANSPOSE_OUTPUT variants not supported with NON_UNIFORM_CONVGROUP_PER_OC, make sure this variant is not used" at kernel Conv1D_OutTransposed_4eoc_4esp at ConvGeneric.compute(547)
Shader warning in 'ConvGeneric': "TRANSPOSE_OUTPUT variants not supported with NON_UNIFORM_CONVGROUP_PER_OC, make sure this variant is not used" at kernel Conv1D_Scaled_Complex_OutTransposed_4eoc_4esp at ConvGeneric.compute(547)
Shader warning in 'ConvGeneric': "TRANSPOSE_OUTPUT variants not supported with NON_UNIFORM_CONVGROUP_PER_OC, make sure this variant is not used" at kernel Conv1D_Scaled_OutTransposed_4eoc_4esp at ConvGeneric.compute(547)
Shader warning in 'ConvGeneric': "TRANSPOSE_OUTPUT variants not supported with NON_UNIFORM_CONVGROUP_PER_OC, make sure this variant is not used" at kernel Conv1DComplex_OutTransposed_4eoc_4esp at ConvGeneric.compute(548)
Shader warning in 'ConvGeneric': "TRANSPOSE_OUTPUT variants not supported with NON_UNIFORM_CONVGROUP_PER_OC, make sure this variant is not used" at kernel Conv1D_OutTransposed_4eoc_4esp at ConvGeneric.compute(548)
Shader warning in 'ConvGeneric': "TRANSPOSE_OUTPUT variants not supported with NON_UNIFORM_CONVGROUP_PER_OC, make sure this variant is not used" at kernel Conv1D_Scaled_Complex_OutTransposed_4eoc_4esp at ConvGeneric.compute(548)
Shader warning in 'ConvGeneric': "TRANSPOSE_OUTPUT variants not supported with NON_UNIFORM_CONVGROUP_PER_OC, make sure this variant is not used" at kernel Conv1D_Scaled_OutTransposed_4eoc_4esp at ConvGeneric.compute(548)
Shader warning in 'ConvGeneric': "TRANSPOSE_OUTPUT variants not supported with NON_UNIFORM_CONVGROUP_PER_OC, make sure this variant is not used" at kernel Conv1DComplex_OutTransposed_4eoc_4esp at ConvGeneric.compute(546)
Shader warning in 'ConvGeneric': "TRANSPOSE_OUTPUT variants not supported with NON_UNIFORM_CONVGROUP_PER_OC, make sure this variant is not used" at kernel Conv1D_OutTransposed_4eoc_4esp at ConvGeneric.compute(546)
Shader warning in 'ConvGeneric': "TRANSPOSE_OUTPUT variants not supported with NON_UNIFORM_CONVGROUP_PER_OC, make sure this variant is not used" at kernel Conv1D_Scaled_Complex_OutTransposed_4eoc_4esp at ConvGeneric.compute(546)
Shader warning in 'ConvGeneric': "TRANSPOSE_OUTPUT variants not supported with NON_UNIFORM_CONVGROUP_PER_OC, make sure this variant is not used" at kernel Conv1D_Scaled_OutTransposed_4eoc_4esp at ConvGeneric.compute(546)
Shader warning in 'ConvGeneric': "TRANSPOSE_OUTPUT variants not supported with NON_UNIFORM_CONVGROUP_PER_OC, make sure this variant is not used" at kernel Conv1DComplex_OutTransposed_4eoc_4esp at ConvGeneric.compute(547)
Shader warning in 'ConvGeneric': "TRANSPOSE_OUTPUT variants not supported with NON_UNIFORM_CONVGROUP_PER_OC, make sure this variant is not used" at kernel Conv1D_OutTransposed_4eoc_4esp at ConvGeneric.compute(547)
Shader warning in 'ConvGeneric': "TRANSPOSE_OUTPUT variants not supported with NON_UNIFORM_CONVGROUP_PER_OC, make sure this variant is not used" at kernel Conv1D_Scaled_Complex_OutTransposed_4eoc_4esp at ConvGeneric.compute(547)
Shader warning in 'ConvGeneric': "TRANSPOSE_OUTPUT variants not supported with NON_UNIFORM_CONVGROUP_PER_OC, make sure this variant is not used" at kernel Conv1D_Scaled_OutTransposed_4eoc_4esp at ConvGeneric.compute(547)
Shader warning in 'ConvGeneric': "TRANSPOSE_OUTPUT variants not supported with NON_UNIFORM_CONVGROUP_PER_OC, make sure this variant is not used" at kernel Conv1DComplex_OutTransposed_4eoc_4esp at ConvGeneric.compute(548)
Shader warning in 'ConvGeneric': "TRANSPOSE_OUTPUT variants not supported with NON_UNIFORM_CONVGROUP_PER_OC, make sure this variant is not used" at kernel Conv1D_OutTransposed_4eoc_4esp at ConvGeneric.compute(548)
Shader warning in 'ConvGeneric': "TRANSPOSE_OUTPUT variants not supported with NON_UNIFORM_CONVGROUP_PER_OC, make sure this variant is not used" at kernel Conv1D_Scaled_Complex_OutTransposed_4eoc_4esp at ConvGeneric.compute(548)
Shader warning in 'ConvGeneric': "TRANSPOSE_OUTPUT variants not supported with NON_UNIFORM_CONVGROUP_PER_OC, make sure this variant is not used" at kernel Conv1D_Scaled_OutTransposed_4eoc_4esp at ConvGeneric.compute(548)
Shader warning in 'ConvGeneric': "TRANSPOSE_OUTPUT variants not supported with NON_UNIFORM_CONVGROUP_PER_OC, make sure this variant is not used" at kernel Conv1DComplex_OutTransposed_4eoc_4esp at ConvGeneric.compute(546)
Shader warning in 'ConvGeneric': "TRANSPOSE_OUTPUT variants not supported with NON_UNIFORM_CONVGROUP_PER_OC, make sure this variant is not used" at kernel Conv1D_OutTransposed_4eoc_4esp at ConvGeneric.compute(546)
Shader warning in 'ConvGeneric': "TRANSPOSE_OUTPUT variants not supported with NON_UNIFORM_CONVGROUP_PER_OC, make sure this variant is not used" at kernel Conv1D_Scaled_Complex_OutTransposed_4eoc_4esp at ConvGeneric.compute(546)
Shader warning in 'ConvGeneric': "TRANSPOSE_OUTPUT variants not supported with NON_UNIFORM_CONVGROUP_PER_OC, make sure this variant is not used" at kernel Conv1D_Scaled_OutTransposed_4eoc_4esp at ConvGeneric.compute(546)
Shader warning in 'ConvGeneric': "TRANSPOSE_OUTPUT variants not supported with NON_UNIFORM_CONVGROUP_PER_OC, make sure this variant is not used" at kernel Conv1DComplex_OutTransposed_4eoc_4esp at ConvGeneric.compute(547)
Shader warning in 'ConvGeneric': "TRANSPOSE_OUTPUT variants not supported with NON_UNIFORM_CONVGROUP_PER_OC, make sure this variant is not used" at kernel Conv1D_OutTransposed_4eoc_4esp at ConvGeneric.compute(547)
Shader warning in 'ConvGeneric': "TRANSPOSE_OUTPUT variants not supported with NON_UNIFORM_CONVGROUP_PER_OC, make sure this variant is not used" at kernel Conv1D_Scaled_Complex_OutTransposed_4eoc_4esp at ConvGeneric.compute(547)
Shader warning in 'ConvGeneric': "TRANSPOSE_OUTPUT variants not supported with NON_UNIFORM_CONVGROUP_PER_OC, make sure this variant is not used" at kernel Conv1D_Scaled_OutTransposed_4eoc_4esp at ConvGeneric.compute(547)
Shader warning in 'ConvGeneric': "TRANSPOSE_OUTPUT variants not supported with NON_UNIFORM_CONVGROUP_PER_OC, make sure this variant is not used" at kernel Conv1DComplex_OutTransposed_4eoc_4esp at ConvGeneric.compute(548)
Shader warning in 'ConvGeneric': "TRANSPOSE_OUTPUT variants not supported with NON_UNIFORM_CONVGROUP_PER_OC, make sure this variant is not used" at kernel Conv1D_OutTransposedDouble_4eoc_4esp at ConvGeneric.compute(548)
Shader warning in 'ConvGeneric': "TRANSPOSE_OUTPUT variants not supported with NON_UNIFORM_CONVGROUP_PER_OC, make sure this variant is not used" at kernel Conv1D_OutTransposed_4eoc_4esp at ConvGeneric.compute(548)
Shader warning in 'ConvGeneric': "TRANSPOSE_OUTPUT variants not supported with NON_UNIFORM_CONVGROUP_PER_OC, make sure this variant is not used" at kernel Conv1D_Scaled_Complex_OutTransposed_4eoc_4esp at ConvGeneric.compute(548)
Shader warning in 'ConvGeneric': "TRANSPOSE_OUTPUT variants not supported with NON_UNIFORM_CONVGROUP_PER_OC, make sure this variant is not used" at kernel Conv1D_Scaled_OutTransposed_4eoc_4esp at ConvGeneric.compute(548)
Shader warning in 'ConvGeneric': "TRANSPOSE_OUTPUT variants not supported with NON_UNIFORM_CONVGROUP_PER_OC, make sure this variant is not used" at kernel Conv1DComplex_OutTransposed_4eoc_4esp at ConvGeneric.compute(546)
Shader warning in 'ConvGeneric': "TRANSPOSE_OUTPUT variants not supported with NON_UNIFORM_CONVGROUP_PER_OC, make sure this variant is not used" at kernel Conv1D_OutTransposed_4eoc_4esp at ConvGeneric.compute(546)
Shader warning in 'ConvGeneric': "TRANSPOSE_OUTPUT variants not supported with NON_UNIFORM_CONVGROUP_PER_OC, make sure this variant is not used" at kernel Conv1D_Scaled_Complex_OutTransposed_4eoc_4esp at ConvGeneric.compute(546)
Shader warning in 'ConvGeneric': "TRANSPOSE_OUTPUT variants not supported with NON_UNIFORM_CONVGROUP_PER_OC, make sure this variant is not used" at kernel Conv1D_Scaled_OutTransposed_4eoc_4esp at ConvGeneric.compute(546)
Shader warning in 'ConvGeneric': "TRANSPOSE_OUTPUT variants not supported with NON_UNIFORM_CONVGROUP_PER_OC, make sure this variant is not used" at kernel Conv1DComplex_OutTransposed_4eoc_4esp at ConvGeneric.compute(547)
Shader warning in 'ConvGeneric': "TRANSPOSE_OUTPUT variants not supported with NON_UNIFORM_CONVGROUP_PER_OC, make sure this variant is not used" at kernel Conv1D_OutTransposedDouble_4eoc_4esp at ConvGeneric.compute(547)
Shader warning in 'ConvGeneric': "TRANSPOSE_OUTPUT variants not supported with NON_UNIFORM_CONVGROUP_PER_OC, make sure this variant is not used" at kernel Conv1D_OutTransposed_4eoc_4esp at ConvGeneric.compute(547)
Shader warning in 'ConvGeneric': "TRANSPOSE_OUTPUT variants not supported with NON_UNIFORM_CONVGROUP_PER_OC, make sure this variant is not used" at kernel Conv1D_Scaled_Complex_OutTransposed_4eoc_4esp at ConvGeneric.compute(547)
Shader warning in 'ConvGeneric': "TRANSPOSE_OUTPUT variants not supported with NON_UNIFORM_CONVGROUP_PER_OC, make sure this variant is not used" at kernel Conv1D_Scaled_OutTransposed_4eoc_4esp at ConvGeneric.compute(547)
Shader warning in 'ConvGeneric': "TRANSPOSE_OUTPUT variants not supported with NON_UNIFORM_CONVGROUP_PER_OC, make sure this variant is not used" at kernel Conv1DComplex_OutTransposed_4eoc_4esp at ConvGeneric.compute(548)
Shader warning in 'ConvGeneric': "TRANSPOSE_OUTPUT variants not supported with NON_UNIFORM_CONVGROUP_PER_OC, make sure this variant is not used" at kernel Conv1D_OutTransposedDouble_4eoc_4esp at ConvGeneric.compute(548)
Shader warning in 'ConvGeneric': "TRANSPOSE_OUTPUT variants not supported with NON_UNIFORM_CONVGROUP_PER_OC, make sure this variant is not used" at kernel Conv1D_OutTransposed_4eoc_4esp at ConvGeneric.compute(548)
Shader warning in 'ConvGeneric': "TRANSPOSE_OUTPUT variants not supported with NON_UNIFORM_CONVGROUP_PER_OC, make sure this variant is not used" at kernel Conv1D_Scaled_Complex_OutTransposed_4eoc_4esp at ConvGeneric.compute(548)
Shader warning in 'ConvGeneric': "TRANSPOSE_OUTPUT variants not supported with NON_UNIFORM_CONVGROUP_PER_OC, make sure this variant is not used" at kernel Conv1D_Scaled_OutTransposed_4eoc_4esp at ConvGeneric.compute(548)
Shader warning in 'ConvGeneric': "TRANSPOSE_OUTPUT variants not supported with NON_UNIFORM_CONVGROUP_PER_OC, make sure this variant is not used" at kernel Conv1DComplex_OutTransposed_4eoc_4esp at ConvGeneric.compute(546)
Shader warning in 'ConvGeneric': "TRANSPOSE_OUTPUT variants not supported with NON_UNIFORM_CONVGROUP_PER_OC, make sure this variant is not used" at kernel Conv1D_OutTransposed_4eoc_4esp at ConvGeneric.compute(546)
Shader warning in 'ConvGeneric': "TRANSPOSE_OUTPUT variants not supported with NON_UNIFORM_CONVGROUP_PER_OC, make sure this variant is not used" at kernel Conv1D_Scaled_Complex_OutTransposed_4eoc_4esp at ConvGeneric.compute(546)
Shader warning in 'ConvGeneric': "TRANSPOSE_OUTPUT variants not supported with NON_UNIFORM_CONVGROUP_PER_OC, make sure this variant is not used" at kernel Conv1D_Scaled_OutTransposed_4eoc_4esp at ConvGeneric.compute(546)
Shader warning in 'ConvGeneric': "TRANSPOSE_OUTPUT variants not supported with NON_UNIFORM_CONVGROUP_PER_OC, make sure this variant is not used" at kernel Conv1DComplex_OutTransposed_4eoc_4esp at ConvGeneric.compute(547)
Shader warning in 'ConvGeneric': "TRANSPOSE_OUTPUT variants not supported with NON_UNIFORM_CONVGROUP_PER_OC, make sure this variant is not used" at kernel Conv1D_OutTransposedDouble_4eoc_4esp at ConvGeneric.compute(547)
Shader warning in 'ConvGeneric': "TRANSPOSE_OUTPUT variants not supported with NON_UNIFORM_CONVGROUP_PER_OC, make sure this variant is not used" at kernel Conv1D_OutTransposed_4eoc_4esp at ConvGeneric.compute(547)
Shader warning in 'ConvGeneric': "TRANSPOSE_OUTPUT variants not supported with NON_UNIFORM_CONVGROUP_PER_OC, make sure this variant is not used" at kernel Conv1D_Scaled_Complex_OutTransposed_4eoc_4esp at ConvGeneric.compute(547)
Shader warning in 'ConvGeneric': "TRANSPOSE_OUTPUT variants not supported with NON_UNIFORM_CONVGROUP_PER_OC, make sure this variant is not used" at kernel Conv1D_Scaled_OutTransposed_4eoc_4esp at ConvGeneric.compute(547)
Shader warning in 'ConvGeneric': "TRANSPOSE_OUTPUT variants not supported with NON_UNIFORM_CONVGROUP_PER_OC, make sure this variant is not used" at kernel Conv1DComplex_OutTransposed_4eoc_4esp at ConvGeneric.compute(548)
Shader warning in 'ConvGeneric': "TRANSPOSE_OUTPUT variants not supported with NON_UNIFORM_CONVGROUP_PER_OC, make sure this variant is not used" at kernel Conv1D_OutTransposedDouble_4eoc_4esp at ConvGeneric.compute(548)
Shader warning in 'ConvGeneric': "TRANSPOSE_OUTPUT variants not supported with NON_UNIFORM_CONVGROUP_PER_OC, make sure this variant is not used" at kernel Conv1D_OutTransposed_4eoc_4esp at ConvGeneric.compute(548)
Shader warning in 'ConvGeneric': "TRANSPOSE_OUTPUT variants not supported with NON_UNIFORM_CONVGROUP_PER_OC, make sure this variant is not used" at kernel Conv1D_Scaled_Complex_OutTransposed_4eoc_4esp at ConvGeneric.compute(548)
Shader warning in 'ConvGeneric': "TRANSPOSE_OUTPUT variants not supported with NON_UNIFORM_CONVGROUP_PER_OC, make sure this variant is not used" at kernel Conv1D_Scaled_OutTransposed_4eoc_4esp at ConvGeneric.compute(548)
Shader warning in 'ConvGeneric': "TRANSPOSE_OUTPUT variants not supported with NON_UNIFORM_CONVGROUP_PER_OC, make sure this variant is not used" at kernel Conv1DComplex_OutTransposed_4eoc_4esp at ConvGeneric.compute(546)
Shader warning in 'ConvGeneric': "TRANSPOSE_OUTPUT variants not supported with NON_UNIFORM_CONVGROUP_PER_OC, make sure this variant is not used" at kernel Conv1D_OutTransposedDouble_4eoc_4esp at ConvGeneric.compute(546)
Shader warning in 'ConvGeneric': "TRANSPOSE_OUTPUT variants not supported with NON_UNIFORM_CONVGROUP_PER_OC, make sure this variant is not used" at kernel Conv1D_OutTransposed_4eoc_4esp at ConvGeneric.compute(546)
Shader warning in 'ConvGeneric': "TRANSPOSE_OUTPUT variants not supported with NON_UNIFORM_CONVGROUP_PER_OC, make sure this variant is not used" at kernel Conv1D_Scaled_Complex_OutTransposed_4eoc_4esp at ConvGeneric.compute(546)
Shader warning in 'ConvGeneric': "TRANSPOSE_OUTPUT variants not supported with NON_UNIFORM_CONVGROUP_PER_OC, make sure this variant is not used" at kernel Conv1D_Scaled_OutTransposed_4eoc_4esp at ConvGeneric.compute(546)
Shader warning in 'ConvGeneric': "TRANSPOSE_OUTPUT variants not supported with NON_UNIFORM_CONVGROUP_PER_OC, make sure this variant is not used" at kernel Conv1DComplex_OutTransposed_4eoc_4esp at ConvGeneric.compute(547)
Shader warning in 'ConvGeneric': "TRANSPOSE_OUTPUT variants not supported with NON_UNIFORM_CONVGROUP_PER_OC, make sure this variant is not used" at kernel Conv1D_OutTransposedDouble_4eoc_4esp at ConvGeneric.compute(547)
Shader warning in 'ConvGeneric': "TRANSPOSE_OUTPUT variants not supported with NON_UNIFORM_CONVGROUP_PER_OC, make sure this variant is not used" at kernel Conv1D_OutTransposed_4eoc_4esp at ConvGeneric.compute(547)
Shader warning in 'ConvGeneric': "TRANSPOSE_OUTPUT variants not supported with NON_UNIFORM_CONVGROUP_PER_OC, make sure this variant is not used" at kernel Conv1D_Scaled_Complex_OutTransposed_4eoc_4esp at ConvGeneric.compute(547)
Shader warning in 'ConvGeneric': "TRANSPOSE_OUTPUT variants not supported with NON_UNIFORM_CONVGROUP_PER_OC, make sure this variant is not used" at kernel Conv1D_Scaled_OutTransposed_4eoc_4esp at ConvGeneric.compute(547)
Shader warning in 'ConvGeneric': "TRANSPOSE_OUTPUT variants not supported with NON_UNIFORM_CONVGROUP_PER_OC, make sure this variant is not used" at kernel Conv1DComplex_OutTransposed_4eoc_4esp at ConvGeneric.compute(548)
Shader warning in 'ConvGeneric': "TRANSPOSE_OUTPUT variants not supported with NON_UNIFORM_CONVGROUP_PER_OC, make sure this variant is not used" at kernel Conv1D_OutTransposedDouble_4eoc_4esp at ConvGeneric.compute(548)
Shader warning in 'ConvGeneric': "TRANSPOSE_OUTPUT variants not supported with NON_UNIFORM_CONVGROUP_PER_OC, make sure this variant is not used" at kernel Conv1D_OutTransposed_4eoc_4esp at ConvGeneric.compute(548)
Shader warning in 'ConvGeneric': "TRANSPOSE_OUTPUT variants not supported with NON_UNIFORM_CONVGROUP_PER_OC, make sure this variant is not used" at kernel Conv1D_Scaled_Complex_OutTransposed_4eoc_4esp at ConvGeneric.compute(548)
Shader warning in 'ConvGeneric': "TRANSPOSE_OUTPUT variants not supported with NON_UNIFORM_CONVGROUP_PER_OC, make sure this variant is not used" at kernel Conv1D_Scaled_OutTransposed_4eoc_4esp at ConvGeneric.compute(548)
Shader warning in 'ConvGeneric': "TRANSPOSE_OUTPUT variants not supported with NON_UNIFORM_CONVGROUP_PER_OC, make sure this variant is not used" at kernel Conv1DComplex_OutTransposed_4eoc_4esp at ConvGeneric.compute(546)
Shader warning in 'ConvGeneric': "TRANSPOSE_OUTPUT variants not supported with NON_UNIFORM_CONVGROUP_PER_OC, make sure this variant is not used" at kernel Conv1D_OutTransposedDouble_4eoc_4esp at ConvGeneric.compute(546)
Shader warning in 'ConvGeneric': "TRANSPOSE_OUTPUT variants not supported with NON_UNIFORM_CONVGROUP_PER_OC, make sure this variant is not used" at kernel Conv1D_OutTransposed_4eoc_4esp at ConvGeneric.compute(546)
Shader warning in 'ConvGeneric': "TRANSPOSE_OUTPUT variants not supported with NON_UNIFORM_CONVGROUP_PER_OC, make sure this variant is not used" at kernel Conv1D_Scaled_Complex_OutTransposed_4eoc_4esp at ConvGeneric.compute(546)
Shader warning in 'ConvGeneric': "TRANSPOSE_OUTPUT variants not supported with NON_UNIFORM_CONVGROUP_PER_OC, make sure this variant is not used" at kernel Conv1D_Scaled_OutTransposed_4eoc_4esp at ConvGeneric.compute(546)
Shader warning in 'ConvGeneric': "TRANSPOSE_OUTPUT variants not supported with NON_UNIFORM_CONVGROUP_PER_OC, make sure this variant is not used" at kernel Conv1DComplex_OutTransposed_4eoc_4esp at ConvGeneric.compute(547)
Shader warning in 'ConvGeneric': "TRANSPOSE_OUTPUT variants not supported with NON_UNIFORM_CONVGROUP_PER_OC, make sure this variant is not used" at kernel Conv1D_OutTransposedDouble_4eoc_4esp at ConvGeneric.compute(547)
Shader warning in 'ConvGeneric': "TRANSPOSE_OUTPUT variants not supported with NON_UNIFORM_CONVGROUP_PER_OC, make sure this variant is not used" at kernel Conv1D_OutTransposed_4eoc_4esp at ConvGeneric.compute(547)
Shader warning in 'ConvGeneric': "TRANSPOSE_OUTPUT variants not supported with NON_UNIFORM_CONVGROUP_PER_OC, make sure this variant is not used" at kernel Conv1D_Scaled_Complex_OutTransposed_4eoc_4esp at ConvGeneric.compute(547)
Shader warning in 'ConvGeneric': "TRANSPOSE_OUTPUT variants not supported with NON_UNIFORM_CONVGROUP_PER_OC, make sure this variant is not used" at kernel Conv1D_Scaled_OutTransposed_4eoc_4esp at ConvGeneric.compute(547)
Shader warning in 'ConvGeneric': "TRANSPOSE_OUTPUT variants not supported with NON_UNIFORM_CONVGROUP_PER_OC, make sure this variant is not used" at kernel Conv1DComplex_OutTransposed_4eoc_4esp at ConvGeneric.compute(548)
Shader warning in 'ConvGeneric': "TRANSPOSE_OUTPUT variants not supported with NON_UNIFORM_CONVGROUP_PER_OC, make sure this variant is not used" at kernel Conv1D_OutTransposedDouble_4eoc_4esp at ConvGeneric.compute(548)
Shader warning in 'ConvGeneric': "TRANSPOSE_OUTPUT variants not supported with NON_UNIFORM_CONVGROUP_PER_OC, make sure this variant is not used" at kernel Conv1D_OutTransposed_4eoc_4esp at ConvGeneric.compute(548)
Shader warning in 'ConvGeneric': "TRANSPOSE_OUTPUT variants not supported with NON_UNIFORM_CONVGROUP_PER_OC, make sure this variant is not used" at kernel Conv1D_Scaled_Complex_OutTransposed_4eoc_4esp at ConvGeneric.compute(548)
Shader warning in 'ConvGeneric': "TRANSPOSE_OUTPUT variants not supported with NON_UNIFORM_CONVGROUP_PER_OC, make sure this variant is not used" at kernel Conv1D_Scaled_OutTransposed_4eoc_4esp at ConvGeneric.compute(548)
Shader warning in 'ConvGeneric': "TRANSPOSE_OUTPUT variants not supported with NON_UNIFORM_CONVGROUP_PER_OC, make sure this variant is not used" at kernel Conv1DComplex_OutTransposed_4eoc_4esp at ConvGeneric.compute(546)
Shader warning in 'ConvGeneric': "TRANSPOSE_OUTPUT variants not supported with NON_UNIFORM_CONVGROUP_PER_OC, make sure this variant is not used" at kernel Conv1D_OutTransposedDouble_4eoc_4esp at ConvGeneric.compute(546)
Shader warning in 'ConvGeneric': "TRANSPOSE_OUTPUT variants not supported with NON_UNIFORM_CONVGROUP_PER_OC, make sure this variant is not used" at kernel Conv1D_OutTransposed_4eoc_4esp at ConvGeneric.compute(546)
Shader warning in 'ConvGeneric': "TRANSPOSE_OUTPUT variants not supported with NON_UNIFORM_CONVGROUP_PER_OC, make sure this variant is not used" at kernel Conv1D_Scaled_Complex_OutTransposed_4eoc_4esp at ConvGeneric.compute(546)
Shader warning in 'ConvGeneric': "TRANSPOSE_OUTPUT variants not supported with NON_UNIFORM_CONVGROUP_PER_OC, make sure this variant is not used" at kernel Conv1D_Scaled_OutTransposed_4eoc_4esp at ConvGeneric.compute(546)
Shader warning in 'ConvGeneric': "TRANSPOSE_OUTPUT variants not supported with NON_UNIFORM_CONVGROUP_PER_OC, make sure this variant is not used" at kernel Conv1DComplex_OutTransposed_4eoc_4esp at ConvGeneric.compute(547)
Shader warning in 'ConvGeneric': "TRANSPOSE_OUTPUT variants not supported with NON_UNIFORM_CONVGROUP_PER_OC, make sure this variant is not used" at kernel Conv1D_OutTransposedDouble_4eoc_4esp at ConvGeneric.compute(547)
Shader warning in 'ConvGeneric': "TRANSPOSE_OUTPUT variants not supported with NON_UNIFORM_CONVGROUP_PER_OC, make sure this variant is not used" at kernel Conv1D_OutTransposed_4eoc_4esp at ConvGeneric.compute(547)
Shader warning in 'ConvGeneric': "TRANSPOSE_OUTPUT variants not supported with NON_UNIFORM_CONVGROUP_PER_OC, make sure this variant is not used" at kernel Conv1D_Scaled_Complex_OutTransposed_4eoc_4esp at ConvGeneric.compute(547)
Shader warning in 'ConvGeneric': "TRANSPOSE_OUTPUT variants not supported with NON_UNIFORM_CONVGROUP_PER_OC, make sure this variant is not used" at kernel Conv1D_Scaled_OutTransposed_4eoc_4esp at ConvGeneric.compute(547)
Shader warning in 'ConvGeneric': "TRANSPOSE_OUTPUT variants not supported with NON_UNIFORM_CONVGROUP_PER_OC, make sure this variant is not used" at kernel Conv1DComplex_OutTransposed_4eoc_4esp at ConvGeneric.compute(548)
Shader warning in 'ConvGeneric': "TRANSPOSE_OUTPUT variants not supported with NON_UNIFORM_CONVGROUP_PER_OC, make sure this variant is not used" at kernel Conv1D_OutTransposedDouble_4eoc_4esp at ConvGeneric.compute(548)
Shader warning in 'ConvGeneric': "TRANSPOSE_OUTPUT variants not supported with NON_UNIFORM_CONVGROUP_PER_OC, make sure this variant is not used" at kernel Conv1D_OutTransposed_4eoc_4esp at ConvGeneric.compute(548)
Shader warning in 'ConvGeneric': "TRANSPOSE_OUTPUT variants not supported with NON_UNIFORM_CONVGROUP_PER_OC, make sure this variant is not used" at kernel Conv1D_Scaled_Complex_OutTransposed_4eoc_4esp at ConvGeneric.compute(548)
Shader warning in 'ConvGeneric': "TRANSPOSE_OUTPUT variants not supported with NON_UNIFORM_CONVGROUP_PER_OC, make sure this variant is not used" at kernel Conv1D_Scaled_OutTransposed_4eoc_4esp at ConvGeneric.compute(548)
Shader warning in 'ConvGeneric': "TRANSPOSE_OUTPUT variants not supported with NON_UNIFORM_CONVGROUP_PER_OC, make sure this variant is not used" at kernel Conv1DComplex_OutTransposed_4eoc_4esp at ConvGeneric.compute(546)
Shader warning in 'ConvGeneric': "TRANSPOSE_OUTPUT variants not supported with NON_UNIFORM_CONVGROUP_PER_OC, make sure this variant is not used" at kernel Conv1D_OutTransposedDouble_4eoc_4esp at ConvGeneric.compute(546)
Shader warning in 'ConvGeneric': "TRANSPOSE_OUTPUT variants not supported with NON_UNIFORM_CONVGROUP_PER_OC, make sure this variant is not used" at kernel Conv1D_OutTransposed_4eoc_4esp at ConvGeneric.compute(546)
Shader warning in 'ConvGeneric': "TRANSPOSE_OUTPUT variants not supported with NON_UNIFORM_CONVGROUP_PER_OC, make sure this variant is not used" at kernel Conv1D_Scaled_Complex_OutTransposed_4eoc_4esp at ConvGeneric.compute(546)
Shader warning in 'ConvGeneric': "TRANSPOSE_OUTPUT variants not supported with NON_UNIFORM_CONVGROUP_PER_OC, make sure this variant is not used" at kernel Conv1D_Scaled_OutTransposed_4eoc_4esp at ConvGeneric.compute(546)
Shader warning in 'ConvGeneric': "TRANSPOSE_OUTPUT variants not supported with NON_UNIFORM_CONVGROUP_PER_OC, make sure this variant is not used" at kernel Conv1DComplex_OutTransposed_4eoc_4esp at ConvGeneric.compute(547)
Shader warning in 'ConvGeneric': "TRANSPOSE_OUTPUT variants not supported with NON_UNIFORM_CONVGROUP_PER_OC, make sure this variant is not used" at kernel Conv1D_OutTransposedDouble_4eoc_4esp at ConvGeneric.compute(547)
Shader warning in 'ConvGeneric': "TRANSPOSE_OUTPUT variants not supported with NON_UNIFORM_CONVGROUP_PER_OC, make sure this variant is not used" at kernel Conv1D_OutTransposed_4eoc_4esp at ConvGeneric.compute(547)
Shader warning in 'ConvGeneric': "TRANSPOSE_OUTPUT variants not supported with NON_UNIFORM_CONVGROUP_PER_OC, make sure this variant is not used" at kernel Conv1D_Scaled_Complex_OutTransposed_4eoc_4esp at ConvGeneric.compute(547)
Shader warning in 'ConvGeneric': "TRANSPOSE_OUTPUT variants not supported with NON_UNIFORM_CONVGROUP_PER_OC, make sure this variant is not used" at kernel Conv1D_Scaled_OutTransposed_4eoc_4esp at ConvGeneric.compute(547)
Shader warning in 'ConvGeneric': "TRANSPOSE_OUTPUT variants not supported with NON_UNIFORM_CONVGROUP_PER_OC, make sure this variant is not used" at kernel Conv1DComplex_OutTransposed_4eoc_4esp at ConvGeneric.compute(548)
Shader warning in 'ConvGeneric': "TRANSPOSE_OUTPUT variants not supported with NON_UNIFORM_CONVGROUP_PER_OC, make sure this variant is not used" at kernel Conv1D_OutTransposedDouble_4eoc_4esp at ConvGeneric.compute(548)
Shader warning in 'ConvGeneric': "TRANSPOSE_OUTPUT variants not supported with NON_UNIFORM_CONVGROUP_PER_OC, make sure this variant is not used" at kernel Conv1D_OutTransposed_4eoc_4esp at ConvGeneric.compute(548)
Shader warning in 'ConvGeneric': "TRANSPOSE_OUTPUT variants not supported with NON_UNIFORM_CONVGROUP_PER_OC, make sure this variant is not used" at kernel Conv1D_Scaled_Complex_OutTransposed_4eoc_4esp at ConvGeneric.compute(548)
Shader warning in 'ConvGeneric': "TRANSPOSE_OUTPUT variants not supported with NON_UNIFORM_CONVGROUP_PER_OC, make sure this variant is not used" at kernel Conv1D_Scaled_OutTransposed_4eoc_4esp at ConvGeneric.compute(548)
Shader warning in 'ConvGeneric': "TRANSPOSE_OUTPUT variants not supported with NON_UNIFORM_CONVGROUP_PER_OC, make sure this variant is not used" at kernel Conv1DComplex_OutTransposed_4eoc_4esp at ConvGeneric.compute(546)
Shader warning in 'ConvGeneric': "TRANSPOSE_OUTPUT variants not supported with NON_UNIFORM_CONVGROUP_PER_OC, make sure this variant is not used" at kernel Conv1D_OutTransposedDouble_4eoc_4esp at ConvGeneric.compute(546)
Shader warning in 'ConvGeneric': "TRANSPOSE_OUTPUT variants not supported with NON_UNIFORM_CONVGROUP_PER_OC, make sure this variant is not used" at kernel Conv1D_OutTransposed_4eoc_4esp at ConvGeneric.compute(546)
Shader warning in 'ConvGeneric': "TRANSPOSE_OUTPUT variants not supported with NON_UNIFORM_CONVGROUP_PER_OC, make sure this variant is not used" at kernel Conv1D_Scaled_Complex_OutTransposed_4eoc_4esp at ConvGeneric.compute(546)
Shader warning in 'ConvGeneric': "TRANSPOSE_OUTPUT variants not supported with NON_UNIFORM_CONVGROUP_PER_OC, make sure this variant is not used" at kernel Conv1D_Scaled_OutTransposed_4eoc_4esp at ConvGeneric.compute(546)
Shader warning in 'ConvGeneric': "TRANSPOSE_OUTPUT variants not supported with NON_UNIFORM_CONVGROUP_PER_OC, make sure this variant is not used" at kernel Conv1DComplex_OutTransposed_4eoc_4esp at ConvGeneric.compute(547)
Shader warning in 'ConvGeneric': "TRANSPOSE_OUTPUT variants not supported with NON_UNIFORM_CONVGROUP_PER_OC, make sure this variant is not used" at kernel Conv1D_OutTransposedDouble_4eoc_4esp at ConvGeneric.compute(547)
Shader warning in 'ConvGeneric': "TRANSPOSE_OUTPUT variants not supported with NON_UNIFORM_CONVGROUP_PER_OC, make sure this variant is not used" at kernel Conv1D_OutTransposed_4eoc_4esp at ConvGeneric.compute(547)
Shader warning in 'ConvGeneric': "TRANSPOSE_OUTPUT variants not supported with NON_UNIFORM_CONVGROUP_PER_OC, make sure this variant is not used" at kernel Conv1D_Scaled_Complex_OutTransposed_4eoc_4esp at ConvGeneric.compute(547)
Shader warning in 'ConvGeneric': "TRANSPOSE_OUTPUT variants not supported with NON_UNIFORM_CONVGROUP_PER_OC, make sure this variant is not used" at kernel Conv1D_Scaled_OutTransposed_4eoc_4esp at ConvGeneric.compute(547)
Shader warning in 'ConvGeneric': "TRANSPOSE_OUTPUT variants not supported with NON_UNIFORM_CONVGROUP_PER_OC, make sure this variant is not used" at kernel Conv1DComplex_OutTransposed_4eoc_4esp at ConvGeneric.compute(548)
Shader warning in 'ConvGeneric': "TRANSPOSE_OUTPUT variants not supported with NON_UNIFORM_CONVGROUP_PER_OC, make sure this variant is not used" at kernel Conv1D_OutTransposedDouble_4eoc_4esp at ConvGeneric.compute(548)
Shader warning in 'ConvGeneric': "TRANSPOSE_OUTPUT variants not supported with NON_UNIFORM_CONVGROUP_PER_OC, make sure this variant is not used" at kernel Conv1D_OutTransposed_4eoc_4esp at ConvGeneric.compute(548)
Shader warning in 'ConvGeneric': "TRANSPOSE_OUTPUT variants not supported with NON_UNIFORM_CONVGROUP_PER_OC, make sure this variant is not used" at kernel Conv1D_Scaled_Complex_OutTransposed_4eoc_4esp at ConvGeneric.compute(548)
Shader warning in 'ConvGeneric': "TRANSPOSE_OUTPUT variants not supported with NON_UNIFORM_CONVGROUP_PER_OC, make sure this variant is not used" at kernel Conv1D_Scaled_OutTransposed_4eoc_4esp at ConvGeneric.compute(548)
Shader warning in 'ConvGeneric': "TRANSPOSE_OUTPUT variants not supported with NON_UNIFORM_CONVGROUP_PER_OC, make sure this variant is not used" at kernel Conv1DComplex_OutTransposed_4eoc_4esp at ConvGeneric.compute(546)
Shader warning in 'ConvGeneric': "TRANSPOSE_OUTPUT variants not supported with NON_UNIFORM_CONVGROUP_PER_OC, make sure this variant is not used" at kernel Conv1D_OutTransposedDouble_4eoc_4esp at ConvGeneric.compute(546)
Shader warning in 'ConvGeneric': "TRANSPOSE_OUTPUT variants not supported with NON_UNIFORM_CONVGROUP_PER_OC, make sure this variant is not used" at kernel Conv1D_OutTransposed_4eoc_4esp at ConvGeneric.compute(546)
Shader warning in 'ConvGeneric': "TRANSPOSE_OUTPUT variants not supported with NON_UNIFORM_CONVGROUP_PER_OC, make sure this variant is not used" at kernel Conv1D_Scaled_Complex_OutTransposed_4eoc_4esp at ConvGeneric.compute(546)
Shader warning in 'ConvGeneric': "TRANSPOSE_OUTPUT variants not supported with NON_UNIFORM_CONVGROUP_PER_OC, make sure this variant is not used" at kernel Conv1D_Scaled_OutTransposed_4eoc_4esp at ConvGeneric.compute(546)
Shader warning in 'ConvGeneric': "TRANSPOSE_OUTPUT variants not supported with NON_UNIFORM_CONVGROUP_PER_OC, make sure this variant is not used" at kernel Conv1DComplex_OutTransposed_4eoc_4esp at ConvGeneric.compute(547)
Shader warning in 'ConvGeneric': "TRANSPOSE_OUTPUT variants not supported with NON_UNIFORM_CONVGROUP_PER_OC, make sure this variant is not used" at kernel Conv1D_OutTransposedDouble_4eoc_4esp at ConvGeneric.compute(547)
Shader warning in 'ConvGeneric': "TRANSPOSE_OUTPUT variants not supported with NON_UNIFORM_CONVGROUP_PER_OC, make sure this variant is not used" at kernel Conv1D_OutTransposed_4eoc_4esp at ConvGeneric.compute(547)
Shader warning in 'ConvGeneric': "TRANSPOSE_OUTPUT variants not supported with NON_UNIFORM_CONVGROUP_PER_OC, make sure this variant is not used" at kernel Conv1D_Scaled_Complex_OutTransposed_4eoc_4esp at ConvGeneric.compute(547)
Shader warning in 'ConvGeneric': "TRANSPOSE_OUTPUT variants not supported with NON_UNIFORM_CONVGROUP_PER_OC, make sure this variant is not used" at kernel Conv1D_Scaled_OutTransposed_4eoc_4esp at ConvGeneric.compute(547)
Shader warning in 'ConvGeneric': "TRANSPOSE_OUTPUT variants not supported with NON_UNIFORM_CONVGROUP_PER_OC, make sure this variant is not used" at kernel Conv1DComplex_OutTransposed_4eoc_4esp at ConvGeneric.compute(548)
Shader warning in 'ConvGeneric': "TRANSPOSE_OUTPUT variants not supported with NON_UNIFORM_CONVGROUP_PER_OC, make sure this variant is not used" at kernel Conv1D_OutTransposedDouble_4eoc_4esp at ConvGeneric.compute(548)
Shader warning in 'ConvGeneric': "TRANSPOSE_OUTPUT variants not supported with NON_UNIFORM_CONVGROUP_PER_OC, make sure this variant is not used" at kernel Conv1D_OutTransposed_4eoc_4esp at ConvGeneric.compute(548)
Shader warning in 'ConvGeneric': "TRANSPOSE_OUTPUT variants not supported with NON_UNIFORM_CONVGROUP_PER_OC, make sure this variant is not used" at kernel Conv1D_Scaled_Complex_OutTransposed_4eoc_4esp at ConvGeneric.compute(548)
Shader warning in 'ConvGeneric': "TRANSPOSE_OUTPUT variants not supported with NON_UNIFORM_CONVGROUP_PER_OC, make sure this variant is not used" at kernel Conv1D_Scaled_OutTransposed_4eoc_4esp at ConvGeneric.compute(548)
Shader warning in 'ConvGeneric': "TRANSPOSE_OUTPUT variants not supported with NON_UNIFORM_CONVGROUP_PER_OC, make sure this variant is not used" at kernel Conv1DComplex_OutTransposed_4eoc_4esp at ConvGeneric.compute(546)
Shader warning in 'ConvGeneric': "TRANSPOSE_OUTPUT variants not supported with NON_UNIFORM_CONVGROUP_PER_OC, make sure this variant is not used" at kernel Conv1D_OutTransposedDouble_4eoc_4esp at ConvGeneric.compute(546)
Shader warning in 'ConvGeneric': "TRANSPOSE_OUTPUT variants not supported with NON_UNIFORM_CONVGROUP_PER_OC, make sure this variant is not used" at kernel Conv1D_OutTransposed_4eoc_4esp at ConvGeneric.compute(546)
Shader warning in 'ConvGeneric': "TRANSPOSE_OUTPUT variants not supported with NON_UNIFORM_CONVGROUP_PER_OC, make sure this variant is not used" at kernel Conv1D_Scaled_Complex_OutTransposed_4eoc_4esp at ConvGeneric.compute(546)
Shader warning in 'ConvGeneric': "TRANSPOSE_OUTPUT variants not supported with NON_UNIFORM_CONVGROUP_PER_OC, make sure this variant is not used" at kernel Conv1D_Scaled_OutTransposed_4eoc_4esp at ConvGeneric.compute(546)
Shader warning in 'ConvGeneric': "TRANSPOSE_OUTPUT variants not supported with NON_UNIFORM_CONVGROUP_PER_OC, make sure this variant is not used" at kernel Conv1DComplex_OutTransposed_4eoc_4esp at ConvGeneric.compute(547)
Shader warning in 'ConvGeneric': "TRANSPOSE_OUTPUT variants not supported with NON_UNIFORM_CONVGROUP_PER_OC, make sure this variant is not used" at kernel Conv1D_OutTransposedDouble_4eoc_4esp at ConvGeneric.compute(547)
Shader warning in 'ConvGeneric': "TRANSPOSE_OUTPUT variants not supported with NON_UNIFORM_CONVGROUP_PER_OC, make sure this variant is not used" at kernel Conv1D_OutTransposed_4eoc_4esp at ConvGeneric.compute(547)
Shader warning in 'ConvGeneric': "TRANSPOSE_OUTPUT variants not supported with NON_UNIFORM_CONVGROUP_PER_OC, make sure this variant is not used" at kernel Conv1D_Scaled_Complex_OutTransposed_4eoc_4esp at ConvGeneric.compute(547)
Shader warning in 'ConvGeneric': "TRANSPOSE_OUTPUT variants not supported with NON_UNIFORM_CONVGROUP_PER_OC, make sure this variant is not used" at kernel Conv1D_Scaled_OutTransposed_4eoc_4esp at ConvGeneric.compute(547)
Shader warning in 'ConvGeneric': "TRANSPOSE_OUTPUT variants not supported with NON_UNIFORM_CONVGROUP_PER_OC, make sure this variant is not used" at kernel Conv1DComplex_OutTransposed_4eoc_4esp at ConvGeneric.compute(548)
Shader warning in 'ConvGeneric': "TRANSPOSE_OUTPUT variants not supported with NON_UNIFORM_CONVGROUP_PER_OC, make sure this variant is not used" at kernel Conv1D_OutTransposedDouble_4eoc_4esp at ConvGeneric.compute(548)
Shader warning in 'ConvGeneric': "TRANSPOSE_OUTPUT variants not supported with NON_UNIFORM_CONVGROUP_PER_OC, make sure this variant is not used" at kernel Conv1D_OutTransposed_4eoc_4esp at ConvGeneric.compute(548)
Shader warning in 'ConvGeneric': "TRANSPOSE_OUTPUT variants not supported with NON_UNIFORM_CONVGROUP_PER_OC, make sure this variant is not used" at kernel Conv1D_Scaled_Complex_OutTransposed_4eoc_4esp at ConvGeneric.compute(548)
Shader warning in 'ConvGeneric': "TRANSPOSE_OUTPUT variants not supported with NON_UNIFORM_CONVGROUP_PER_OC, make sure this variant is not used" at kernel Conv1D_Scaled_OutTransposed_4eoc_4esp at ConvGeneric.compute(548)
Shader warning in 'ConvGeneric': "TRANSPOSE_OUTPUT variants not supported with NON_UNIFORM_CONVGROUP_PER_OC, make sure this variant is not used" at kernel Conv1DComplex_OutTransposed_4eoc_4esp at ConvGeneric.compute(546)
Shader warning in 'ConvGeneric': "TRANSPOSE_OUTPUT variants not supported with NON_UNIFORM_CONVGROUP_PER_OC, make sure this variant is not used" at kernel Conv1D_OutTransposedDouble_4eoc_4esp at ConvGeneric.compute(546)
Shader warning in 'ConvGeneric': "TRANSPOSE_OUTPUT variants not supported with NON_UNIFORM_CONVGROUP_PER_OC, make sure this variant is not used" at kernel Conv1D_OutTransposed_4eoc_4esp at ConvGeneric.compute(546)
Shader warning in 'ConvGeneric': "TRANSPOSE_OUTPUT variants not supported with NON_UNIFORM_CONVGROUP_PER_OC, make sure this variant is not used" at kernel Conv1D_Scaled_Complex_OutTransposed_4eoc_4esp at ConvGeneric.compute(546)
Shader warning in 'ConvGeneric': "TRANSPOSE_OUTPUT variants not supported with NON_UNIFORM_CONVGROUP_PER_OC, make sure this variant is not used" at kernel Conv1D_Scaled_OutTransposed_4eoc_4esp at ConvGeneric.compute(546)
Shader warning in 'ConvGeneric': "TRANSPOSE_OUTPUT variants not supported with NON_UNIFORM_CONVGROUP_PER_OC, make sure this variant is not used" at kernel Conv1DComplex_OutTransposed_4eoc_4esp at ConvGeneric.compute(547)
Shader warning in 'ConvGeneric': "TRANSPOSE_OUTPUT variants not supported with NON_UNIFORM_CONVGROUP_PER_OC, make sure this variant is not used" at kernel Conv1D_OutTransposedDouble_4eoc_4esp at ConvGeneric.compute(547)
Shader warning in 'ConvGeneric': "TRANSPOSE_OUTPUT variants not supported with NON_UNIFORM_CONVGROUP_PER_OC, make sure this variant is not used" at kernel Conv1D_OutTransposed_4eoc_4esp at ConvGeneric.compute(547)
Shader warning in 'ConvGeneric': "TRANSPOSE_OUTPUT variants not supported with NON_UNIFORM_CONVGROUP_PER_OC, make sure this variant is not used" at kernel Conv1D_Scaled_Complex_OutTransposed_4eoc_4esp at ConvGeneric.compute(547)
Shader warning in 'ConvGeneric': "TRANSPOSE_OUTPUT variants not supported with NON_UNIFORM_CONVGROUP_PER_OC, make sure this variant is not used" at kernel Conv1D_Scaled_OutTransposed_4eoc_4esp at ConvGeneric.compute(547)
Shader warning in 'ConvGeneric': "TRANSPOSE_OUTPUT variants not supported with NON_UNIFORM_CONVGROUP_PER_OC, make sure this variant is not used" at kernel Conv1DComplex_OutTransposed_4eoc_4esp at ConvGeneric.compute(548)
Shader warning in 'ConvGeneric': "TRANSPOSE_OUTPUT variants not supported with NON_UNIFORM_CONVGROUP_PER_OC, make sure this variant is not used" at kernel Conv1D_OutTransposedDouble_4eoc_4esp at ConvGeneric.compute(548)
Shader warning in 'ConvGeneric': "TRANSPOSE_OUTPUT variants not supported with NON_UNIFORM_CONVGROUP_PER_OC, make sure this variant is not used" at kernel Conv1D_OutTransposed_4eoc_4esp at ConvGeneric.compute(548)
Shader warning in 'ConvGeneric': "TRANSPOSE_OUTPUT variants not supported with NON_UNIFORM_CONVGROUP_PER_OC, make sure this variant is not used" at kernel Conv1D_Scaled_Complex_OutTransposed_4eoc_4esp at ConvGeneric.compute(548)
Shader warning in 'ConvGeneric': "TRANSPOSE_OUTPUT variants not supported with NON_UNIFORM_CONVGROUP_PER_OC, make sure this variant is not used" at kernel Conv1D_Scaled_OutTransposed_4eoc_4esp at ConvGeneric.compute(548)
Shader warning in 'ConvGeneric': "TRANSPOSE_OUTPUT variants not supported with NON_UNIFORM_CONVGROUP_PER_OC, make sure this variant is not used" at kernel Conv1DComplex_OutTransposed_4eoc_4esp at ConvGeneric.compute(546)
Shader warning in 'ConvGeneric': "TRANSPOSE_OUTPUT variants not supported with NON_UNIFORM_CONVGROUP_PER_OC, make sure this variant is not used" at kernel Conv1D_OutTransposedDouble_4eoc_4esp at ConvGeneric.compute(546)
Shader warning in 'ConvGeneric': "TRANSPOSE_OUTPUT variants not supported with NON_UNIFORM_CONVGROUP_PER_OC, make sure this variant is not used" at kernel Conv1D_OutTransposed_4eoc_4esp at ConvGeneric.compute(546)
Shader warning in 'ConvGeneric': "TRANSPOSE_OUTPUT variants not supported with NON_UNIFORM_CONVGROUP_PER_OC, make sure this variant is not used" at kernel Conv1D_Scaled_Complex_OutTransposed_4eoc_4esp at ConvGeneric.compute(546)
Shader warning in 'ConvGeneric': "TRANSPOSE_OUTPUT variants not supported with NON_UNIFORM_CONVGROUP_PER_OC, make sure this variant is not used" at kernel Conv1D_Scaled_OutTransposed_4eoc_4esp at ConvGeneric.compute(546)
Shader warning in 'ConvGeneric': "TRANSPOSE_OUTPUT variants not supported with NON_UNIFORM_CONVGROUP_PER_OC, make sure this variant is not used" at kernel Conv1DComplex_OutTransposed_4eoc_4esp at ConvGeneric.compute(547)
Shader warning in 'ConvGeneric': "TRANSPOSE_OUTPUT variants not supported with NON_UNIFORM_CONVGROUP_PER_OC, make sure this variant is not used" at kernel Conv1D_OutTransposedDouble_4eoc_4esp at ConvGeneric.compute(547)
Shader warning in 'ConvGeneric': "TRANSPOSE_OUTPUT variants not supported with NON_UNIFORM_CONVGROUP_PER_OC, make sure this variant is not used" at kernel Conv1D_OutTransposed_4eoc_4esp at ConvGeneric.compute(547)
Shader warning in 'ConvGeneric': "TRANSPOSE_OUTPUT variants not supported with NON_UNIFORM_CONVGROUP_PER_OC, make sure this variant is not used" at kernel Conv1D_Scaled_Complex_OutTransposed_4eoc_4esp at ConvGeneric.compute(547)
Shader warning in 'ConvGeneric': "TRANSPOSE_OUTPUT variants not supported with NON_UNIFORM_CONVGROUP_PER_OC, make sure this variant is not used" at kernel Conv1D_Scaled_OutTransposed_4eoc_4esp at ConvGeneric.compute(547)
Shader warning in 'ConvGeneric': "TRANSPOSE_OUTPUT variants not supported with NON_UNIFORM_CONVGROUP_PER_OC, make sure this variant is not used" at kernel Conv1DComplex_OutTransposed_4eoc_4esp at ConvGeneric.compute(548)
Shader warning in 'ConvGeneric': "TRANSPOSE_OUTPUT variants not supported with NON_UNIFORM_CONVGROUP_PER_OC, make sure this variant is not used" at kernel Conv1D_OutTransposedDouble_4eoc_4esp at ConvGeneric.compute(548)
Shader warning in 'ConvGeneric': "TRANSPOSE_OUTPUT variants not supported with NON_UNIFORM_CONVGROUP_PER_OC, make sure this variant is not used" at kernel Conv1D_OutTransposed_4eoc_4esp at ConvGeneric.compute(548)
Shader warning in 'ConvGeneric': "TRANSPOSE_OUTPUT variants not supported with NON_UNIFORM_CONVGROUP_PER_OC, make sure this variant is not used" at kernel Conv1D_Scaled_Complex_OutTransposed_4eoc_4esp at ConvGeneric.compute(548)
Shader warning in 'ConvGeneric': "TRANSPOSE_OUTPUT variants not supported with NON_UNIFORM_CONVGROUP_PER_OC, make sure this variant is not used" at kernel Conv1D_Scaled_OutTransposed_4eoc_4esp at ConvGeneric.compute(548)
Shader warning in 'ConvGeneric': "TRANSPOSE_OUTPUT variants not supported with NON_UNIFORM_CONVGROUP_PER_OC, make sure this variant is not used" at kernel Conv1DComplex_OutTransposed_4eoc_4esp at ConvGeneric.compute(546)
Shader warning in 'ConvGeneric': "TRANSPOSE_OUTPUT variants not supported with NON_UNIFORM_CONVGROUP_PER_OC, make sure this variant is not used" at kernel Conv1D_OutTransposedDouble_4eoc_4esp at ConvGeneric.compute(546)
Shader warning in 'ConvGeneric': "TRANSPOSE_OUTPUT variants not supported with NON_UNIFORM_CONVGROUP_PER_OC, make sure this variant is not used" at kernel Conv1D_OutTransposed_4eoc_4esp at ConvGeneric.compute(546)
Shader warning in 'ConvGeneric': "TRANSPOSE_OUTPUT variants not supported with NON_UNIFORM_CONVGROUP_PER_OC, make sure this variant is not used" at kernel Conv1D_Scaled_Complex_OutTransposed_4eoc_4esp at ConvGeneric.compute(546)
Shader warning in 'ConvGeneric': "TRANSPOSE_OUTPUT variants not supported with NON_UNIFORM_CONVGROUP_PER_OC, make sure this variant is not used" at kernel Conv1D_Scaled_OutTransposed_4eoc_4esp at ConvGeneric.compute(546)
Shader warning in 'ConvGeneric': "TRANSPOSE_OUTPUT variants not supported with NON_UNIFORM_CONVGROUP_PER_OC, make sure this variant is not used" at kernel Conv1DComplex_OutTransposed_4eoc_4esp at ConvGeneric.compute(547)
Shader warning in 'ConvGeneric': "TRANSPOSE_OUTPUT variants not supported with NON_UNIFORM_CONVGROUP_PER_OC, make sure this variant is not used" at kernel Conv1D_OutTransposedDouble_4eoc_4esp at ConvGeneric.compute(547)
Shader warning in 'ConvGeneric': "TRANSPOSE_OUTPUT variants not supported with NON_UNIFORM_CONVGROUP_PER_OC, make sure this variant is not used" at kernel Conv1D_OutTransposed_4eoc_4esp at ConvGeneric.compute(547)
Shader warning in 'ConvGeneric': "TRANSPOSE_OUTPUT variants not supported with NON_UNIFORM_CONVGROUP_PER_OC, make sure this variant is not used" at kernel Conv1D_Scaled_Complex_OutTransposed_4eoc_4esp at ConvGeneric.compute(547)
Shader warning in 'ConvGeneric': "TRANSPOSE_OUTPUT variants not supported with NON_UNIFORM_CONVGROUP_PER_OC, make sure this variant is not used" at kernel Conv1D_Scaled_OutTransposed_4eoc_4esp at ConvGeneric.compute(547)
Shader warning in 'ConvGeneric': "TRANSPOSE_OUTPUT variants not supported with NON_UNIFORM_CONVGROUP_PER_OC, make sure this variant is not used" at kernel Conv1DComplex_OutTransposed_4eoc_4esp at ConvGeneric.compute(548)
Shader warning in 'ConvGeneric': "TRANSPOSE_OUTPUT variants not supported with NON_UNIFORM_CONVGROUP_PER_OC, make sure this variant is not used" at kernel Conv1D_OutTransposedDouble_4eoc_4esp at ConvGeneric.compute(548)
Shader warning in 'ConvGeneric': "TRANSPOSE_OUTPUT variants not supported with NON_UNIFORM_CONVGROUP_PER_OC, make sure this variant is not used" at kernel Conv1D_OutTransposed_4eoc_4esp at ConvGeneric.compute(548)
Shader warning in 'ConvGeneric': "TRANSPOSE_OUTPUT variants not supported with NON_UNIFORM_CONVGROUP_PER_OC, make sure this variant is not used" at kernel Conv1D_Scaled_Complex_OutTransposed_4eoc_4esp at ConvGeneric.compute(548)
Shader warning in 'ConvGeneric': "TRANSPOSE_OUTPUT variants not supported with NON_UNIFORM_CONVGROUP_PER_OC, make sure this variant is not used" at kernel Conv1D_Scaled_OutTransposed_4eoc_4esp at ConvGeneric.compute(548)
Shader warning in 'ConvGeneric': "TRANSPOSE_OUTPUT variants not supported with NON_UNIFORM_CONVGROUP_PER_OC, make sure this variant is not used" at kernel Conv1DComplex_OutTransposed_4eoc_4esp at ConvGeneric.compute(546)
Shader warning in 'ConvGeneric': "TRANSPOSE_OUTPUT variants not supported with NON_UNIFORM_CONVGROUP_PER_OC, make sure this variant is not used" at kernel Conv1D_OutTransposedDouble_4eoc_4esp at ConvGeneric.compute(546)
Shader warning in 'ConvGeneric': "TRANSPOSE_OUTPUT variants not supported with NON_UNIFORM_CONVGROUP_PER_OC, make sure this variant is not used" at kernel Conv1D_OutTransposed_4eoc_4esp at ConvGeneric.compute(546)
Shader warning in 'ConvGeneric': "TRANSPOSE_OUTPUT variants not supported with NON_UNIFORM_CONVGROUP_PER_OC, make sure this variant is not used" at kernel Conv1D_Scaled_Complex_OutTransposed_4eoc_4esp at ConvGeneric.compute(546)
Shader warning in 'ConvGeneric': "TRANSPOSE_OUTPUT variants not supported with NON_UNIFORM_CONVGROUP_PER_OC, make sure this variant is not used" at kernel Conv1D_Scaled_OutTransposed_4eoc_4esp at ConvGeneric.compute(546)
Shader warning in 'ConvGeneric': "TRANSPOSE_OUTPUT variants not supported with NON_UNIFORM_CONVGROUP_PER_OC, make sure this variant is not used" at kernel Conv1DComplex_OutTransposed_4eoc_4esp at ConvGeneric.compute(547)
Shader warning in 'ConvGeneric': "TRANSPOSE_OUTPUT variants not supported with NON_UNIFORM_CONVGROUP_PER_OC, make sure this variant is not used" at kernel Conv1D_OutTransposedDouble_4eoc_4esp at ConvGeneric.compute(547)
Shader warning in 'ConvGeneric': "TRANSPOSE_OUTPUT variants not supported with NON_UNIFORM_CONVGROUP_PER_OC, make sure this variant is not used" at kernel Conv1D_OutTransposed_4eoc_4esp at ConvGeneric.compute(547)
Shader warning in 'ConvGeneric': "TRANSPOSE_OUTPUT variants not supported with NON_UNIFORM_CONVGROUP_PER_OC, make sure this variant is not used" at kernel Conv1D_Scaled_Complex_OutTransposed_4eoc_4esp at ConvGeneric.compute(547)
Shader warning in 'ConvGeneric': "TRANSPOSE_OUTPUT variants not supported with NON_UNIFORM_CONVGROUP_PER_OC, make sure this variant is not used" at kernel Conv1D_Scaled_OutTransposed_4eoc_4esp at ConvGeneric.compute(547)
Shader warning in 'ConvGeneric': "TRANSPOSE_OUTPUT variants not supported with NON_UNIFORM_CONVGROUP_PER_OC, make sure this variant is not used" at kernel Conv1DComplex_OutTransposed_4eoc_4esp at ConvGeneric.compute(548)
Shader warning in 'ConvGeneric': "TRANSPOSE_OUTPUT variants not supported with NON_UNIFORM_CONVGROUP_PER_OC, make sure this variant is not used" at kernel Conv1D_OutTransposedDouble_4eoc_4esp at ConvGeneric.compute(548)
Shader warning in 'ConvGeneric': "TRANSPOSE_OUTPUT variants not supported with NON_UNIFORM_CONVGROUP_PER_OC, make sure this variant is not used" at kernel Conv1D_OutTransposed_4eoc_4esp at ConvGeneric.compute(548)
Shader warning in 'ConvGeneric': "TRANSPOSE_OUTPUT variants not supported with NON_UNIFORM_CONVGROUP_PER_OC, make sure this variant is not used" at kernel Conv1D_Scaled_Complex_OutTransposed_4eoc_4esp at ConvGeneric.compute(548)
Shader warning in 'ConvGeneric': "TRANSPOSE_OUTPUT variants not supported with NON_UNIFORM_CONVGROUP_PER_OC, make sure this variant is not used" at kernel Conv1D_Scaled_OutTransposed_4eoc_4esp at ConvGeneric.compute(548)
Shader warning in 'ConvGeneric': "TRANSPOSE_OUTPUT variants not supported with NON_UNIFORM_CONVGROUP_PER_OC, make sure this variant is not used" at kernel Conv1DComplex_OutTransposed_4eoc_4esp at ConvGeneric.compute(546)
Shader warning in 'ConvGeneric': "TRANSPOSE_OUTPUT variants not supported with NON_UNIFORM_CONVGROUP_PER_OC, make sure this variant is not used" at kernel Conv1D_OutTransposedDouble_4eoc_4esp at ConvGeneric.compute(546)
Shader warning in 'ConvGeneric': "TRANSPOSE_OUTPUT variants not supported with NON_UNIFORM_CONVGROUP_PER_OC, make sure this variant is not used" at kernel Conv1D_OutTransposed_4eoc_4esp at ConvGeneric.compute(546)
Shader warning in 'ConvGeneric': "TRANSPOSE_OUTPUT variants not supported with NON_UNIFORM_CONVGROUP_PER_OC, make sure this variant is not used" at kernel Conv1D_Scaled_Complex_OutTransposed_4eoc_4esp at ConvGeneric.compute(546)
Shader warning in 'ConvGeneric': "TRANSPOSE_OUTPUT variants not supported with NON_UNIFORM_CONVGROUP_PER_OC, make sure this variant is not used" at kernel Conv1D_Scaled_OutTransposed_4eoc_4esp at ConvGeneric.compute(546)
Shader warning in 'ConvGeneric': "TRANSPOSE_OUTPUT variants not supported with NON_UNIFORM_CONVGROUP_PER_OC, make sure this variant is not used" at kernel Conv1DComplex_OutTransposed_4eoc_4esp at ConvGeneric.compute(547)
Shader warning in 'ConvGeneric': "TRANSPOSE_OUTPUT variants not supported with NON_UNIFORM_CONVGROUP_PER_OC, make sure this variant is not used" at kernel Conv1D_OutTransposedDouble_4eoc_4esp at ConvGeneric.compute(547)
Shader warning in 'ConvGeneric': "TRANSPOSE_OUTPUT variants not supported with NON_UNIFORM_CONVGROUP_PER_OC, make sure this variant is not used" at kernel Conv1D_OutTransposed_4eoc_4esp at ConvGeneric.compute(547)
Shader warning in 'ConvGeneric': "TRANSPOSE_OUTPUT variants not supported with NON_UNIFORM_CONVGROUP_PER_OC, make sure this variant is not used" at kernel Conv1D_Scaled_Complex_OutTransposed_4eoc_4esp at ConvGeneric.compute(547)
Shader warning in 'ConvGeneric': "TRANSPOSE_OUTPUT variants not supported with NON_UNIFORM_CONVGROUP_PER_OC, make sure this variant is not used" at kernel Conv1D_Scaled_OutTransposed_4eoc_4esp at ConvGeneric.compute(547)
Shader warning in 'ConvGeneric': "TRANSPOSE_OUTPUT variants not supported with NON_UNIFORM_CONVGROUP_PER_OC, make sure this variant is not used" at kernel Conv1DComplex_OutTransposed_4eoc_4esp at ConvGeneric.compute(548)
Shader warning in 'ConvGeneric': "TRANSPOSE_OUTPUT variants not supported with NON_UNIFORM_CONVGROUP_PER_OC, make sure this variant is not used" at kernel Conv1D_OutTransposedDouble_4eoc_4esp at ConvGeneric.compute(548)
Shader warning in 'ConvGeneric': "TRANSPOSE_OUTPUT variants not supported with NON_UNIFORM_CONVGROUP_PER_OC, make sure this variant is not used" at kernel Conv1D_OutTransposed_4eoc_4esp at ConvGeneric.compute(548)
Shader warning in 'ConvGeneric': "TRANSPOSE_OUTPUT variants not supported with NON_UNIFORM_CONVGROUP_PER_OC, make sure this variant is not used" at kernel Conv1D_Scaled_Complex_OutTransposed_4eoc_4esp at ConvGeneric.compute(548)
Shader warning in 'ConvGeneric': "TRANSPOSE_OUTPUT variants not supported with NON_UNIFORM_CONVGROUP_PER_OC, make sure this variant is not used" at kernel Conv1D_Scaled_OutTransposed_4eoc_4esp at ConvGeneric.compute(548)
Shader warning in 'ConvGeneric': "TRANSPOSE_OUTPUT variants not supported with NON_UNIFORM_CONVGROUP_PER_OC, make sure this variant is not used" at kernel Conv1DComplex_OutTransposed_4eoc_4esp at ConvGeneric.compute(546)
Shader warning in 'ConvGeneric': "TRANSPOSE_OUTPUT variants not supported with NON_UNIFORM_CONVGROUP_PER_OC, make sure this variant is not used" at kernel Conv1D_OutTransposedDouble_4eoc_4esp at ConvGeneric.compute(546)
Shader warning in 'ConvGeneric': "TRANSPOSE_OUTPUT variants not supported with NON_UNIFORM_CONVGROUP_PER_OC, make sure this variant is not used" at kernel Conv1D_OutTransposed_4eoc_4esp at ConvGeneric.compute(546)
Shader warning in 'ConvGeneric': "TRANSPOSE_OUTPUT variants not supported with NON_UNIFORM_CONVGROUP_PER_OC, make sure this variant is not used" at kernel Conv1D_Scaled_Complex_OutTransposed_4eoc_4esp at ConvGeneric.compute(546)
Shader warning in 'ConvGeneric': "TRANSPOSE_OUTPUT variants not supported with NON_UNIFORM_CONVGROUP_PER_OC, make sure this variant is not used" at kernel Conv1D_Scaled_OutTransposed_4eoc_4esp at ConvGeneric.compute(546)
Shader warning in 'ConvGeneric': "TRANSPOSE_OUTPUT variants not supported with NON_UNIFORM_CONVGROUP_PER_OC, make sure this variant is not used" at kernel Conv1DComplex_OutTransposed_4eoc_4esp at ConvGeneric.compute(547)
Shader warning in 'ConvGeneric': "TRANSPOSE_OUTPUT variants not supported with NON_UNIFORM_CONVGROUP_PER_OC, make sure this variant is not used" at kernel Conv1D_OutTransposedDouble_4eoc_4esp at ConvGeneric.compute(547)
Shader warning in 'ConvGeneric': "TRANSPOSE_OUTPUT variants not supported with NON_UNIFORM_CONVGROUP_PER_OC, make sure this variant is not used" at kernel Conv1D_OutTransposed_4eoc_4esp at ConvGeneric.compute(547)
Shader warning in 'ConvGeneric': "TRANSPOSE_OUTPUT variants not supported with NON_UNIFORM_CONVGROUP_PER_OC, make sure this variant is not used" at kernel Conv1D_Scaled_Complex_OutTransposed_4eoc_4esp at ConvGeneric.compute(547)
Shader warning in 'ConvGeneric': "TRANSPOSE_OUTPUT variants not supported with NON_UNIFORM_CONVGROUP_PER_OC, make sure this variant is not used" at kernel Conv1D_Scaled_OutTransposed_4eoc_4esp at ConvGeneric.compute(547)
Shader warning in 'ConvGeneric': "TRANSPOSE_OUTPUT variants not supported with NON_UNIFORM_CONVGROUP_PER_OC, make sure this variant is not used" at kernel Conv1DComplex_OutTransposed_4eoc_4esp at ConvGeneric.compute(548)
Shader warning in 'ConvGeneric': "TRANSPOSE_OUTPUT variants not supported with NON_UNIFORM_CONVGROUP_PER_OC, make sure this variant is not used" at kernel Conv1D_OutTransposedDouble_4eoc_4esp at ConvGeneric.compute(548)
Shader warning in 'ConvGeneric': "TRANSPOSE_OUTPUT variants not supported with NON_UNIFORM_CONVGROUP_PER_OC, make sure this variant is not used" at kernel Conv1D_OutTransposed_4eoc_4esp at ConvGeneric.compute(548)
Shader warning in 'ConvGeneric': "TRANSPOSE_OUTPUT variants not supported with NON_UNIFORM_CONVGROUP_PER_OC, make sure this variant is not used" at kernel Conv1D_Scaled_Complex_OutTransposed_4eoc_4esp at ConvGeneric.compute(548)
Shader warning in 'ConvGeneric': "TRANSPOSE_OUTPUT variants not supported with NON_UNIFORM_CONVGROUP_PER_OC, make sure this variant is not used" at kernel Conv1D_Scaled_OutTransposed_4eoc_4esp at ConvGeneric.compute(548)
Shader warning in 'ConvGeneric': "TRANSPOSE_OUTPUT variants not supported with NON_UNIFORM_CONVGROUP_PER_OC, make sure this variant is not used" at kernel Conv1DComplex_OutTransposed_4eoc_4esp at ConvGeneric.compute(546)
Shader warning in 'ConvGeneric': "TRANSPOSE_OUTPUT variants not supported with NON_UNIFORM_CONVGROUP_PER_OC, make sure this variant is not used" at kernel Conv1D_OutTransposedDouble_4eoc_4esp at ConvGeneric.compute(546)
Shader warning in 'ConvGeneric': "TRANSPOSE_OUTPUT variants not supported with NON_UNIFORM_CONVGROUP_PER_OC, make sure this variant is not used" at kernel Conv1D_OutTransposed_4eoc_4esp at ConvGeneric.compute(546)
Shader warning in 'ConvGeneric': "TRANSPOSE_OUTPUT variants not supported with NON_UNIFORM_CONVGROUP_PER_OC, make sure this variant is not used" at kernel Conv1D_Scaled_Complex_OutTransposed_4eoc_4esp at ConvGeneric.compute(546)
Shader warning in 'ConvGeneric': "TRANSPOSE_OUTPUT variants not supported with NON_UNIFORM_CONVGROUP_PER_OC, make sure this variant is not used" at kernel Conv1D_Scaled_OutTransposed_4eoc_4esp at ConvGeneric.compute(546)
Shader warning in 'ConvGeneric': "TRANSPOSE_OUTPUT variants not supported with NON_UNIFORM_CONVGROUP_PER_OC, make sure this variant is not used" at kernel Conv1DComplex_OutTransposed_4eoc_4esp at ConvGeneric.compute(547)
Shader warning in 'ConvGeneric': "TRANSPOSE_OUTPUT variants not supported with NON_UNIFORM_CONVGROUP_PER_OC, make sure this variant is not used" at kernel Conv1D_OutTransposedDouble_4eoc_4esp at ConvGeneric.compute(547)
Shader warning in 'ConvGeneric': "TRANSPOSE_OUTPUT variants not supported with NON_UNIFORM_CONVGROUP_PER_OC, make sure this variant is not used" at kernel Conv1D_OutTransposed_4eoc_4esp at ConvGeneric.compute(547)
Shader warning in 'ConvGeneric': "TRANSPOSE_OUTPUT variants not supported with NON_UNIFORM_CONVGROUP_PER_OC, make sure this variant is not used" at kernel Conv1D_Scaled_Complex_OutTransposed_4eoc_4esp at ConvGeneric.compute(547)
Shader warning in 'ConvGeneric': "TRANSPOSE_OUTPUT variants not supported with NON_UNIFORM_CONVGROUP_PER_OC, make sure this variant is not used" at kernel Conv1D_Scaled_OutTransposed_4eoc_4esp at ConvGeneric.compute(547)
Shader warning in 'ConvGeneric': "TRANSPOSE_OUTPUT variants not supported with NON_UNIFORM_CONVGROUP_PER_OC, make sure this variant is not used" at kernel Conv1DComplex_OutTransposed_4eoc_4esp at ConvGeneric.compute(548)
Shader warning in 'ConvGeneric': "TRANSPOSE_OUTPUT variants not supported with NON_UNIFORM_CONVGROUP_PER_OC, make sure this variant is not used" at kernel Conv1D_OutTransposedDouble_4eoc_4esp at ConvGeneric.compute(548)
Shader warning in 'ConvGeneric': "TRANSPOSE_OUTPUT variants not supported with NON_UNIFORM_CONVGROUP_PER_OC, make sure this variant is not used" at kernel Conv1D_OutTransposed_4eoc_4esp at ConvGeneric.compute(548)
Shader warning in 'ConvGeneric': "TRANSPOSE_OUTPUT variants not supported with NON_UNIFORM_CONVGROUP_PER_OC, make sure this variant is not used" at kernel Conv1D_Scaled_Complex_OutTransposed_4eoc_4esp at ConvGeneric.compute(548)
Shader warning in 'ConvGeneric': "TRANSPOSE_OUTPUT variants not supported with NON_UNIFORM_CONVGROUP_PER_OC, make sure this variant is not used" at kernel Conv1D_Scaled_OutTransposed_4eoc_4esp at ConvGeneric.compute(548)
Shader warning in 'ConvGeneric': "TRANSPOSE_OUTPUT variants not supported with NON_UNIFORM_CONVGROUP_PER_OC, make sure this variant is not used" at kernel Conv1DComplex_OutTransposed_4eoc_4esp at ConvGeneric.compute(546)
Shader warning in 'ConvGeneric': "TRANSPOSE_OUTPUT variants not supported with NON_UNIFORM_CONVGROUP_PER_OC, make sure this variant is not used" at kernel Conv1D_OutTransposedDouble_4eoc_4esp at ConvGeneric.compute(546)
Shader warning in 'ConvGeneric': "TRANSPOSE_OUTPUT variants not supported with NON_UNIFORM_CONVGROUP_PER_OC, make sure this variant is not used" at kernel Conv1D_OutTransposed_4eoc_4esp at ConvGeneric.compute(546)
Shader warning in 'ConvGeneric': "TRANSPOSE_OUTPUT variants not supported with NON_UNIFORM_CONVGROUP_PER_OC, make sure this variant is not used" at kernel Conv1D_Scaled_Complex_OutTransposed_4eoc_4esp at ConvGeneric.compute(546)
Shader warning in 'ConvGeneric': "TRANSPOSE_OUTPUT variants not supported with NON_UNIFORM_CONVGROUP_PER_OC, make sure this variant is not used" at kernel Conv1D_Scaled_OutTransposed_4eoc_4esp at ConvGeneric.compute(546)
Shader warning in 'ConvGeneric': "TRANSPOSE_OUTPUT variants not supported with NON_UNIFORM_CONVGROUP_PER_OC, make sure this variant is not used" at kernel Conv1DComplex_OutTransposed_4eoc_4esp at ConvGeneric.compute(547)
Shader warning in 'ConvGeneric': "TRANSPOSE_OUTPUT variants not supported with NON_UNIFORM_CONVGROUP_PER_OC, make sure this variant is not used" at kernel Conv1D_OutTransposedDouble_4eoc_4esp at ConvGeneric.compute(547)
Shader warning in 'ConvGeneric': "TRANSPOSE_OUTPUT variants not supported with NON_UNIFORM_CONVGROUP_PER_OC, make sure this variant is not used" at kernel Conv1D_OutTransposed_4eoc_4esp at ConvGeneric.compute(547)
Shader warning in 'ConvGeneric': "TRANSPOSE_OUTPUT variants not supported with NON_UNIFORM_CONVGROUP_PER_OC, make sure this variant is not used" at kernel Conv1D_Scaled_Complex_OutTransposed_4eoc_4esp at ConvGeneric.compute(547)
Shader warning in 'ConvGeneric': "TRANSPOSE_OUTPUT variants not supported with NON_UNIFORM_CONVGROUP_PER_OC, make sure this variant is not used" at kernel Conv1D_Scaled_OutTransposed_4eoc_4esp at ConvGeneric.compute(547)
Shader warning in 'ConvGeneric': "TRANSPOSE_OUTPUT variants not supported with NON_UNIFORM_CONVGROUP_PER_OC, make sure this variant is not used" at kernel Conv1DComplex_OutTransposed_4eoc_4esp at ConvGeneric.compute(548)
Shader warning in 'ConvGeneric': "TRANSPOSE_OUTPUT variants not supported with NON_UNIFORM_CONVGROUP_PER_OC, make sure this variant is not used" at kernel Conv1D_OutTransposedDouble_4eoc_4esp at ConvGeneric.compute(548)
Shader warning in 'ConvGeneric': "TRANSPOSE_OUTPUT variants not supported with NON_UNIFORM_CONVGROUP_PER_OC, make sure this variant is not used" at kernel Conv1D_OutTransposed_4eoc_4esp at ConvGeneric.compute(548)
Shader warning in 'ConvGeneric': "TRANSPOSE_OUTPUT variants not supported with NON_UNIFORM_CONVGROUP_PER_OC, make sure this variant is not used" at kernel Conv1D_Scaled_Complex_OutTransposed_4eoc_4esp at ConvGeneric.compute(548)
Shader warning in 'ConvGeneric': "TRANSPOSE_OUTPUT variants not supported with NON_UNIFORM_CONVGROUP_PER_OC, make sure this variant is not used" at kernel Conv1D_Scaled_OutTransposed_4eoc_4esp at ConvGeneric.compute(548)
Shader warning in 'ConvGeneric': "TRANSPOSE_OUTPUT variants not supported with NON_UNIFORM_CONVGROUP_PER_OC, make sure this variant is not used" at kernel Conv1DComplex_OutTransposed_4eoc_4esp at ConvGeneric.compute(546)
Shader warning in 'ConvGeneric': "TRANSPOSE_OUTPUT variants not supported with NON_UNIFORM_CONVGROUP_PER_OC, make sure this variant is not used" at kernel Conv1D_OutTransposedDouble_4eoc_4esp at ConvGeneric.compute(546)
Shader warning in 'ConvGeneric': "TRANSPOSE_OUTPUT variants not supported with NON_UNIFORM_CONVGROUP_PER_OC, make sure this variant is not used" at kernel Conv1D_OutTransposed_4eoc_4esp at ConvGeneric.compute(546)
Shader warning in 'ConvGeneric': "TRANSPOSE_OUTPUT variants not supported with NON_UNIFORM_CONVGROUP_PER_OC, make sure this variant is not used" at kernel Conv1D_Scaled_Complex_OutTransposed_4eoc_4esp at ConvGeneric.compute(546)
Shader warning in 'ConvGeneric': "TRANSPOSE_OUTPUT variants not supported with NON_UNIFORM_CONVGROUP_PER_OC, make sure this variant is not used" at kernel Conv1D_Scaled_OutTransposed_4eoc_4esp at ConvGeneric.compute(546)
Shader warning in 'ConvGeneric': "TRANSPOSE_OUTPUT variants not supported with NON_UNIFORM_CONVGROUP_PER_OC, make sure this variant is not used" at kernel Conv1DComplex_OutTransposed_4eoc_4esp at ConvGeneric.compute(547)
Shader warning in 'ConvGeneric': "TRANSPOSE_OUTPUT variants not supported with NON_UNIFORM_CONVGROUP_PER_OC, make sure this variant is not used" at kernel Conv1D_OutTransposedDouble_4eoc_4esp at ConvGeneric.compute(547)
Shader warning in 'ConvGeneric': "TRANSPOSE_OUTPUT variants not supported with NON_UNIFORM_CONVGROUP_PER_OC, make sure this variant is not used" at kernel Conv1D_OutTransposed_4eoc_4esp at ConvGeneric.compute(547)
Shader warning in 'ConvGeneric': "TRANSPOSE_OUTPUT variants not supported with NON_UNIFORM_CONVGROUP_PER_OC, make sure this variant is not used" at kernel Conv1D_Scaled_Complex_OutTransposed_4eoc_4esp at ConvGeneric.compute(547)
Shader warning in 'ConvGeneric': "TRANSPOSE_OUTPUT variants not supported with NON_UNIFORM_CONVGROUP_PER_OC, make sure this variant is not used" at kernel Conv1D_Scaled_OutTransposed_4eoc_4esp at ConvGeneric.compute(547)
Shader warning in 'ConvGeneric': "TRANSPOSE_OUTPUT variants not supported with NON_UNIFORM_CONVGROUP_PER_OC, make sure this variant is not used" at kernel Conv1DComplex_OutTransposed_4eoc_4esp at ConvGeneric.compute(548)
Shader warning in 'ConvGeneric': "TRANSPOSE_OUTPUT variants not supported with NON_UNIFORM_CONVGROUP_PER_OC, make sure this variant is not used" at kernel Conv1D_OutTransposedDouble_4eoc_4esp at ConvGeneric.compute(548)
Shader warning in 'ConvGeneric': "TRANSPOSE_OUTPUT variants not supported with NON_UNIFORM_CONVGROUP_PER_OC, make sure this variant is not used" at kernel Conv1D_OutTransposed_4eoc_4esp at ConvGeneric.compute(548)
Shader warning in 'ConvGeneric': "TRANSPOSE_OUTPUT variants not supported with NON_UNIFORM_CONVGROUP_PER_OC, make sure this variant is not used" at kernel Conv1D_Scaled_Complex_OutTransposed_4eoc_4esp at ConvGeneric.compute(548)
Shader warning in 'ConvGeneric': "TRANSPOSE_OUTPUT variants not supported with NON_UNIFORM_CONVGROUP_PER_OC, make sure this variant is not used" at kernel Conv1D_Scaled_OutTransposed_4eoc_4esp at ConvGeneric.compute(548)
Shader warning in 'ConvGeneric': "TRANSPOSE_OUTPUT variants not supported with NON_UNIFORM_CONVGROUP_PER_OC, make sure this variant is not used" at kernel Conv1DComplex_OutTransposed_4eoc_4esp at ConvGeneric.compute(546)
Shader warning in 'ConvGeneric': "TRANSPOSE_OUTPUT variants not supported with NON_UNIFORM_CONVGROUP_PER_OC, make sure this variant is not used" at kernel Conv1D_OutTransposedDouble_4eoc_4esp at ConvGeneric.compute(546)
Shader warning in 'ConvGeneric': "TRANSPOSE_OUTPUT variants not supported with NON_UNIFORM_CONVGROUP_PER_OC, make sure this variant is not used" at kernel Conv1D_OutTransposed_4eoc_4esp at ConvGeneric.compute(546)
Shader warning in 'ConvGeneric': "TRANSPOSE_OUTPUT variants not supported with NON_UNIFORM_CONVGROUP_PER_OC, make sure this variant is not used" at kernel Conv1D_Scaled_Complex_OutTransposed_4eoc_4esp at ConvGeneric.compute(546)
Shader warning in 'ConvGeneric': "TRANSPOSE_OUTPUT variants not supported with NON_UNIFORM_CONVGROUP_PER_OC, make sure this variant is not used" at kernel Conv1D_Scaled_OutTransposed_4eoc_4esp at ConvGeneric.compute(546)
Shader warning in 'ConvGeneric': "TRANSPOSE_OUTPUT variants not supported with NON_UNIFORM_CONVGROUP_PER_OC, make sure this variant is not used" at kernel Conv1DComplex_OutTransposed_4eoc_4esp at ConvGeneric.compute(547)
Shader warning in 'ConvGeneric': "TRANSPOSE_OUTPUT variants not supported with NON_UNIFORM_CONVGROUP_PER_OC, make sure this variant is not used" at kernel Conv1D_OutTransposedDouble_4eoc_4esp at ConvGeneric.compute(547)
Shader warning in 'ConvGeneric': "TRANSPOSE_OUTPUT variants not supported with NON_UNIFORM_CONVGROUP_PER_OC, make sure this variant is not used" at kernel Conv1D_OutTransposed_4eoc_4esp at ConvGeneric.compute(547)
Shader warning in 'ConvGeneric': "TRANSPOSE_OUTPUT variants not supported with NON_UNIFORM_CONVGROUP_PER_OC, make sure this variant is not used" at kernel Conv1D_Scaled_Complex_OutTransposed_4eoc_4esp at ConvGeneric.compute(547)
Shader warning in 'ConvGeneric': "TRANSPOSE_OUTPUT variants not supported with NON_UNIFORM_CONVGROUP_PER_OC, make sure this variant is not used" at kernel Conv1D_Scaled_OutTransposed_4eoc_4esp at ConvGeneric.compute(547)
Shader warning in 'ConvGeneric': "TRANSPOSE_OUTPUT variants not supported with NON_UNIFORM_CONVGROUP_PER_OC, make sure this variant is not used" at kernel Conv1DComplex_OutTransposed_4eoc_4esp at ConvGeneric.compute(548)
Shader warning in 'ConvGeneric': "TRANSPOSE_OUTPUT variants not supported with NON_UNIFORM_CONVGROUP_PER_OC, make sure this variant is not used" at kernel Conv1D_OutTransposedDouble_4eoc_4esp at ConvGeneric.compute(548)
Shader warning in 'ConvGeneric': "TRANSPOSE_OUTPUT variants not supported with NON_UNIFORM_CONVGROUP_PER_OC, make sure this variant is not used" at kernel Conv1D_OutTransposed_4eoc_4esp at ConvGeneric.compute(548)
Shader warning in 'ConvGeneric': "TRANSPOSE_OUTPUT variants not supported with NON_UNIFORM_CONVGROUP_PER_OC, make sure this variant is not used" at kernel Conv1D_Scaled_Complex_OutTransposed_4eoc_4esp at ConvGeneric.compute(548)
Shader warning in 'ConvGeneric': "TRANSPOSE_OUTPUT variants not supported with NON_UNIFORM_CONVGROUP_PER_OC, make sure this variant is not used" at kernel Conv1D_Scaled_OutTransposed_4eoc_4esp at ConvGeneric.compute(548)
Shader warning in 'ConvGeneric': "TRANSPOSE_OUTPUT variants not supported with NON_UNIFORM_CONVGROUP_PER_OC, make sure this variant is not used" at kernel Conv1DComplex_OutTransposed_4eoc_4esp at ConvGeneric.compute(546)
Shader warning in 'ConvGeneric': "TRANSPOSE_OUTPUT variants not supported with NON_UNIFORM_CONVGROUP_PER_OC, make sure this variant is not used" at kernel Conv1D_OutTransposedDouble_4eoc_4esp at ConvGeneric.compute(546)
Shader warning in 'ConvGeneric': "TRANSPOSE_OUTPUT variants not supported with NON_UNIFORM_CONVGROUP_PER_OC, make sure this variant is not used" at kernel Conv1D_OutTransposed_4eoc_4esp at ConvGeneric.compute(546)
Shader warning in 'ConvGeneric': "TRANSPOSE_OUTPUT variants not supported with NON_UNIFORM_CONVGROUP_PER_OC, make sure this variant is not used" at kernel Conv1D_Scaled_Complex_OutTransposed_4eoc_4esp at ConvGeneric.compute(546)
Shader warning in 'ConvGeneric': "TRANSPOSE_OUTPUT variants not supported with NON_UNIFORM_CONVGROUP_PER_OC, make sure this variant is not used" at kernel Conv1D_Scaled_OutTransposed_4eoc_4esp at ConvGeneric.compute(546)
Shader warning in 'ConvGeneric': "TRANSPOSE_OUTPUT variants not supported with NON_UNIFORM_CONVGROUP_PER_OC, make sure this variant is not used" at kernel Conv1DComplex_OutTransposed_4eoc_4esp at ConvGeneric.compute(547)
Shader warning in 'ConvGeneric': "TRANSPOSE_OUTPUT variants not supported with NON_UNIFORM_CONVGROUP_PER_OC, make sure this variant is not used" at kernel Conv1D_OutTransposedDouble_4eoc_4esp at ConvGeneric.compute(547)
Shader warning in 'ConvGeneric': "TRANSPOSE_OUTPUT variants not supported with NON_UNIFORM_CONVGROUP_PER_OC, make sure this variant is not used" at kernel Conv1D_OutTransposed_4eoc_4esp at ConvGeneric.compute(547)
Shader warning in 'ConvGeneric': "TRANSPOSE_OUTPUT variants not supported with NON_UNIFORM_CONVGROUP_PER_OC, make sure this variant is not used" at kernel Conv1D_Scaled_Complex_OutTransposed_4eoc_4esp at ConvGeneric.compute(547)
Shader warning in 'ConvGeneric': "TRANSPOSE_OUTPUT variants not supported with NON_UNIFORM_CONVGROUP_PER_OC, make sure this variant is not used" at kernel Conv1D_Scaled_OutTransposed_4eoc_4esp at ConvGeneric.compute(547)
Shader warning in 'ConvGeneric': "TRANSPOSE_OUTPUT variants not supported with NON_UNIFORM_CONVGROUP_PER_OC, make sure this variant is not used" at kernel Conv1DComplex_OutTransposed_4eoc_4esp at ConvGeneric.compute(548)
Shader warning in 'ConvGeneric': "TRANSPOSE_OUTPUT variants not supported with NON_UNIFORM_CONVGROUP_PER_OC, make sure this variant is not used" at kernel Conv1D_OutTransposedDouble_4eoc_4esp at ConvGeneric.compute(548)
Shader warning in 'ConvGeneric': "TRANSPOSE_OUTPUT variants not supported with NON_UNIFORM_CONVGROUP_PER_OC, make sure this variant is not used" at kernel Conv1D_OutTransposed_4eoc_4esp at ConvGeneric.compute(548)
Shader warning in 'ConvGeneric': "TRANSPOSE_OUTPUT variants not supported with NON_UNIFORM_CONVGROUP_PER_OC, make sure this variant is not used" at kernel Conv1D_Scaled_Complex_OutTransposed_4eoc_4esp at ConvGeneric.compute(548)
Shader warning in 'ConvGeneric': "TRANSPOSE_OUTPUT variants not supported with NON_UNIFORM_CONVGROUP_PER_OC, make sure this variant is not used" at kernel Conv1D_Scaled_OutTransposed_4eoc_4esp at ConvGeneric.compute(548)
Shader warning in 'ConvGeneric': "TRANSPOSE_OUTPUT variants not supported with NON_UNIFORM_CONVGROUP_PER_OC, make sure this variant is not used" at kernel Conv1DComplex_OutTransposed_4eoc_4esp at ConvGeneric.compute(546)
Shader warning in 'ConvGeneric': "TRANSPOSE_OUTPUT variants not supported with NON_UNIFORM_CONVGROUP_PER_OC, make sure this variant is not used" at kernel Conv1D_OutTransposedDouble_4eoc_4esp at ConvGeneric.compute(546)
Shader warning in 'ConvGeneric': "TRANSPOSE_OUTPUT variants not supported with NON_UNIFORM_CONVGROUP_PER_OC, make sure this variant is not used" at kernel Conv1D_OutTransposed_4eoc_4esp at ConvGeneric.compute(546)
Shader warning in 'ConvGeneric': "TRANSPOSE_OUTPUT variants not supported with NON_UNIFORM_CONVGROUP_PER_OC, make sure this variant is not used" at kernel Conv1D_Scaled_Complex_OutTransposed_4eoc_4esp at ConvGeneric.compute(546)
Shader warning in 'ConvGeneric': "TRANSPOSE_OUTPUT variants not supported with NON_UNIFORM_CONVGROUP_PER_OC, make sure this variant is not used" at kernel Conv1D_Scaled_OutTransposed_4eoc_4esp at ConvGeneric.compute(546)
Shader warning in 'ConvGeneric': "TRANSPOSE_OUTPUT variants not supported with NON_UNIFORM_CONVGROUP_PER_OC, make sure this variant is not used" at kernel Conv1DComplex_OutTransposed_4eoc_4esp at ConvGeneric.compute(547)
Shader warning in 'ConvGeneric': "TRANSPOSE_OUTPUT variants not supported with NON_UNIFORM_CONVGROUP_PER_OC, make sure this variant is not used" at kernel Conv1D_OutTransposedDouble_4eoc_4esp at ConvGeneric.compute(547)
Shader warning in 'ConvGeneric': "TRANSPOSE_OUTPUT variants not supported with NON_UNIFORM_CONVGROUP_PER_OC, make sure this variant is not used" at kernel Conv1D_OutTransposed_4eoc_4esp at ConvGeneric.compute(547)
Shader warning in 'ConvGeneric': "TRANSPOSE_OUTPUT variants not supported with NON_UNIFORM_CONVGROUP_PER_OC, make sure this variant is not used" at kernel Conv1D_Scaled_Complex_OutTransposed_4eoc_4esp at ConvGeneric.compute(547)
Shader warning in 'ConvGeneric': "TRANSPOSE_OUTPUT variants not supported with NON_UNIFORM_CONVGROUP_PER_OC, make sure this variant is not used" at kernel Conv1D_Scaled_OutTransposed_4eoc_4esp at ConvGeneric.compute(547)
Shader warning in 'ConvGeneric': "TRANSPOSE_OUTPUT variants not supported with NON_UNIFORM_CONVGROUP_PER_OC, make sure this variant is not used" at kernel Conv1DComplex_OutTransposed_4eoc_4esp at ConvGeneric.compute(548)
Shader warning in 'ConvGeneric': "TRANSPOSE_OUTPUT variants not supported with NON_UNIFORM_CONVGROUP_PER_OC, make sure this variant is not used" at kernel Conv1D_OutTransposedDouble_4eoc_4esp at ConvGeneric.compute(548)
Shader warning in 'ConvGeneric': "TRANSPOSE_OUTPUT variants not supported with NON_UNIFORM_CONVGROUP_PER_OC, make sure this variant is not used" at kernel Conv1D_OutTransposed_4eoc_4esp at ConvGeneric.compute(548)
Shader warning in 'ConvGeneric': "TRANSPOSE_OUTPUT variants not supported with NON_UNIFORM_CONVGROUP_PER_OC, make sure this variant is not used" at kernel Conv1D_Scaled_Complex_OutTransposed_4eoc_4esp at ConvGeneric.compute(548)
Shader warning in 'ConvGeneric': "TRANSPOSE_OUTPUT variants not supported with NON_UNIFORM_CONVGROUP_PER_OC, make sure this variant is not used" at kernel Conv1D_Scaled_OutTransposed_4eoc_4esp at ConvGeneric.compute(548)
Shader warning in 'ConvGeneric': "TRANSPOSE_OUTPUT variants not supported with NON_UNIFORM_CONVGROUP_PER_OC, make sure this variant is not used" at kernel Conv1DComplex_OutTransposed_4eoc_4esp at ConvGeneric.compute(546)
Shader warning in 'ConvGeneric': "TRANSPOSE_OUTPUT variants not supported with NON_UNIFORM_CONVGROUP_PER_OC, make sure this variant is not used" at kernel Conv1D_OutTransposedDouble_4eoc_4esp at ConvGeneric.compute(546)
Shader warning in 'ConvGeneric': "TRANSPOSE_OUTPUT variants not supported with NON_UNIFORM_CONVGROUP_PER_OC, make sure this variant is not used" at kernel Conv1D_OutTransposed_4eoc_4esp at ConvGeneric.compute(546)
Shader warning in 'ConvGeneric': "TRANSPOSE_OUTPUT variants not supported with NON_UNIFORM_CONVGROUP_PER_OC, make sure this variant is not used" at kernel Conv1D_Scaled_Complex_OutTransposed_4eoc_4esp at ConvGeneric.compute(546)
Shader warning in 'ConvGeneric': "TRANSPOSE_OUTPUT variants not supported with NON_UNIFORM_CONVGROUP_PER_OC, make sure this variant is not used" at kernel Conv1D_Scaled_OutTransposed_4eoc_4esp at ConvGeneric.compute(546)
Shader warning in 'ConvGeneric': "TRANSPOSE_OUTPUT variants not supported with NON_UNIFORM_CONVGROUP_PER_OC, make sure this variant is not used" at kernel Conv1DComplex_OutTransposed_4eoc_4esp at ConvGeneric.compute(547)
Shader warning in 'ConvGeneric': "TRANSPOSE_OUTPUT variants not supported with NON_UNIFORM_CONVGROUP_PER_OC, make sure this variant is not used" at kernel Conv1D_OutTransposedDouble_4eoc_4esp at ConvGeneric.compute(547)
Shader warning in 'ConvGeneric': "TRANSPOSE_OUTPUT variants not supported with NON_UNIFORM_CONVGROUP_PER_OC, make sure this variant is not used" at kernel Conv1D_OutTransposed_4eoc_4esp at ConvGeneric.compute(547)
Shader warning in 'ConvGeneric': "TRANSPOSE_OUTPUT variants not supported with NON_UNIFORM_CONVGROUP_PER_OC, make sure this variant is not used" at kernel Conv1D_Scaled_Complex_OutTransposed_4eoc_4esp at ConvGeneric.compute(547)
Shader warning in 'ConvGeneric': "TRANSPOSE_OUTPUT variants not supported with NON_UNIFORM_CONVGROUP_PER_OC, make sure this variant is not used" at kernel Conv1D_Scaled_OutTransposed_4eoc_4esp at ConvGeneric.compute(547)
Shader warning in 'ConvGeneric': "TRANSPOSE_OUTPUT variants not supported with NON_UNIFORM_CONVGROUP_PER_OC, make sure this variant is not used" at kernel Conv1DComplex_OutTransposed_4eoc_4esp at ConvGeneric.compute(548)
Shader warning in 'ConvGeneric': "TRANSPOSE_OUTPUT variants not supported with NON_UNIFORM_CONVGROUP_PER_OC, make sure this variant is not used" at kernel Conv1D_OutTransposedDouble_4eoc_4esp at ConvGeneric.compute(548)
Shader warning in 'ConvGeneric': "TRANSPOSE_OUTPUT variants not supported with NON_UNIFORM_CONVGROUP_PER_OC, make sure this variant is not used" at kernel Conv1D_OutTransposed_4eoc_4esp at ConvGeneric.compute(548)
Shader warning in 'ConvGeneric': "TRANSPOSE_OUTPUT variants not supported with NON_UNIFORM_CONVGROUP_PER_OC, make sure this variant is not used" at kernel Conv1D_Scaled_Complex_OutTransposed_4eoc_4esp at ConvGeneric.compute(548)
Shader warning in 'ConvGeneric': "TRANSPOSE_OUTPUT variants not supported with NON_UNIFORM_CONVGROUP_PER_OC, make sure this variant is not used" at kernel Conv1D_Scaled_OutTransposed_4eoc_4esp at ConvGeneric.compute(548)
Shader warning in 'ConvGeneric': "TRANSPOSE_OUTPUT variants not supported with NON_UNIFORM_CONVGROUP_PER_OC, make sure this variant is not used" at kernel Conv1DComplex_OutTransposed_4eoc_4esp at ConvGeneric.compute(546)
Shader warning in 'ConvGeneric': "TRANSPOSE_OUTPUT variants not supported with NON_UNIFORM_CONVGROUP_PER_OC, make sure this variant is not used" at kernel Conv1D_OutTransposedDouble_4eoc_4esp at ConvGeneric.compute(546)
Shader warning in 'ConvGeneric': "TRANSPOSE_OUTPUT variants not supported with NON_UNIFORM_CONVGROUP_PER_OC, make sure this variant is not used" at kernel Conv1D_OutTransposed_4eoc_4esp at ConvGeneric.compute(546)
Shader warning in 'ConvGeneric': "TRANSPOSE_OUTPUT variants not supported with NON_UNIFORM_CONVGROUP_PER_OC, make sure this variant is not used" at kernel Conv1D_Scaled_Complex_OutTransposed_4eoc_4esp at ConvGeneric.compute(546)
Shader warning in 'ConvGeneric': "TRANSPOSE_OUTPUT variants not supported with NON_UNIFORM_CONVGROUP_PER_OC, make sure this variant is not used" at kernel Conv1D_Scaled_OutTransposed_4eoc_4esp at ConvGeneric.compute(546)
Shader warning in 'ConvGeneric': "TRANSPOSE_OUTPUT variants not supported with NON_UNIFORM_CONVGROUP_PER_OC, make sure this variant is not used" at kernel Conv1DComplex_OutTransposed_4eoc_4esp at ConvGeneric.compute(547)
Shader warning in 'ConvGeneric': "TRANSPOSE_OUTPUT variants not supported with NON_UNIFORM_CONVGROUP_PER_OC, make sure this variant is not used" at kernel Conv1D_OutTransposedDouble_4eoc_4esp at ConvGeneric.compute(547)
Shader warning in 'ConvGeneric': "TRANSPOSE_OUTPUT variants not supported with NON_UNIFORM_CONVGROUP_PER_OC, make sure this variant is not used" at kernel Conv1D_OutTransposed_4eoc_4esp at ConvGeneric.compute(547)
Shader warning in 'ConvGeneric': "TRANSPOSE_OUTPUT variants not supported with NON_UNIFORM_CONVGROUP_PER_OC, make sure this variant is not used" at kernel Conv1D_Scaled_Complex_OutTransposed_4eoc_4esp at ConvGeneric.compute(547)
Shader warning in 'ConvGeneric': "TRANSPOSE_OUTPUT variants not supported with NON_UNIFORM_CONVGROUP_PER_OC, make sure this variant is not used" at kernel Conv1D_Scaled_OutTransposed_4eoc_4esp at ConvGeneric.compute(547)
Shader warning in 'ConvGeneric': "TRANSPOSE_OUTPUT variants not supported with NON_UNIFORM_CONVGROUP_PER_OC, make sure this variant is not used" at kernel Conv1DComplex_OutTransposed_4eoc_4esp at ConvGeneric.compute(548)
Shader warning in 'ConvGeneric': "TRANSPOSE_OUTPUT variants not supported with NON_UNIFORM_CONVGROUP_PER_OC, make sure this variant is not used" at kernel Conv1D_OutTransposedDouble_4eoc_4esp at ConvGeneric.compute(548)
Shader warning in 'ConvGeneric': "TRANSPOSE_OUTPUT variants not supported with NON_UNIFORM_CONVGROUP_PER_OC, make sure this variant is not used" at kernel Conv1D_OutTransposed_4eoc_4esp at ConvGeneric.compute(548)
Shader warning in 'ConvGeneric': "TRANSPOSE_OUTPUT variants not supported with NON_UNIFORM_CONVGROUP_PER_OC, make sure this variant is not used" at kernel Conv1D_Scaled_Complex_OutTransposed_4eoc_4esp at ConvGeneric.compute(548)
Shader warning in 'ConvGeneric': "TRANSPOSE_OUTPUT variants not supported with NON_UNIFORM_CONVGROUP_PER_OC, make sure this variant is not used" at kernel Conv1D_Scaled_OutTransposed_4eoc_4esp at ConvGeneric.compute(548)
    finished in 0.11 seconds. Local cache hits 408, remote cache hits 0, compiled 0 variants
Compiling compute shader "Compute.Shaders.Broadcast.gen"
    starting stripping...
    finished in 0.00 seconds. 174 of 174 variants left
    174 variants, starting compilation...
    finished in 0.05 seconds. Local cache hits 174, remote cache hits 0, compiled 0 variants
Compiling compute shader "SortingOps"
    starting stripping...
    finished in 0.00 seconds. 4 of 4 variants left
    4 variants, starting compilation...
    finished in 0.00 seconds. Local cache hits 4, remote cache hits 0, compiled 0 variants
Compiling compute shader "CopyOps"
    starting stripping...
    finished in 0.00 seconds. 18 of 18 variants left
    18 variants, starting compilation...
    finished in 0.01 seconds. Local cache hits 18, remote cache hits 0, compiled 0 variants
Compiling compute shader "TextureToTensor"
    starting stripping...
    finished in 0.00 seconds. 8 of 8 variants left
    8 variants, starting compilation...
    finished in 0.00 seconds. Local cache hits 8, remote cache hits 0, compiled 0 variants
Compiling compute shader "LocalResponseNormalization"
    starting stripping...
    finished in 0.00 seconds. 2 of 2 variants left
    2 variants, starting compilation...
    finished in 0.00 seconds. Local cache hits 2, remote cache hits 0, compiled 0 variants
Compiling compute shader "DepthwiseConv"
    starting stripping...
    finished in 0.00 seconds. 12 of 12 variants left
    12 variants, starting compilation...
    finished in 0.01 seconds. Local cache hits 12, remote cache hits 0, compiled 0 variants
Compiling compute shader "Compute.Shaders.ConvTranspose.gen"
    starting stripping...
    finished in 0.00 seconds. 8 of 8 variants left
    8 variants, starting compilation...
    finished in 0.01 seconds. Local cache hits 8, remote cache hits 0, compiled 0 variants
Compiling compute shader "Pool"
    starting stripping...
    finished in 0.00 seconds. 16 of 16 variants left
    16 variants, starting compilation...
    finished in 0.01 seconds. Local cache hits 16, remote cache hits 0, compiled 0 variants
Compiling compute shader "ReferenceImpl.Logical"
    starting stripping...
    finished in 0.00 seconds. 2 of 2 variants left
    2 variants, starting compilation...
    finished in 0.00 seconds. Local cache hits 2, remote cache hits 0, compiled 0 variants
Compiling compute shader "Compute.Shaders.PointwiseUnary.gen"
    starting stripping...
    finished in 0.00 seconds. 122 of 122 variants left
    122 variants, starting compilation...
    finished in 0.03 seconds. Local cache hits 122, remote cache hits 0, compiled 0 variants
Compiling compute shader "ReferenceImpl.PoolA"
    starting stripping...
    finished in 0.00 seconds. 12 of 12 variants left
    12 variants, starting compilation...
    finished in 0.01 seconds. Local cache hits 12, remote cache hits 0, compiled 0 variants
Compiling compute shader "ReferenceImpl.Einsum"
    starting stripping...
    finished in 0.00 seconds. 4 of 4 variants left
    4 variants, starting compilation...
    finished in 0.00 seconds. Local cache hits 4, remote cache hits 0, compiled 0 variants
Compiling compute shader "LogicalOps"
    starting stripping...
    finished in 0.00 seconds. 8 of 8 variants left
    8 variants, starting compilation...
    finished in 0.00 seconds. Local cache hits 8, remote cache hits 0, compiled 0 variants
Compiling compute shader "Compute.Shaders.Conv.gen"
    starting stripping...
    finished in 0.00 seconds. 16 of 16 variants left
    16 variants, starting compilation...
    finished in 0.01 seconds. Local cache hits 16, remote cache hits 0, compiled 0 variants
Compiling compute shader "RoiAlign"
    starting stripping...
    finished in 0.00 seconds. 8 of 8 variants left
    8 variants, starting compilation...
    finished in 0.01 seconds. Local cache hits 8, remote cache hits 0, compiled 0 variants
Compiling compute shader "GridSample"
    starting stripping...
    finished in 0.00 seconds. 48 of 48 variants left
    48 variants, starting compilation...
    finished in 0.01 seconds. Local cache hits 48, remote cache hits 0, compiled 0 variants
Compiling compute shader "Compute.Shaders.Reduction.gen"
    starting stripping...
    finished in 0.00 seconds. 76 of 76 variants left
    76 variants, starting compilation...
    finished in 0.02 seconds. Local cache hits 76, remote cache hits 0, compiled 0 variants
Compiling compute shader "CompareOps"
    starting stripping...
    finished in 0.00 seconds. 24 of 24 variants left
    24 variants, starting compilation...
    finished in 0.01 seconds. Local cache hits 24, remote cache hits 0, compiled 0 variants
Script attached to 'Prototype Materials' in asset 'Assets/CrossTheRoad/AssetStore/Gridbox Prototype Materials/Resources/ProBuilder Data/Prototype Materials.asset' is missing or no valid script is attached.
UnityEngine.Debug:ExtractStackTraceNoAlloc (byte*,int,string)
UnityEngine.StackTraceUtility:ExtractStackTrace ()
UnityEditor.BuildPipeline:BuildPlayerInternalNoCheck (string[],string,string,UnityEditor.BuildTargetGroup,UnityEditor.BuildTarget,int,UnityEditor.BuildOptions,string[],bool)
UnityEditor.BuildPipeline:BuildPlayerInternal (string[],string,string,UnityEditor.BuildTargetGroup,UnityEditor.BuildTarget,int,UnityEditor.BuildOptions,string[])
UnityEditor.BuildPipeline:BuildPlayer (string[],string,string,UnityEditor.BuildTargetGroup,UnityEditor.BuildTarget,int,UnityEditor.BuildOptions,string[])
UnityEditor.BuildPipeline:BuildPlayer (UnityEditor.BuildPlayerOptions)
GraduationProject.EditorTools.HeadlessBuilder:BuildAll (string[]) (at Assets/Editor/HeadlessBuilder.cs:135)
GraduationProject.EditorTools.HeadlessBuilder:BuildAllFromCommandLine () (at Assets/Editor/HeadlessBuilder.cs:90)

[Assets/Editor/HeadlessBuilder.cs line 135]

Refreshing native plugins compatible for Editor in 148.98 ms, found 6 plugins.
Preloading 1 native plugins for Editor in 0.12 ms.
Compiling shader "Standard"
  Pass "FORWARD" (vp)
    Target graphics API: d3d11
    Full variant space:         1.328
    After settings filtering:   1.328
    After built-in stripping:   16
    After scriptable stripping: 16
    Processed in 0.00 seconds
  Pass "FORWARD" (fp)
    Target graphics API: d3d11
    Full variant space:         4.032
    After settings filtering:   4.032
    After built-in stripping:   32
    After scriptable stripping: 32
    Processed in 0.00 seconds
  Pass "FORWARD_DELTA" (vp)
    Target graphics API: d3d11
    Full variant space:         376
    After settings filtering:   376
    After built-in stripping:   26
    After scriptable stripping: 26
    Processed in 0.00 seconds
  Pass "FORWARD_DELTA" (fp)
    Target graphics API: d3d11
    Full variant space:         752
    After settings filtering:   752
    After built-in stripping:   52
    After scriptable stripping: 52
    Processed in 0.00 seconds
  Pass "ShadowCaster" (vp)
    Target graphics API: d3d11
    Full variant space:         8
    After settings filtering:   8
    After built-in stripping:   4
    After scriptable stripping: 4
    Processed in 0.00 seconds
  Pass "ShadowCaster" (fp)
    Target graphics API: d3d11
    Full variant space:         12
    After settings filtering:   12
    After built-in stripping:   6
    After scriptable stripping: 6
    Processed in 0.00 seconds
  Pass "DEFERRED" (vp)
    Target graphics API: d3d11
    Full variant space:         152
    After settings filtering:   152
    After built-in stripping:   8
    After scriptable stripping: 8
    Processed in 0.00 seconds
  Pass "DEFERRED" (fp)
    Target graphics API: d3d11
    Full variant space:         456
    After settings filtering:   456
    After built-in stripping:   24
    After scriptable stripping: 24
    Processed in 0.00 seconds
  Pass "FORWARD" (vp)
    Target graphics API: d3d11
    Full variant space:         416
    After settings filtering:   416
    After built-in stripping:   16
    After scriptable stripping: 16
    Processed in 0.00 seconds
  Pass "FORWARD" (fp)
    Target graphics API: d3d11
    Full variant space:         1.184
    After settings filtering:   1.184
    After built-in stripping:   32
    After scriptable stripping: 32
    Processed in 0.00 seconds
  Pass "FORWARD_DELTA" (vp)
    Target graphics API: d3d11
    Full variant space:         280
    After settings filtering:   280
    After built-in stripping:   20
    After scriptable stripping: 20
    Processed in 0.00 seconds
  Pass "FORWARD_DELTA" (fp)
    Target graphics API: d3d11
    Full variant space:         560
    After settings filtering:   560
    After built-in stripping:   40
    After scriptable stripping: 40
    Processed in 0.00 seconds
  Pass "ShadowCaster" (vp)
    Target graphics API: d3d11
    Full variant space:         4
    After settings filtering:   4
    After built-in stripping:   4
    After scriptable stripping: 4
    Processed in 0.00 seconds
  Pass "ShadowCaster" (fp)
    Target graphics API: d3d11
    Full variant space:         6
    After settings filtering:   6
    After built-in stripping:   6
    After scriptable stripping: 6
    Processed in 0.00 seconds
  Pass FORWARD (vp, d3d11) finished in 0.01 seconds. Local cache hits 16 (0.13s CPU time), remote cache hits 0 (0.00s CPU time), compiled 0 variants (0.00s CPU time), skipped 0 variants.
    Prepared data for serialisation in 0.00s
  Pass FORWARD (fp, d3d11) finished in 0.03 seconds. Local cache hits 32 (0.23s CPU time), remote cache hits 0 (0.00s CPU time), compiled 0 variants (0.00s CPU time), skipped 0 variants.
    Prepared data for serialisation in 0.00s
  Pass FORWARD_DELTA (vp, d3d11) finished in 0.02 seconds. Local cache hits 26 (0.21s CPU time), remote cache hits 0 (0.00s CPU time), compiled 0 variants (0.00s CPU time), skipped 0 variants.
    Prepared data for serialisation in 0.00s
  Pass FORWARD_DELTA (fp, d3d11) finished in 0.03 seconds. Local cache hits 52 (0.37s CPU time), remote cache hits 0 (0.00s CPU time), compiled 0 variants (0.00s CPU time), skipped 0 variants.
    Prepared data for serialisation in 0.00s
  Pass ShadowCaster (vp, d3d11) finished in 0.01 seconds. Local cache hits 4 (0.03s CPU time), remote cache hits 0 (0.00s CPU time), compiled 0 variants (0.00s CPU time), skipped 0 variants.
    Prepared data for serialisation in 0.00s
  Pass ShadowCaster (fp, d3d11) finished in 0.01 seconds. Local cache hits 6 (0.04s CPU time), remote cache hits 0 (0.00s CPU time), compiled 0 variants (0.00s CPU time), skipped 0 variants.
    Prepared data for serialisation in 0.00s
  Pass DEFERRED (vp, d3d11) finished in 0.01 seconds. Local cache hits 8 (0.06s CPU time), remote cache hits 0 (0.00s CPU time), compiled 0 variants (0.00s CPU time), skipped 0 variants.
    Prepared data for serialisation in 0.00s
  Pass DEFERRED (fp, d3d11) finished in 0.02 seconds. Local cache hits 24 (0.17s CPU time), remote cache hits 0 (0.00s CPU time), compiled 0 variants (0.00s CPU time), skipped 0 variants.
    Prepared data for serialisation in 0.00s
  Pass FORWARD (vp, d3d11) finished in 0.02 seconds. Local cache hits 16 (0.09s CPU time), remote cache hits 0 (0.00s CPU time), compiled 0 variants (0.00s CPU time), skipped 0 variants.
    Prepared data for serialisation in 0.00s
  Pass FORWARD (fp, d3d11) finished in 0.02 seconds. Local cache hits 32 (0.18s CPU time), remote cache hits 0 (0.00s CPU time), compiled 0 variants (0.00s CPU time), skipped 0 variants.
    Prepared data for serialisation in 0.00s
  Pass FORWARD_DELTA (vp, d3d11) finished in 0.02 seconds. Local cache hits 20 (0.14s CPU time), remote cache hits 0 (0.00s CPU time), compiled 0 variants (0.00s CPU time), skipped 0 variants.
    Prepared data for serialisation in 0.00s
  Pass FORWARD_DELTA (fp, d3d11) finished in 0.02 seconds. Local cache hits 40 (0.25s CPU time), remote cache hits 0 (0.00s CPU time), compiled 0 variants (0.00s CPU time), skipped 0 variants.
    Prepared data for serialisation in 0.00s
  Pass ShadowCaster (vp, d3d11) finished in 0.01 seconds. Local cache hits 4 (0.01s CPU time), remote cache hits 0 (0.00s CPU time), compiled 0 variants (0.00s CPU time), skipped 0 variants.
    Prepared data for serialisation in 0.00s
  Pass ShadowCaster (fp, d3d11) finished in 0.01 seconds. Local cache hits 6 (0.02s CPU time), remote cache hits 0 (0.00s CPU time), compiled 0 variants (0.00s CPU time), skipped 0 variants.
    Prepared data for serialisation in 0.00s
Serialized binary data for shader Standard in 0.00s
    d3d11 (total internal programs: 286, unique: 244)
Compiling shader "Skybox/Procedural"
  Pass "" (vp)
    Target graphics API: d3d11
    Full variant space:         3
    After settings filtering:   3
    After built-in stripping:   3
    After scriptable stripping: 3
    Processed in 0.00 seconds
  Pass "" (fp)
    Target graphics API: d3d11
    Full variant space:         3
    After settings filtering:   3
    After built-in stripping:   3
    After scriptable stripping: 3
    Processed in 0.00 seconds
  Pass  (vp, d3d11) finished in 0.01 seconds. Local cache hits 3 (0.02s CPU time), remote cache hits 0 (0.00s CPU time), compiled 0 variants (0.00s CPU time), skipped 0 variants.
    Prepared data for serialisation in 0.00s
  Pass  (fp, d3d11) finished in 0.01 seconds. Local cache hits 3 (0.01s CPU time), remote cache hits 0 (0.00s CPU time), compiled 0 variants (0.00s CPU time), skipped 0 variants.
    Prepared data for serialisation in 0.00s
Serialized binary data for shader Skybox/Procedural in 0.00s
    d3d11 (total internal programs: 6, unique: 6)
Compiling shader "Legacy Shaders/VertexLit"
  Pass "" (vp)
    Target graphics API: d3d11
    Full variant space:         12
    After settings filtering:   12
    After built-in stripping:   3
    After scriptable stripping: 3
    Processed in 0.00 seconds
  Pass "" (fp)
    Target graphics API: d3d11
    Full variant space:         12
    After settings filtering:   12
    After built-in stripping:   3
    After scriptable stripping: 3
    Processed in 0.00 seconds
  Pass "" (vp)
    Target graphics API: d3d11
    Full variant space:         4
    After settings filtering:   4
    After built-in stripping:   1
    After scriptable stripping: 1
    Processed in 0.00 seconds
  Pass "" (fp)
    Target graphics API: d3d11
    Full variant space:         4
    After settings filtering:   4
    After built-in stripping:   1
    After scriptable stripping: 1
    Processed in 0.00 seconds
  Pass "ShadowCaster" (vp)
    Target graphics API: d3d11
    Full variant space:         4
    After settings filtering:   4
    After built-in stripping:   2
    After scriptable stripping: 2
    Processed in 0.00 seconds
  Pass "ShadowCaster" (fp)
    Target graphics API: d3d11
    Full variant space:         4
    After settings filtering:   4
    After built-in stripping:   2
    After scriptable stripping: 2
    Processed in 0.00 seconds
  Pass  (vp, d3d11) finished in 0.01 seconds. Local cache hits 3 (0.02s CPU time), remote cache hits 0 (0.00s CPU time), compiled 0 variants (0.00s CPU time), skipped 0 variants.
    Prepared data for serialisation in 0.00s
  Pass  (fp, d3d11) finished in 0.01 seconds. Local cache hits 3 (0.02s CPU time), remote cache hits 0 (0.00s CPU time), compiled 0 variants (0.00s CPU time), skipped 0 variants.
    Prepared data for serialisation in 0.00s
  Pass  (vp, d3d11) finished in 0.01 seconds. Local cache hits 1 (0.01s CPU time), remote cache hits 0 (0.00s CPU time), compiled 0 variants (0.00s CPU time), skipped 0 variants.
    Prepared data for serialisation in 0.00s
  Pass  (fp, d3d11) finished in 0.01 seconds. Local cache hits 1 (0.01s CPU time), remote cache hits 0 (0.00s CPU time), compiled 0 variants (0.00s CPU time), skipped 0 variants.
    Prepared data for serialisation in 0.00s
  Pass ShadowCaster (vp, d3d11) finished in 0.01 seconds. Local cache hits 2 (0.01s CPU time), remote cache hits 0 (0.00s CPU time), compiled 0 variants (0.00s CPU time), skipped 0 variants.
    Prepared data for serialisation in 0.00s
  Pass ShadowCaster (fp, d3d11) finished in 0.01 seconds. Local cache hits 2 (0.00s CPU time), remote cache hits 0 (0.00s CPU time), compiled 0 variants (0.00s CPU time), skipped 0 variants.
    Prepared data for serialisation in 0.00s
Serialized binary data for shader Legacy Shaders/VertexLit in 0.00s
    d3d11 (total internal programs: 12, unique: 12)
Compiling shader "Legacy Shaders/Diffuse"
  Pass "FORWARD" (vp)
    Target graphics API: d3d11
    Full variant space:         664
    After settings filtering:   664
    After built-in stripping:   8
    After scriptable stripping: 8
    Processed in 0.00 seconds
  Pass "FORWARD" (fp)
    Target graphics API: d3d11
    Full variant space:         504
    After settings filtering:   504
    After built-in stripping:   4
    After scriptable stripping: 4
    Processed in 0.00 seconds
  Pass "FORWARD" (vp)
    Target graphics API: d3d11
    Full variant space:         20
    After settings filtering:   20
    After built-in stripping:   5
    After scriptable stripping: 5
    Processed in 0.00 seconds
  Pass "FORWARD" (fp)
    Target graphics API: d3d11
    Full variant space:         20
    After settings filtering:   20
    After built-in stripping:   5
    After scriptable stripping: 5
    Processed in 0.00 seconds
  Pass "DEFERRED" (vp)
    Target graphics API: d3d11
    Full variant space:         76
    After settings filtering:   76
    After built-in stripping:   4
    After scriptable stripping: 4
    Processed in 0.00 seconds
  Pass "DEFERRED" (fp)
    Target graphics API: d3d11
    Full variant space:         76
    After settings filtering:   76
    After built-in stripping:   4
    After scriptable stripping: 4
    Processed in 0.00 seconds
  Pass FORWARD (vp, d3d11) finished in 0.01 seconds. Local cache hits 8 (0.07s CPU time), remote cache hits 0 (0.00s CPU time), compiled 0 variants (0.00s CPU time), skipped 0 variants.
    Prepared data for serialisation in 0.00s
  Pass FORWARD (fp, d3d11) finished in 0.01 seconds. Local cache hits 4 (0.03s CPU time), remote cache hits 0 (0.00s CPU time), compiled 0 variants (0.00s CPU time), skipped 0 variants.
    Prepared data for serialisation in 0.00s
  Pass FORWARD (vp, d3d11) finished in 0.01 seconds. Local cache hits 5 (0.04s CPU time), remote cache hits 0 (0.00s CPU time), compiled 0 variants (0.00s CPU time), skipped 0 variants.
    Prepared data for serialisation in 0.00s
  Pass FORWARD (fp, d3d11) finished in 0.01 seconds. Local cache hits 5 (0.04s CPU time), remote cache hits 0 (0.00s CPU time), compiled 0 variants (0.00s CPU time), skipped 0 variants.
    Prepared data for serialisation in 0.00s
  Pass DEFERRED (vp, d3d11) finished in 0.01 seconds. Local cache hits 4 (0.02s CPU time), remote cache hits 0 (0.00s CPU time), compiled 0 variants (0.00s CPU time), skipped 0 variants.
    Prepared data for serialisation in 0.00s
  Pass DEFERRED (fp, d3d11) finished in 0.02 seconds. Local cache hits 4 (0.04s CPU time), remote cache hits 0 (0.00s CPU time), compiled 0 variants (0.00s CPU time), skipped 0 variants.
    Prepared data for serialisation in 0.00s
Serialized binary data for shader Legacy Shaders/Diffuse in 0.00s
    d3d11 (total internal programs: 30, unique: 30)
Compiling shader "Hidden/Internal-StencilWrite"
  Pass "" (vp)
    Target graphics API: d3d11
    Full variant space:         1
    After settings filtering:   1
    After built-in stripping:   1
    After scriptable stripping: 1
    Processed in 0.00 seconds
  Pass "" (fp)
    Target graphics API: d3d11
    Full variant space:         1
    After settings filtering:   1
    After built-in stripping:   1
    After scriptable stripping: 1
    Processed in 0.00 seconds
  Pass  (vp, d3d11) finished in 0.00 seconds. Local cache hits 1 (0.00s CPU time), remote cache hits 0 (0.00s CPU time), compiled 0 variants (0.00s CPU time), skipped 0 variants.
    Prepared data for serialisation in 0.00s
  Pass  (fp, d3d11) finished in 0.00 seconds. Local cache hits 1 (0.00s CPU time), remote cache hits 0 (0.00s CPU time), compiled 0 variants (0.00s CPU time), skipped 0 variants.
    Prepared data for serialisation in 0.00s
Serialized binary data for shader Hidden/Internal-StencilWrite in 0.00s
    d3d11 (total internal programs: 2, unique: 2)
Compiling shader "Hidden/Internal-DepthNormalsTexture"
  Pass "" (vp)
    Target graphics API: d3d11
    Full variant space:         1
    After settings filtering:   1
    After built-in stripping:   1
    After scriptable stripping: 1
    Processed in 0.00 seconds
  Pass "" (fp)
    Target graphics API: d3d11
    Full variant space:         1
    After settings filtering:   1
    After built-in stripping:   1
    After scriptable stripping: 1
    Processed in 0.00 seconds
  Pass "" (vp)
    Target graphics API: d3d11
    Full variant space:         1
    After settings filtering:   1
    After built-in stripping:   1
    After scriptable stripping: 1
    Processed in 0.00 seconds
  Pass "" (fp)
    Target graphics API: d3d11
    Full variant space:         1
    After settings filtering:   1
    After built-in stripping:   1
    After scriptable stripping: 1
    Processed in 0.00 seconds
  Pass "" (vp)
    Target graphics API: d3d11
    Full variant space:         1
    After settings filtering:   1
    After built-in stripping:   1
    After scriptable stripping: 1
    Processed in 0.00 seconds
  Pass "" (fp)
    Target graphics API: d3d11
    Full variant space:         1
    After settings filtering:   1
    After built-in stripping:   1
    After scriptable stripping: 1
    Processed in 0.00 seconds
  Pass "" (vp)
    Target graphics API: d3d11
    Full variant space:         1
    After settings filtering:   1
    After built-in stripping:   1
    After scriptable stripping: 1
    Processed in 0.00 seconds
  Pass "" (fp)
    Target graphics API: d3d11
    Full variant space:         1
    After settings filtering:   1
    After built-in stripping:   1
    After scriptable stripping: 1
    Processed in 0.00 seconds
  Pass "" (vp)
    Target graphics API: d3d11
    Full variant space:         1
    After settings filtering:   1
    After built-in stripping:   1
    After scriptable stripping: 1
    Processed in 0.00 seconds
  Pass "" (fp)
    Target graphics API: d3d11
    Full variant space:         1
    After settings filtering:   1
    After built-in stripping:   1
    After scriptable stripping: 1
    Processed in 0.00 seconds
  Pass "" (vp)
    Target graphics API: d3d11
    Full variant space:         1
    After settings filtering:   1
    After built-in stripping:   1
    After scriptable stripping: 1
    Processed in 0.00 seconds
  Pass "" (fp)
    Target graphics API: d3d11
    Full variant space:         1
    After settings filtering:   1
    After built-in stripping:   1
    After scriptable stripping: 1
    Processed in 0.00 seconds
  Pass "" (vp)
    Target graphics API: d3d11
    Full variant space:         1
    After settings filtering:   1
    After built-in stripping:   1
    After scriptable stripping: 1
    Processed in 0.00 seconds
  Pass "" (fp)
    Target graphics API: d3d11
    Full variant space:         1
    After settings filtering:   1
    After built-in stripping:   1
    After scriptable stripping: 1
    Processed in 0.00 seconds
  Pass "" (vp)
    Target graphics API: d3d11
    Full variant space:         1
    After settings filtering:   1
    After built-in stripping:   1
    After scriptable stripping: 1
    Processed in 0.00 seconds
  Pass "" (fp)
    Target graphics API: d3d11
    Full variant space:         1
    After settings filtering:   1
    After built-in stripping:   1
    After scriptable stripping: 1
    Processed in 0.00 seconds
  Pass "" (vp)
    Target graphics API: d3d11
    Full variant space:         1
    After settings filtering:   1
    After built-in stripping:   1
    After scriptable stripping: 1
    Processed in 0.00 seconds
  Pass "" (fp)
    Target graphics API: d3d11
    Full variant space:         1
    After settings filtering:   1
    After built-in stripping:   1
    After scriptable stripping: 1
    Processed in 0.00 seconds
  Pass "" (vp)
    Target graphics API: d3d11
    Full variant space:         1
    After settings filtering:   1
    After built-in stripping:   1
    After scriptable stripping: 1
    Processed in 0.00 seconds
  Pass "" (fp)
    Target graphics API: d3d11
    Full variant space:         1
    After settings filtering:   1
    After built-in stripping:   1
    After scriptable stripping: 1
    Processed in 0.00 seconds
  Pass  (vp, d3d11) finished in 0.01 seconds. Local cache hits 1 (0.01s CPU time), remote cache hits 0 (0.00s CPU time), compiled 0 variants (0.00s CPU time), skipped 0 variants.
    Prepared data for serialisation in 0.00s
  Pass  (fp, d3d11) finished in 0.01 seconds. Local cache hits 1 (0.01s CPU time), remote cache hits 0 (0.00s CPU time), compiled 0 variants (0.00s CPU time), skipped 0 variants.
    Prepared data for serialisation in 0.00s
  Pass  (vp, d3d11) finished in 0.01 seconds. Local cache hits 1 (0.01s CPU time), remote cache hits 0 (0.00s CPU time), compiled 0 variants (0.00s CPU time), skipped 0 variants.
    Prepared data for serialisation in 0.00s
  Pass  (fp, d3d11) finished in 0.01 seconds. Local cache hits 1 (0.01s CPU time), remote cache hits 0 (0.00s CPU time), compiled 0 variants (0.00s CPU time), skipped 0 variants.
    Prepared data for serialisation in 0.00s
  Pass  (vp, d3d11) finished in 0.01 seconds. Local cache hits 1 (0.01s CPU time), remote cache hits 0 (0.00s CPU time), compiled 0 variants (0.00s CPU time), skipped 0 variants.
    Prepared data for serialisation in 0.00s
  Pass  (fp, d3d11) finished in 0.01 seconds. Local cache hits 1 (0.01s CPU time), remote cache hits 0 (0.00s CPU time), compiled 0 variants (0.00s CPU time), skipped 0 variants.
    Prepared data for serialisation in 0.00s
  Pass  (vp, d3d11) finished in 0.01 seconds. Local cache hits 1 (0.01s CPU time), remote cache hits 0 (0.00s CPU time), compiled 0 variants (0.00s CPU time), skipped 0 variants.
    Prepared data for serialisation in 0.00s
  Pass  (fp, d3d11) finished in 0.01 seconds. Local cache hits 1 (0.01s CPU time), remote cache hits 0 (0.00s CPU time), compiled 0 variants (0.00s CPU time), skipped 0 variants.
    Prepared data for serialisation in 0.00s
  Pass  (vp, d3d11) finished in 0.01 seconds. Local cache hits 1 (0.01s CPU time), remote cache hits 0 (0.00s CPU time), compiled 0 variants (0.00s CPU time), skipped 0 variants.
    Prepared data for serialisation in 0.00s
  Pass  (fp, d3d11) finished in 0.01 seconds. Local cache hits 1 (0.01s CPU time), remote cache hits 0 (0.00s CPU time), compiled 0 variants (0.00s CPU time), skipped 0 variants.
    Prepared data for serialisation in 0.00s
  Pass  (vp, d3d11) finished in 0.01 seconds. Local cache hits 1 (0.01s CPU time), remote cache hits 0 (0.00s CPU time), compiled 0 variants (0.00s CPU time), skipped 0 variants.
    Prepared data for serialisation in 0.00s
  Pass  (fp, d3d11) finished in 0.01 seconds. Local cache hits 1 (0.01s CPU time), remote cache hits 0 (0.00s CPU time), compiled 0 variants (0.00s CPU time), skipped 0 variants.
    Prepared data for serialisation in 0.00s
  Pass  (vp, d3d11) finished in 0.01 seconds. Local cache hits 1 (0.01s CPU time), remote cache hits 0 (0.00s CPU time), compiled 0 variants (0.00s CPU time), skipped 0 variants.
    Prepared data for serialisation in 0.00s
  Pass  (fp, d3d11) finished in 0.01 seconds. Local cache hits 1 (0.01s CPU time), remote cache hits 0 (0.00s CPU time), compiled 0 variants (0.00s CPU time), skipped 0 variants.
    Prepared data for serialisation in 0.00s
  Pass  (vp, d3d11) finished in 0.01 seconds. Local cache hits 1 (0.01s CPU time), remote cache hits 0 (0.00s CPU time), compiled 0 variants (0.00s CPU time), skipped 0 variants.
    Prepared data for serialisation in 0.00s
  Pass  (fp, d3d11) finished in 0.01 seconds. Local cache hits 1 (0.01s CPU time), remote cache hits 0 (0.00s CPU time), compiled 0 variants (0.00s CPU time), skipped 0 variants.
    Prepared data for serialisation in 0.00s
  Pass  (vp, d3d11) finished in 0.01 seconds. Local cache hits 1 (0.01s CPU time), remote cache hits 0 (0.00s CPU time), compiled 0 variants (0.00s CPU time), skipped 0 variants.
    Prepared data for serialisation in 0.00s
  Pass  (fp, d3d11) finished in 0.01 seconds. Local cache hits 1 (0.01s CPU time), remote cache hits 0 (0.00s CPU time), compiled 0 variants (0.00s CPU time), skipped 0 variants.
    Prepared data for serialisation in 0.00s
  Pass  (vp, d3d11) finished in 0.01 seconds. Local cache hits 1 (0.01s CPU time), remote cache hits 0 (0.00s CPU time), compiled 0 variants (0.00s CPU time), skipped 0 variants.
    Prepared data for serialisation in 0.00s
  Pass  (fp, d3d11) finished in 0.00 seconds. Local cache hits 1 (0.00s CPU time), remote cache hits 0 (0.00s CPU time), compiled 0 variants (0.00s CPU time), skipped 0 variants.
    Prepared data for serialisation in 0.00s
Serialized binary data for shader Hidden/Internal-DepthNormalsTexture in 0.00s
    d3d11 (total internal programs: 20, unique: 17)
Compiling shader "Hidden/Internal-ScreenSpaceShadows"
  Pass "" (vp)
    Target graphics API: d3d11
    Full variant space:         4
    After settings filtering:   4
    After built-in stripping:   4
    After scriptable stripping: 4
    Processed in 0.00 seconds
  Pass "" (fp)
    Target graphics API: d3d11
    Full variant space:         4
    After settings filtering:   4
    After built-in stripping:   4
    After scriptable stripping: 4
    Processed in 0.00 seconds
  Pass "" (vp)
    Target graphics API: d3d11
    Full variant space:         4
    After settings filtering:   4
    After built-in stripping:   4
    After scriptable stripping: 4
    Processed in 0.00 seconds
  Pass "" (fp)
    Target graphics API: d3d11
    Full variant space:         4
    After settings filtering:   4
    After built-in stripping:   4
    After scriptable stripping: 4
    Processed in 0.00 seconds
  Pass "" (vp)
    Target graphics API: d3d11
    Full variant space:         4
    After settings filtering:   4
    After built-in stripping:   4
    After scriptable stripping: 4
    Processed in 0.00 seconds
  Pass "" (fp)
    Target graphics API: d3d11
    Full variant space:         4
    After settings filtering:   4
    After built-in stripping:   4
    After scriptable stripping: 4
    Processed in 0.00 seconds
  Pass "" (vp)
    Target graphics API: d3d11
    Full variant space:         4
    After settings filtering:   4
    After built-in stripping:   4
    After scriptable stripping: 4
    Processed in 0.00 seconds
  Pass "" (fp)
    Target graphics API: d3d11
    Full variant space:         4
    After settings filtering:   4
    After built-in stripping:   4
    After scriptable stripping: 4
    Processed in 0.00 seconds
  Pass  (vp, d3d11) finished in 0.01 seconds. Local cache hits 4 (0.03s CPU time), remote cache hits 0 (0.00s CPU time), compiled 0 variants (0.00s CPU time), skipped 0 variants.
    Prepared data for serialisation in 0.00s
  Pass  (fp, d3d11) finished in 0.01 seconds. Local cache hits 4 (0.03s CPU time), remote cache hits 0 (0.00s CPU time), compiled 0 variants (0.00s CPU time), skipped 0 variants.
    Prepared data for serialisation in 0.00s
  Pass  (vp, d3d11) finished in 0.01 seconds. Local cache hits 4 (0.03s CPU time), remote cache hits 0 (0.00s CPU time), compiled 0 variants (0.00s CPU time), skipped 0 variants.
    Prepared data for serialisation in 0.00s
  Pass  (fp, d3d11) finished in 0.01 seconds. Local cache hits 4 (0.03s CPU time), remote cache hits 0 (0.00s CPU time), compiled 0 variants (0.00s CPU time), skipped 0 variants.
    Prepared data for serialisation in 0.00s
  Pass  (vp, d3d11) finished in 0.01 seconds. Local cache hits 4 (0.02s CPU time), remote cache hits 0 (0.00s CPU time), compiled 0 variants (0.00s CPU time), skipped 0 variants.
    Prepared data for serialisation in 0.00s
  Pass  (fp, d3d11) finished in 0.01 seconds. Local cache hits 4 (0.02s CPU time), remote cache hits 0 (0.00s CPU time), compiled 0 variants (0.00s CPU time), skipped 0 variants.
    Prepared data for serialisation in 0.00s
  Pass  (vp, d3d11) finished in 0.01 seconds. Local cache hits 4 (0.01s CPU time), remote cache hits 0 (0.00s CPU time), compiled 0 variants (0.00s CPU time), skipped 0 variants.
    Prepared data for serialisation in 0.00s
  Pass  (fp, d3d11) finished in 0.01 seconds. Local cache hits 4 (0.02s CPU time), remote cache hits 0 (0.00s CPU time), compiled 0 variants (0.00s CPU time), skipped 0 variants.
    Prepared data for serialisation in 0.00s
Serialized binary data for shader Hidden/Internal-ScreenSpaceShadows in 0.00s
    d3d11 (total internal programs: 32, unique: 20)
Compiling shader "Hidden/Internal-CombineDepthNormals"
  Pass "" (vp)
    Target graphics API: d3d11
    Full variant space:         1
    After settings filtering:   1
    After built-in stripping:   1
    After scriptable stripping: 1
    Processed in 0.00 seconds
  Pass "" (fp)
    Target graphics API: d3d11
    Full variant space:         1
    After settings filtering:   1
    After built-in stripping:   1
    After scriptable stripping: 1
    Processed in 0.00 seconds
  Pass  (vp, d3d11) finished in 0.00 seconds. Local cache hits 1 (0.00s CPU time), remote cache hits 0 (0.00s CPU time), compiled 0 variants (0.00s CPU time), skipped 0 variants.
    Prepared data for serialisation in 0.00s
  Pass  (fp, d3d11) finished in 0.00 seconds. Local cache hits 1 (0.00s CPU time), remote cache hits 0 (0.00s CPU time), compiled 0 variants (0.00s CPU time), skipped 0 variants.
    Prepared data for serialisation in 0.00s
Serialized binary data for shader Hidden/Internal-CombineDepthNormals in 0.00s
    d3d11 (total internal programs: 2, unique: 2)
Compiling shader "Hidden/BlitCopy"
  Pass "" (vp)
    Target graphics API: d3d11
    Full variant space:         1
    After settings filtering:   1
    After built-in stripping:   1
    After scriptable stripping: 1
    Processed in 0.00 seconds
  Pass "" (fp)
    Target graphics API: d3d11
    Full variant space:         1
    After settings filtering:   1
    After built-in stripping:   1
    After scriptable stripping: 1
    Processed in 0.00 seconds
  Pass  (vp, d3d11) finished in 0.00 seconds. Local cache hits 1 (0.00s CPU time), remote cache hits 0 (0.00s CPU time), compiled 0 variants (0.00s CPU time), skipped 0 variants.
    Prepared data for serialisation in 0.00s
  Pass  (fp, d3d11) finished in 0.00 seconds. Local cache hits 1 (0.00s CPU time), remote cache hits 0 (0.00s CPU time), compiled 0 variants (0.00s CPU time), skipped 0 variants.
    Prepared data for serialisation in 0.00s
Serialized binary data for shader Hidden/BlitCopy in 0.00s
    d3d11 (total internal programs: 2, unique: 2)
Compiling shader "Hidden/BlitCopyDepth"
  Pass "" (vp)
    Target graphics API: d3d11
    Full variant space:         1
    After settings filtering:   1
    After built-in stripping:   1
    After scriptable stripping: 1
    Processed in 0.00 seconds
  Pass "" (fp)
    Target graphics API: d3d11
    Full variant space:         1
    After settings filtering:   1
    After built-in stripping:   1
    After scriptable stripping: 1
    Processed in 0.00 seconds
  Pass  (vp, d3d11) finished in 0.00 seconds. Local cache hits 1 (0.00s CPU time), remote cache hits 0 (0.00s CPU time), compiled 0 variants (0.00s CPU time), skipped 0 variants.
    Prepared data for serialisation in 0.00s
  Pass  (fp, d3d11) finished in 0.01 seconds. Local cache hits 1 (0.01s CPU time), remote cache hits 0 (0.00s CPU time), compiled 0 variants (0.00s CPU time), skipped 0 variants.
    Prepared data for serialisation in 0.00s
Serialized binary data for shader Hidden/BlitCopyDepth in 0.00s
    d3d11 (total internal programs: 2, unique: 2)
Compiling shader "Hidden/ConvertTexture"
  Pass "" (vp)
    Target graphics API: d3d11
    Full variant space:         1
    After settings filtering:   1
    After built-in stripping:   1
    After scriptable stripping: 1
    Processed in 0.00 seconds
  Pass "" (fp)
    Target graphics API: d3d11
    Full variant space:         1
    After settings filtering:   1
    After built-in stripping:   1
    After scriptable stripping: 1
    Processed in 0.00 seconds
  Pass  (vp, d3d11) finished in 0.00 seconds. Local cache hits 1 (0.00s CPU time), remote cache hits 0 (0.00s CPU time), compiled 0 variants (0.00s CPU time), skipped 0 variants.
    Prepared data for serialisation in 0.00s
  Pass  (fp, d3d11) finished in 0.01 seconds. Local cache hits 1 (0.01s CPU time), remote cache hits 0 (0.00s CPU time), compiled 0 variants (0.00s CPU time), skipped 0 variants.
    Prepared data for serialisation in 0.00s
Serialized binary data for shader Hidden/ConvertTexture in 0.00s
    d3d11 (total internal programs: 2, unique: 2)
Compiling shader "Hidden/Internal-DeferredShading"
  Pass "" (vp)
    Target graphics API: d3d11
    Full variant space:         94
    After settings filtering:   94
    After built-in stripping:   26
    After scriptable stripping: 26
    Processed in 0.00 seconds
  Pass "" (fp)
    Target graphics API: d3d11
    Full variant space:         94
    After settings filtering:   94
    After built-in stripping:   26
    After scriptable stripping: 26
    Processed in 0.00 seconds
  Pass "" (vp)
    Target graphics API: d3d11
    Full variant space:         1
    After settings filtering:   1
    After built-in stripping:   1
    After scriptable stripping: 1
    Processed in 0.00 seconds
  Pass "" (fp)
    Target graphics API: d3d11
    Full variant space:         1
    After settings filtering:   1
    After built-in stripping:   1
    After scriptable stripping: 1
    Processed in 0.00 seconds
  Pass  (vp, d3d11) finished in 0.02 seconds. Local cache hits 26 (0.22s CPU time), remote cache hits 0 (0.00s CPU time), compiled 0 variants (0.00s CPU time), skipped 0 variants.
    Prepared data for serialisation in 0.00s
  Pass  (fp, d3d11) finished in 0.01 seconds. Local cache hits 26 (0.18s CPU time), remote cache hits 0 (0.00s CPU time), compiled 0 variants (0.00s CPU time), skipped 0 variants.
    Prepared data for serialisation in 0.00s
  Pass  (vp, d3d11) finished in 0.01 seconds. Local cache hits 1 (0.01s CPU time), remote cache hits 0 (0.00s CPU time), compiled 0 variants (0.00s CPU time), skipped 0 variants.
    Prepared data for serialisation in 0.00s
  Pass  (fp, d3d11) finished in 0.01 seconds. Local cache hits 1 (0.01s CPU time), remote cache hits 0 (0.00s CPU time), compiled 0 variants (0.00s CPU time), skipped 0 variants.
    Prepared data for serialisation in 0.00s
Serialized binary data for shader Hidden/Internal-DeferredShading in 0.00s
    d3d11 (total internal programs: 54, unique: 54)
Compiling shader "Hidden/Internal-DeferredReflections"
  Pass "" (vp)
    Target graphics API: d3d11
    Full variant space:         1
    After settings filtering:   1
    After built-in stripping:   1
    After scriptable stripping: 1
    Processed in 0.00 seconds
  Pass "" (fp)
    Target graphics API: d3d11
    Full variant space:         1
    After settings filtering:   1
    After built-in stripping:   1
    After scriptable stripping: 1
    Processed in 0.00 seconds
  Pass "" (vp)
    Target graphics API: d3d11
    Full variant space:         2
    After settings filtering:   2
    After built-in stripping:   2
    After scriptable stripping: 2
    Processed in 0.00 seconds
  Pass "" (fp)
    Target graphics API: d3d11
    Full variant space:         2
    After settings filtering:   2
    After built-in stripping:   2
    After scriptable stripping: 2
    Processed in 0.00 seconds
  Pass  (vp, d3d11) finished in 0.01 seconds. Local cache hits 1 (0.01s CPU time), remote cache hits 0 (0.00s CPU time), compiled 0 variants (0.00s CPU time), skipped 0 variants.
    Prepared data for serialisation in 0.00s
  Pass  (fp, d3d11) finished in 0.01 seconds. Local cache hits 1 (0.00s CPU time), remote cache hits 0 (0.00s CPU time), compiled 0 variants (0.00s CPU time), skipped 0 variants.
    Prepared data for serialisation in 0.00s
  Pass  (vp, d3d11) finished in 0.01 seconds. Local cache hits 2 (0.01s CPU time), remote cache hits 0 (0.00s CPU time), compiled 0 variants (0.00s CPU time), skipped 0 variants.
    Prepared data for serialisation in 0.00s
  Pass  (fp, d3d11) finished in 0.01 seconds. Local cache hits 2 (0.01s CPU time), remote cache hits 0 (0.00s CPU time), compiled 0 variants (0.00s CPU time), skipped 0 variants.
    Prepared data for serialisation in 0.00s
Serialized binary data for shader Hidden/Internal-DeferredReflections in 0.00s
    d3d11 (total internal programs: 6, unique: 6)
Compiling shader "Hidden/Internal-MotionVectors"
  Pass "" (vp)
    Target graphics API: d3d11
    Full variant space:         1
    After settings filtering:   1
    After built-in stripping:   1
    After scriptable stripping: 1
    Processed in 0.00 seconds
  Pass "" (fp)
    Target graphics API: d3d11
    Full variant space:         1
    After settings filtering:   1
    After built-in stripping:   1
    After scriptable stripping: 1
    Processed in 0.00 seconds
  Pass "" (vp)
    Target graphics API: d3d11
    Full variant space:         1
    After settings filtering:   1
    After built-in stripping:   1
    After scriptable stripping: 1
    Processed in 0.00 seconds
  Pass "" (fp)
    Target graphics API: d3d11
    Full variant space:         1
    After settings filtering:   1
    After built-in stripping:   1
    After scriptable stripping: 1
    Processed in 0.00 seconds
  Pass "" (vp)
    Target graphics API: d3d11
    Full variant space:         1
    After settings filtering:   1
    After built-in stripping:   1
    After scriptable stripping: 1
    Processed in 0.00 seconds
  Pass "" (fp)
    Target graphics API: d3d11
    Full variant space:         1
    After settings filtering:   1
    After built-in stripping:   1
    After scriptable stripping: 1
    Processed in 0.00 seconds
  Pass  (vp, d3d11) finished in 0.00 seconds. Local cache hits 1 (0.00s CPU time), remote cache hits 0 (0.00s CPU time), compiled 0 variants (0.00s CPU time), skipped 0 variants.
    Prepared data for serialisation in 0.00s
  Pass  (fp, d3d11) finished in 0.00 seconds. Local cache hits 1 (0.00s CPU time), remote cache hits 0 (0.00s CPU time), compiled 0 variants (0.00s CPU time), skipped 0 variants.
    Prepared data for serialisation in 0.00s
  Pass  (vp, d3d11) finished in 0.01 seconds. Local cache hits 1 (0.01s CPU time), remote cache hits 0 (0.00s CPU time), compiled 0 variants (0.00s CPU time), skipped 0 variants.
    Prepared data for serialisation in 0.00s
  Pass  (fp, d3d11) finished in 0.01 seconds. Local cache hits 1 (0.01s CPU time), remote cache hits 0 (0.00s CPU time), compiled 0 variants (0.00s CPU time), skipped 0 variants.
    Prepared data for serialisation in 0.00s
  Pass  (vp, d3d11) finished in 0.01 seconds. Local cache hits 1 (0.00s CPU time), remote cache hits 0 (0.00s CPU time), compiled 0 variants (0.00s CPU time), skipped 0 variants.
    Prepared data for serialisation in 0.00s
  Pass  (fp, d3d11) finished in 0.01 seconds. Local cache hits 1 (0.00s CPU time), remote cache hits 0 (0.00s CPU time), compiled 0 variants (0.00s CPU time), skipped 0 variants.
    Prepared data for serialisation in 0.00s
Serialized binary data for shader Hidden/Internal-MotionVectors in 0.00s
    d3d11 (total internal programs: 6, unique: 5)
Compiling shader "Hidden/Internal-Flare"
  Pass "" (vp)
    Target graphics API: d3d11
    Full variant space:         1
    After settings filtering:   1
    After built-in stripping:   1
    After scriptable stripping: 1
    Processed in 0.00 seconds
  Pass "" (fp)
    Target graphics API: d3d11
    Full variant space:         1
    After settings filtering:   1
    After built-in stripping:   1
    After scriptable stripping: 1
    Processed in 0.00 seconds
  Pass  (vp, d3d11) finished in 0.00 seconds. Local cache hits 1 (0.00s CPU time), remote cache hits 0 (0.00s CPU time), compiled 0 variants (0.00s CPU time), skipped 0 variants.
    Prepared data for serialisation in 0.00s
  Pass  (fp, d3d11) finished in 0.00 seconds. Local cache hits 1 (0.00s CPU time), remote cache hits 0 (0.00s CPU time), compiled 0 variants (0.00s CPU time), skipped 0 variants.
    Prepared data for serialisation in 0.00s
Serialized binary data for shader Hidden/Internal-Flare in 0.00s
    d3d11 (total internal programs: 2, unique: 2)
Compiling shader "Hidden/Internal-Halo"
  Pass "" (vp)
    Target graphics API: d3d11
    Full variant space:         4
    After settings filtering:   4
    After built-in stripping:   1
    After scriptable stripping: 1
    Processed in 0.00 seconds
  Pass "" (fp)
    Target graphics API: d3d11
    Full variant space:         4
    After settings filtering:   4
    After built-in stripping:   1
    After scriptable stripping: 1
    Processed in 0.00 seconds
  Pass  (vp, d3d11) finished in 0.00 seconds. Local cache hits 1 (0.00s CPU time), remote cache hits 0 (0.00s CPU time), compiled 0 variants (0.00s CPU time), skipped 0 variants.
    Prepared data for serialisation in 0.00s
  Pass  (fp, d3d11) finished in 0.00 seconds. Local cache hits 1 (0.00s CPU time), remote cache hits 0 (0.00s CPU time), compiled 0 variants (0.00s CPU time), skipped 0 variants.
    Prepared data for serialisation in 0.00s
Serialized binary data for shader Hidden/Internal-Halo in 0.00s
    d3d11 (total internal programs: 2, unique: 2)
Compiling shader "Hidden/BlitCopyWithDepth"
  Pass "" (vp)
    Target graphics API: d3d11
    Full variant space:         1
    After settings filtering:   1
    After built-in stripping:   1
    After scriptable stripping: 1
    Processed in 0.00 seconds
  Pass "" (fp)
    Target graphics API: d3d11
    Full variant space:         1
    After settings filtering:   1
    After built-in stripping:   1
    After scriptable stripping: 1
    Processed in 0.00 seconds
  Pass  (vp, d3d11) finished in 0.00 seconds. Local cache hits 1 (0.00s CPU time), remote cache hits 0 (0.00s CPU time), compiled 0 variants (0.00s CPU time), skipped 0 variants.
    Prepared data for serialisation in 0.00s
  Pass  (fp, d3d11) finished in 0.00 seconds. Local cache hits 1 (0.00s CPU time), remote cache hits 0 (0.00s CPU time), compiled 0 variants (0.00s CPU time), skipped 0 variants.
    Prepared data for serialisation in 0.00s
Serialized binary data for shader Hidden/BlitCopyWithDepth in 0.00s
    d3d11 (total internal programs: 2, unique: 2)
Compiling shader "Hidden/BlitToDepth"
  Pass "" (vp)
    Target graphics API: d3d11
    Full variant space:         1
    After settings filtering:   1
    After built-in stripping:   1
    After scriptable stripping: 1
    Processed in 0.00 seconds
  Pass "" (fp)
    Target graphics API: d3d11
    Full variant space:         1
    After settings filtering:   1
    After built-in stripping:   1
    After scriptable stripping: 1
    Processed in 0.00 seconds
  Pass  (vp, d3d11) finished in 0.00 seconds. Local cache hits 1 (0.00s CPU time), remote cache hits 0 (0.00s CPU time), compiled 0 variants (0.00s CPU time), skipped 0 variants.
    Prepared data for serialisation in 0.00s
  Pass  (fp, d3d11) finished in 0.00 seconds. Local cache hits 1 (0.00s CPU time), remote cache hits 0 (0.00s CPU time), compiled 0 variants (0.00s CPU time), skipped 0 variants.
    Prepared data for serialisation in 0.00s
Serialized binary data for shader Hidden/BlitToDepth in 0.00s
    d3d11 (total internal programs: 2, unique: 2)
Compiling shader "Hidden/BlitToDepth_MSAA"
  Pass "" (vp)
    Target graphics API: d3d11
    Full variant space:         1
    After settings filtering:   1
    After built-in stripping:   1
    After scriptable stripping: 1
    Processed in 0.00 seconds
  Pass "" (fp)
    Target graphics API: d3d11
    Full variant space:         1
    After settings filtering:   1
    After built-in stripping:   1
    After scriptable stripping: 1
    Processed in 0.00 seconds
  Pass  (vp, d3d11) finished in 0.00 seconds. Local cache hits 1 (0.00s CPU time), remote cache hits 0 (0.00s CPU time), compiled 0 variants (0.00s CPU time), skipped 0 variants.
    Prepared data for serialisation in 0.00s
  Pass  (fp, d3d11) finished in 0.00 seconds. Local cache hits 1 (0.00s CPU time), remote cache hits 0 (0.00s CPU time), compiled 0 variants (0.00s CPU time), skipped 0 variants.
    Prepared data for serialisation in 0.00s
Serialized binary data for shader Hidden/BlitToDepth_MSAA in 0.00s
    d3d11 (total internal programs: 2, unique: 2)
Compiling shader "Hidden/BlitCopyHDRTonemap"
  Pass "" (vp)
    Target graphics API: d3d11
    Full variant space:         1
    After settings filtering:   1
    After built-in stripping:   1
    After scriptable stripping: 1
    Processed in 0.00 seconds
  Pass "" (fp)
    Target graphics API: d3d11
    Full variant space:         1
    After settings filtering:   1
    After built-in stripping:   1
    After scriptable stripping: 1
    Processed in 0.00 seconds
  Pass  (vp, d3d11) finished in 0.00 seconds. Local cache hits 1 (0.00s CPU time), remote cache hits 0 (0.00s CPU time), compiled 0 variants (0.00s CPU time), skipped 0 variants.
    Prepared data for serialisation in 0.00s
  Pass  (fp, d3d11) finished in 0.00 seconds. Local cache hits 1 (0.00s CPU time), remote cache hits 0 (0.00s CPU time), compiled 0 variants (0.00s CPU time), skipped 0 variants.
    Prepared data for serialisation in 0.00s
Serialized binary data for shader Hidden/BlitCopyHDRTonemap in 0.00s
    d3d11 (total internal programs: 2, unique: 2)
Compiling shader "Hidden/Internal-DebugPattern"
  Pass "Target Color and DepthStencil" (vp)
    Target graphics API: d3d11
    Full variant space:         1
    After settings filtering:   1
    After built-in stripping:   1
    After scriptable stripping: 1
    Processed in 0.00 seconds
  Pass "Target Color and DepthStencil" (fp)
    Target graphics API: d3d11
    Full variant space:         1
    After settings filtering:   1
    After built-in stripping:   1
    After scriptable stripping: 1
    Processed in 0.00 seconds
  Pass "Target only Color" (vp)
    Target graphics API: d3d11
    Full variant space:         1
    After settings filtering:   1
    After built-in stripping:   1
    After scriptable stripping: 1
    Processed in 0.00 seconds
  Pass "Target only Color" (fp)
    Target graphics API: d3d11
    Full variant space:         1
    After settings filtering:   1
    After built-in stripping:   1
    After scriptable stripping: 1
    Processed in 0.00 seconds
  Pass "Target only DepthStencil" (vp)
    Target graphics API: d3d11
    Full variant space:         1
    After settings filtering:   1
    After built-in stripping:   1
    After scriptable stripping: 1
    Processed in 0.00 seconds
  Pass "Target only DepthStencil" (fp)
    Target graphics API: d3d11
    Full variant space:         1
    After settings filtering:   1
    After built-in stripping:   1
    After scriptable stripping: 1
    Processed in 0.00 seconds
  Pass Target Color and DepthStencil (vp, d3d11) finished in 0.00 seconds. Local cache hits 1 (0.00s CPU time), remote cache hits 0 (0.00s CPU time), compiled 0 variants (0.00s CPU time), skipped 0 variants.
    Prepared data for serialisation in 0.00s
  Pass Target Color and DepthStencil (fp, d3d11) finished in 0.00 seconds. Local cache hits 1 (0.00s CPU time), remote cache hits 0 (0.00s CPU time), compiled 0 variants (0.00s CPU time), skipped 0 variants.
    Prepared data for serialisation in 0.00s
  Pass Target only Color (vp, d3d11) finished in 0.00 seconds. Local cache hits 1 (0.00s CPU time), remote cache hits 0 (0.00s CPU time), compiled 0 variants (0.00s CPU time), skipped 0 variants.
    Prepared data for serialisation in 0.00s
  Pass Target only Color (fp, d3d11) finished in 0.01 seconds. Local cache hits 1 (0.01s CPU time), remote cache hits 0 (0.00s CPU time), compiled 0 variants (0.00s CPU time), skipped 0 variants.
    Prepared data for serialisation in 0.00s
  Pass Target only DepthStencil (vp, d3d11) finished in 0.01 seconds. Local cache hits 1 (0.00s CPU time), remote cache hits 0 (0.00s CPU time), compiled 0 variants (0.00s CPU time), skipped 0 variants.
    Prepared data for serialisation in 0.00s
  Pass Target only DepthStencil (fp, d3d11) finished in 0.01 seconds. Local cache hits 1 (0.00s CPU time), remote cache hits 0 (0.00s CPU time), compiled 0 variants (0.00s CPU time), skipped 0 variants.
    Prepared data for serialisation in 0.00s
Serialized binary data for shader Hidden/Internal-DebugPattern in 0.00s
    d3d11 (total internal programs: 6, unique: 4)
Compiling shader "Hidden/Internal-GUITextureClip"
  Pass "" (vp)
    Target graphics API: d3d11
    Full variant space:         1
    After settings filtering:   1
    After built-in stripping:   1
    After scriptable stripping: 1
    Processed in 0.00 seconds
  Pass "" (fp)
    Target graphics API: d3d11
    Full variant space:         1
    After settings filtering:   1
    After built-in stripping:   1
    After scriptable stripping: 1
    Processed in 0.00 seconds
  Pass "" (vp)
    Target graphics API: d3d11
    Full variant space:         1
    After settings filtering:   1
    After built-in stripping:   1
    After scriptable stripping: 1
    Processed in 0.00 seconds
  Pass "" (fp)
    Target graphics API: d3d11
    Full variant space:         1
    After settings filtering:   1
    After built-in stripping:   1
    After scriptable stripping: 1
    Processed in 0.00 seconds
  Pass  (vp, d3d11) finished in 0.01 seconds. Local cache hits 1 (0.01s CPU time), remote cache hits 0 (0.00s CPU time), compiled 0 variants (0.00s CPU time), skipped 0 variants.
    Prepared data for serialisation in 0.00s
  Pass  (fp, d3d11) finished in 0.01 seconds. Local cache hits 1 (0.01s CPU time), remote cache hits 0 (0.00s CPU time), compiled 0 variants (0.00s CPU time), skipped 0 variants.
    Prepared data for serialisation in 0.00s
  Pass  (vp, d3d11) finished in 0.01 seconds. Local cache hits 1 (0.00s CPU time), remote cache hits 0 (0.00s CPU time), compiled 0 variants (0.00s CPU time), skipped 0 variants.
    Prepared data for serialisation in 0.00s
  Pass  (fp, d3d11) finished in 0.01 seconds. Local cache hits 1 (0.00s CPU time), remote cache hits 0 (0.00s CPU time), compiled 0 variants (0.00s CPU time), skipped 0 variants.
    Prepared data for serialisation in 0.00s
Serialized binary data for shader Hidden/Internal-GUITextureClip in 0.00s
    d3d11 (total internal programs: 4, unique: 2)
Compiling shader "Hidden/Internal-GUITextureClipText"
  Pass "" (vp)
    Target graphics API: d3d11
    Full variant space:         1
    After settings filtering:   1
    After built-in stripping:   1
    After scriptable stripping: 1
    Processed in 0.00 seconds
  Pass "" (fp)
    Target graphics API: d3d11
    Full variant space:         1
    After settings filtering:   1
    After built-in stripping:   1
    After scriptable stripping: 1
    Processed in 0.00 seconds
  Pass "" (vp)
    Target graphics API: d3d11
    Full variant space:         1
    After settings filtering:   1
    After built-in stripping:   1
    After scriptable stripping: 1
    Processed in 0.00 seconds
  Pass "" (fp)
    Target graphics API: d3d11
    Full variant space:         1
    After settings filtering:   1
    After built-in stripping:   1
    After scriptable stripping: 1
    Processed in 0.00 seconds
  Pass  (vp, d3d11) finished in 0.01 seconds. Local cache hits 1 (0.01s CPU time), remote cache hits 0 (0.00s CPU time), compiled 0 variants (0.00s CPU time), skipped 0 variants.
    Prepared data for serialisation in 0.00s
  Pass  (fp, d3d11) finished in 0.01 seconds. Local cache hits 1 (0.00s CPU time), remote cache hits 0 (0.00s CPU time), compiled 0 variants (0.00s CPU time), skipped 0 variants.
    Prepared data for serialisation in 0.00s
  Pass  (vp, d3d11) finished in 0.01 seconds. Local cache hits 1 (0.00s CPU time), remote cache hits 0 (0.00s CPU time), compiled 0 variants (0.00s CPU time), skipped 0 variants.
    Prepared data for serialisation in 0.00s
  Pass  (fp, d3d11) finished in 0.01 seconds. Local cache hits 1 (0.00s CPU time), remote cache hits 0 (0.00s CPU time), compiled 0 variants (0.00s CPU time), skipped 0 variants.
    Prepared data for serialisation in 0.00s
Serialized binary data for shader Hidden/Internal-GUITextureClipText in 0.00s
    d3d11 (total internal programs: 4, unique: 2)
Compiling shader "Hidden/Internal-GUITexture"
  Pass "" (vp)
    Target graphics API: d3d11
    Full variant space:         1
    After settings filtering:   1
    After built-in stripping:   1
    After scriptable stripping: 1
    Processed in 0.00 seconds
  Pass "" (fp)
    Target graphics API: d3d11
    Full variant space:         1
    After settings filtering:   1
    After built-in stripping:   1
    After scriptable stripping: 1
    Processed in 0.00 seconds
  Pass "" (vp)
    Target graphics API: d3d11
    Full variant space:         1
    After settings filtering:   1
    After built-in stripping:   1
    After scriptable stripping: 1
    Processed in 0.00 seconds
  Pass "" (fp)
    Target graphics API: d3d11
    Full variant space:         1
    After settings filtering:   1
    After built-in stripping:   1
    After scriptable stripping: 1
    Processed in 0.00 seconds
  Pass  (vp, d3d11) finished in 0.01 seconds. Local cache hits 1 (0.01s CPU time), remote cache hits 0 (0.00s CPU time), compiled 0 variants (0.00s CPU time), skipped 0 variants.
    Prepared data for serialisation in 0.00s
  Pass  (fp, d3d11) finished in 0.01 seconds. Local cache hits 1 (0.00s CPU time), remote cache hits 0 (0.00s CPU time), compiled 0 variants (0.00s CPU time), skipped 0 variants.
    Prepared data for serialisation in 0.00s
  Pass  (vp, d3d11) finished in 0.01 seconds. Local cache hits 1 (0.00s CPU time), remote cache hits 0 (0.00s CPU time), compiled 0 variants (0.00s CPU time), skipped 0 variants.
    Prepared data for serialisation in 0.00s
  Pass  (fp, d3d11) finished in 0.01 seconds. Local cache hits 1 (0.00s CPU time), remote cache hits 0 (0.00s CPU time), compiled 0 variants (0.00s CPU time), skipped 0 variants.
    Prepared data for serialisation in 0.00s
Serialized binary data for shader Hidden/Internal-GUITexture in 0.00s
    d3d11 (total internal programs: 4, unique: 2)
Compiling shader "Hidden/Internal-GUITextureBlit"
  Pass "" (vp)
    Target graphics API: d3d11
    Full variant space:         1
    After settings filtering:   1
    After built-in stripping:   1
    After scriptable stripping: 1
    Processed in 0.00 seconds
  Pass "" (fp)
    Target graphics API: d3d11
    Full variant space:         1
    After settings filtering:   1
    After built-in stripping:   1
    After scriptable stripping: 1
    Processed in 0.00 seconds
  Pass "" (vp)
    Target graphics API: d3d11
    Full variant space:         1
    After settings filtering:   1
    After built-in stripping:   1
    After scriptable stripping: 1
    Processed in 0.00 seconds
  Pass "" (fp)
    Target graphics API: d3d11
    Full variant space:         1
    After settings filtering:   1
    After built-in stripping:   1
    After scriptable stripping: 1
    Processed in 0.00 seconds
  Pass  (vp, d3d11) finished in 0.01 seconds. Local cache hits 1 (0.01s CPU time), remote cache hits 0 (0.00s CPU time), compiled 0 variants (0.00s CPU time), skipped 0 variants.
    Prepared data for serialisation in 0.00s
  Pass  (fp, d3d11) finished in 0.01 seconds. Local cache hits 1 (0.00s CPU time), remote cache hits 0 (0.00s CPU time), compiled 0 variants (0.00s CPU time), skipped 0 variants.
    Prepared data for serialisation in 0.00s
  Pass  (vp, d3d11) finished in 0.00 seconds. Local cache hits 1 (0.00s CPU time), remote cache hits 0 (0.00s CPU time), compiled 0 variants (0.00s CPU time), skipped 0 variants.
    Prepared data for serialisation in 0.00s
  Pass  (fp, d3d11) finished in 0.00 seconds. Local cache hits 1 (0.00s CPU time), remote cache hits 0 (0.00s CPU time), compiled 0 variants (0.00s CPU time), skipped 0 variants.
    Prepared data for serialisation in 0.00s
Serialized binary data for shader Hidden/Internal-GUITextureBlit in 0.00s
    d3d11 (total internal programs: 4, unique: 2)
Compiling shader "Hidden/Internal-GUIRoundedRect"
  Pass "" (vp)
    Target graphics API: d3d11
    Full variant space:         1
    After settings filtering:   1
    After built-in stripping:   1
    After scriptable stripping: 1
    Processed in 0.00 seconds
  Pass "" (fp)
    Target graphics API: d3d11
    Full variant space:         1
    After settings filtering:   1
    After built-in stripping:   1
    After scriptable stripping: 1
    Processed in 0.00 seconds
  Pass "" (vp)
    Target graphics API: d3d11
    Full variant space:         1
    After settings filtering:   1
    After built-in stripping:   1
    After scriptable stripping: 1
    Processed in 0.00 seconds
  Pass "" (fp)
    Target graphics API: d3d11
    Full variant space:         1
    After settings filtering:   1
    After built-in stripping:   1
    After scriptable stripping: 1
    Processed in 0.00 seconds
  Pass  (vp, d3d11) finished in 0.00 seconds. Local cache hits 1 (0.00s CPU time), remote cache hits 0 (0.00s CPU time), compiled 0 variants (0.00s CPU time), skipped 0 variants.
    Prepared data for serialisation in 0.00s
  Pass  (fp, d3d11) finished in 0.00 seconds. Local cache hits 1 (0.00s CPU time), remote cache hits 0 (0.00s CPU time), compiled 0 variants (0.00s CPU time), skipped 0 variants.
    Prepared data for serialisation in 0.00s
  Pass  (vp, d3d11) finished in 0.00 seconds. Local cache hits 1 (0.00s CPU time), remote cache hits 0 (0.00s CPU time), compiled 0 variants (0.00s CPU time), skipped 0 variants.
    Prepared data for serialisation in 0.00s
  Pass  (fp, d3d11) finished in 0.01 seconds. Local cache hits 1 (0.01s CPU time), remote cache hits 0 (0.00s CPU time), compiled 0 variants (0.00s CPU time), skipped 0 variants.
    Prepared data for serialisation in 0.00s
Serialized binary data for shader Hidden/Internal-GUIRoundedRect in 0.00s
    d3d11 (total internal programs: 4, unique: 2)
Compiling shader "Hidden/Internal-GUIRoundedRectWithColorPerBorder"
  Pass "" (vp)
    Target graphics API: d3d11
    Full variant space:         1
    After settings filtering:   1
    After built-in stripping:   1
    After scriptable stripping: 1
    Processed in 0.00 seconds
  Pass "" (fp)
    Target graphics API: d3d11
    Full variant space:         1
    After settings filtering:   1
    After built-in stripping:   1
    After scriptable stripping: 1
    Processed in 0.00 seconds
  Pass "" (vp)
    Target graphics API: d3d11
    Full variant space:         1
    After settings filtering:   1
    After built-in stripping:   1
    After scriptable stripping: 1
    Processed in 0.00 seconds
  Pass "" (fp)
    Target graphics API: d3d11
    Full variant space:         1
    After settings filtering:   1
    After built-in stripping:   1
    After scriptable stripping: 1
    Processed in 0.00 seconds
  Pass  (vp, d3d11) finished in 0.00 seconds. Local cache hits 1 (0.00s CPU time), remote cache hits 0 (0.00s CPU time), compiled 0 variants (0.00s CPU time), skipped 0 variants.
    Prepared data for serialisation in 0.00s
  Pass  (fp, d3d11) finished in 0.00 seconds. Local cache hits 1 (0.00s CPU time), remote cache hits 0 (0.00s CPU time), compiled 0 variants (0.00s CPU time), skipped 0 variants.
    Prepared data for serialisation in 0.00s
  Pass  (vp, d3d11) finished in 0.00 seconds. Local cache hits 1 (0.00s CPU time), remote cache hits 0 (0.00s CPU time), compiled 0 variants (0.00s CPU time), skipped 0 variants.
    Prepared data for serialisation in 0.00s
  Pass  (fp, d3d11) finished in 0.00 seconds. Local cache hits 1 (0.00s CPU time), remote cache hits 0 (0.00s CPU time), compiled 0 variants (0.00s CPU time), skipped 0 variants.
    Prepared data for serialisation in 0.00s
Serialized binary data for shader Hidden/Internal-GUIRoundedRectWithColorPerBorder in 0.00s
    d3d11 (total internal programs: 4, unique: 2)
Compiling shader "Hidden/Internal-UIRDefault"
  Pass "" (vp)
    Target graphics API: d3d11
    Full variant space:         40
    After settings filtering:   40
    After built-in stripping:   40
    After scriptable stripping: 40
    Processed in 0.00 seconds
  Pass "" (fp)
    Target graphics API: d3d11
    Full variant space:         40
    After settings filtering:   40
    After built-in stripping:   40
    After scriptable stripping: 40
    Processed in 0.00 seconds
  Pass  (vp, d3d11) finished in 0.02 seconds. Local cache hits 40 (0.30s CPU time), remote cache hits 0 (0.00s CPU time), compiled 0 variants (0.00s CPU time), skipped 0 variants.
    Prepared data for serialisation in 0.00s
  Pass  (fp, d3d11) finished in 0.02 seconds. Local cache hits 40 (0.28s CPU time), remote cache hits 0 (0.00s CPU time), compiled 0 variants (0.00s CPU time), skipped 0 variants.
    Prepared data for serialisation in 0.00s
Serialized binary data for shader Hidden/Internal-UIRDefault in 0.00s
    d3d11 (total internal programs: 80, unique: 80)
Compiling shader "Hidden/Internal-UIRAtlasBlitCopy"
  Pass "" (vp)
    Target graphics API: d3d11
    Full variant space:         1
    After settings filtering:   1
    After built-in stripping:   1
    After scriptable stripping: 1
    Processed in 0.00 seconds
  Pass "" (fp)
    Target graphics API: d3d11
    Full variant space:         1
    After settings filtering:   1
    After built-in stripping:   1
    After scriptable stripping: 1
    Processed in 0.00 seconds
  Pass  (vp, d3d11) finished in 0.00 seconds. Local cache hits 1 (0.00s CPU time), remote cache hits 0 (0.00s CPU time), compiled 0 variants (0.00s CPU time), skipped 0 variants.
    Prepared data for serialisation in 0.00s
  Pass  (fp, d3d11) finished in 0.00 seconds. Local cache hits 1 (0.00s CPU time), remote cache hits 0 (0.00s CPU time), compiled 0 variants (0.00s CPU time), skipped 0 variants.
    Prepared data for serialisation in 0.00s
Serialized binary data for shader Hidden/Internal-UIRAtlasBlitCopy in 0.00s
    d3d11 (total internal programs: 2, unique: 2)
Compiling shader "Sprites/Default"
  Pass "" (vp)
    Target graphics API: d3d11
    Full variant space:         8
    After settings filtering:   8
    After built-in stripping:   4
    After scriptable stripping: 4
    Processed in 0.00 seconds
  Pass "" (fp)
    Target graphics API: d3d11
    Full variant space:         8
    After settings filtering:   8
    After built-in stripping:   4
    After scriptable stripping: 4
    Processed in 0.00 seconds
  Pass  (vp, d3d11) finished in 0.01 seconds. Local cache hits 4 (0.02s CPU time), remote cache hits 0 (0.00s CPU time), compiled 0 variants (0.00s CPU time), skipped 0 variants.
    Prepared data for serialisation in 0.00s
  Pass  (fp, d3d11) finished in 0.01 seconds. Local cache hits 4 (0.02s CPU time), remote cache hits 0 (0.00s CPU time), compiled 0 variants (0.00s CPU time), skipped 0 variants.
    Prepared data for serialisation in 0.00s
Serialized binary data for shader Sprites/Default in 0.00s
    d3d11 (total internal programs: 8, unique: 8)
Compiling shader "Sprites/Mask"
  Pass "" (vp)
    Target graphics API: d3d11
    Full variant space:         4
    After settings filtering:   4
    After built-in stripping:   4
    After scriptable stripping: 4
    Processed in 0.00 seconds
  Pass "" (fp)
    Target graphics API: d3d11
    Full variant space:         4
    After settings filtering:   4
    After built-in stripping:   4
    After scriptable stripping: 4
    Processed in 0.00 seconds
  Pass  (vp, d3d11) finished in 0.01 seconds. Local cache hits 4 (0.02s CPU time), remote cache hits 0 (0.00s CPU time), compiled 0 variants (0.00s CPU time), skipped 0 variants.
    Prepared data for serialisation in 0.00s
  Pass  (fp, d3d11) finished in 0.01 seconds. Local cache hits 4 (0.02s CPU time), remote cache hits 0 (0.00s CPU time), compiled 0 variants (0.00s CPU time), skipped 0 variants.
    Prepared data for serialisation in 0.00s
Serialized binary data for shader Sprites/Mask in 0.00s
    d3d11 (total internal programs: 8, unique: 8)
Compiling shader "UI/Default"
  Pass "Default" (vp)
    Target graphics API: d3d11
    Full variant space:         4
    After settings filtering:   4
    After built-in stripping:   4
    After scriptable stripping: 4
    Processed in 0.00 seconds
  Pass "Default" (fp)
    Target graphics API: d3d11
    Full variant space:         4
    After settings filtering:   4
    After built-in stripping:   4
    After scriptable stripping: 4
    Processed in 0.00 seconds
  Pass Default (vp, d3d11) finished in 0.01 seconds. Local cache hits 4 (0.01s CPU time), remote cache hits 0 (0.00s CPU time), compiled 0 variants (0.00s CPU time), skipped 0 variants.
    Prepared data for serialisation in 0.00s
  Pass Default (fp, d3d11) finished in 0.01 seconds. Local cache hits 4 (0.02s CPU time), remote cache hits 0 (0.00s CPU time), compiled 0 variants (0.00s CPU time), skipped 0 variants.
    Prepared data for serialisation in 0.00s
Serialized binary data for shader UI/Default in 0.00s
    d3d11 (total internal programs: 8, unique: 8)
Compiling shader "Hidden/CubeBlur"
  Pass "" (vp)
    Target graphics API: d3d11
    Full variant space:         1
    After settings filtering:   1
    After built-in stripping:   1
    After scriptable stripping: 1
    Processed in 0.00 seconds
  Pass "" (fp)
    Target graphics API: d3d11
    Full variant space:         1
    After settings filtering:   1
    After built-in stripping:   1
    After scriptable stripping: 1
    Processed in 0.00 seconds
  Pass "" (vp)
    Target graphics API: d3d11
    Full variant space:         1
    After settings filtering:   1
    After built-in stripping:   1
    After scriptable stripping: 1
    Processed in 0.00 seconds
  Pass "" (fp)
    Target graphics API: d3d11
    Full variant space:         1
    After settings filtering:   1
    After built-in stripping:   1
    After scriptable stripping: 1
    Processed in 0.00 seconds
  Pass  (vp, d3d11) finished in 0.00 seconds. Local cache hits 1 (0.00s CPU time), remote cache hits 0 (0.00s CPU time), compiled 0 variants (0.00s CPU time), skipped 0 variants.
    Prepared data for serialisation in 0.00s
  Pass  (fp, d3d11) finished in 0.00 seconds. Local cache hits 1 (0.00s CPU time), remote cache hits 0 (0.00s CPU time), compiled 0 variants (0.00s CPU time), skipped 0 variants.
    Prepared data for serialisation in 0.00s
  Pass  (vp, d3d11) finished in 0.00 seconds. Local cache hits 1 (0.00s CPU time), remote cache hits 0 (0.00s CPU time), compiled 0 variants (0.00s CPU time), skipped 0 variants.
    Prepared data for serialisation in 0.00s
  Pass  (fp, d3d11) finished in 0.00 seconds. Local cache hits 1 (0.00s CPU time), remote cache hits 0 (0.00s CPU time), compiled 0 variants (0.00s CPU time), skipped 0 variants.
    Prepared data for serialisation in 0.00s
Serialized binary data for shader Hidden/CubeBlur in 0.00s
    d3d11 (total internal programs: 4, unique: 3)
Compiling shader "Hidden/CubeCopy"
  Pass "" (vp)
    Target graphics API: d3d11
    Full variant space:         1
    After settings filtering:   1
    After built-in stripping:   1
    After scriptable stripping: 1
    Processed in 0.00 seconds
  Pass "" (fp)
    Target graphics API: d3d11
    Full variant space:         1
    After settings filtering:   1
    After built-in stripping:   1
    After scriptable stripping: 1
    Processed in 0.00 seconds
  Pass "" (vp)
    Target graphics API: d3d11
    Full variant space:         1
    After settings filtering:   1
    After built-in stripping:   1
    After scriptable stripping: 1
    Processed in 0.00 seconds
  Pass "" (fp)
    Target graphics API: d3d11
    Full variant space:         1
    After settings filtering:   1
    After built-in stripping:   1
    After scriptable stripping: 1
    Processed in 0.00 seconds
  Pass  (vp, d3d11) finished in 0.00 seconds. Local cache hits 1 (0.00s CPU time), remote cache hits 0 (0.00s CPU time), compiled 0 variants (0.00s CPU time), skipped 0 variants.
    Prepared data for serialisation in 0.00s
  Pass  (fp, d3d11) finished in 0.00 seconds. Local cache hits 1 (0.00s CPU time), remote cache hits 0 (0.00s CPU time), compiled 0 variants (0.00s CPU time), skipped 0 variants.
    Prepared data for serialisation in 0.00s
  Pass  (vp, d3d11) finished in 0.00 seconds. Local cache hits 1 (0.00s CPU time), remote cache hits 0 (0.00s CPU time), compiled 0 variants (0.00s CPU time), skipped 0 variants.
    Prepared data for serialisation in 0.00s
  Pass  (fp, d3d11) finished in 0.00 seconds. Local cache hits 1 (0.00s CPU time), remote cache hits 0 (0.00s CPU time), compiled 0 variants (0.00s CPU time), skipped 0 variants.
    Prepared data for serialisation in 0.00s
Serialized binary data for shader Hidden/CubeCopy in 0.00s
    d3d11 (total internal programs: 4, unique: 2)
Compiling shader "Hidden/CubeBlend"
  Pass "" (vp)
    Target graphics API: d3d11
    Full variant space:         1
    After settings filtering:   1
    After built-in stripping:   1
    After scriptable stripping: 1
    Processed in 0.00 seconds
  Pass "" (fp)
    Target graphics API: d3d11
    Full variant space:         1
    After settings filtering:   1
    After built-in stripping:   1
    After scriptable stripping: 1
    Processed in 0.00 seconds
  Pass "" (vp)
    Target graphics API: d3d11
    Full variant space:         1
    After settings filtering:   1
    After built-in stripping:   1
    After scriptable stripping: 1
    Processed in 0.00 seconds
  Pass "" (fp)
    Target graphics API: d3d11
    Full variant space:         1
    After settings filtering:   1
    After built-in stripping:   1
    After scriptable stripping: 1
    Processed in 0.00 seconds
  Pass  (vp, d3d11) finished in 0.01 seconds. Local cache hits 1 (0.01s CPU time), remote cache hits 0 (0.00s CPU time), compiled 0 variants (0.00s CPU time), skipped 0 variants.
    Prepared data for serialisation in 0.00s
  Pass  (fp, d3d11) finished in 0.01 seconds. Local cache hits 1 (0.01s CPU time), remote cache hits 0 (0.00s CPU time), compiled 0 variants (0.00s CPU time), skipped 0 variants.
    Prepared data for serialisation in 0.00s
  Pass  (vp, d3d11) finished in 0.01 seconds. Local cache hits 1 (0.01s CPU time), remote cache hits 0 (0.00s CPU time), compiled 0 variants (0.00s CPU time), skipped 0 variants.
    Prepared data for serialisation in 0.00s
  Pass  (fp, d3d11) finished in 0.01 seconds. Local cache hits 1 (0.01s CPU time), remote cache hits 0 (0.00s CPU time), compiled 0 variants (0.00s CPU time), skipped 0 variants.
    Prepared data for serialisation in 0.00s
Serialized binary data for shader Hidden/CubeBlend in 0.00s
    d3d11 (total internal programs: 4, unique: 2)
Compiling shader "Hidden/VR/BlitTexArraySlice"
  Pass "" (vp)
    Target graphics API: d3d11
    Full variant space:         1
    After settings filtering:   1
    After built-in stripping:   1
    After scriptable stripping: 1
    Processed in 0.00 seconds
  Pass "" (fp)
    Target graphics API: d3d11
    Full variant space:         1
    After settings filtering:   1
    After built-in stripping:   1
    After scriptable stripping: 1
    Processed in 0.00 seconds
  Pass  (vp, d3d11) finished in 0.00 seconds. Local cache hits 1 (0.00s CPU time), remote cache hits 0 (0.00s CPU time), compiled 0 variants (0.00s CPU time), skipped 0 variants.
    Prepared data for serialisation in 0.00s
  Pass  (fp, d3d11) finished in 0.00 seconds. Local cache hits 1 (0.00s CPU time), remote cache hits 0 (0.00s CPU time), compiled 0 variants (0.00s CPU time), skipped 0 variants.
    Prepared data for serialisation in 0.00s
Serialized binary data for shader Hidden/VR/BlitTexArraySlice in 0.00s
    d3d11 (total internal programs: 2, unique: 2)
Compiling shader "Hidden/Internal-ODSWorldTexture"
  Pass "" (vp)
    Target graphics API: d3d11
    Full variant space:         1
    After settings filtering:   1
    After built-in stripping:   1
    After scriptable stripping: 1
    Processed in 0.00 seconds
  Pass "" (fp)
    Target graphics API: d3d11
    Full variant space:         1
    After settings filtering:   1
    After built-in stripping:   1
    After scriptable stripping: 1
    Processed in 0.00 seconds
  Pass "" (vp)
    Target graphics API: d3d11
    Full variant space:         1
    After settings filtering:   1
    After built-in stripping:   1
    After scriptable stripping: 1
    Processed in 0.00 seconds
  Pass "" (fp)
    Target graphics API: d3d11
    Full variant space:         1
    After settings filtering:   1
    After built-in stripping:   1
    After scriptable stripping: 1
    Processed in 0.00 seconds
  Pass "" (vp)
    Target graphics API: d3d11
    Full variant space:         1
    After settings filtering:   1
    After built-in stripping:   1
    After scriptable stripping: 1
    Processed in 0.00 seconds
  Pass "" (fp)
    Target graphics API: d3d11
    Full variant space:         1
    After settings filtering:   1
    After built-in stripping:   1
    After scriptable stripping: 1
    Processed in 0.00 seconds
  Pass "" (vp)
    Target graphics API: d3d11
    Full variant space:         1
    After settings filtering:   1
    After built-in stripping:   1
    After scriptable stripping: 1
    Processed in 0.00 seconds
  Pass "" (fp)
    Target graphics API: d3d11
    Full variant space:         1
    After settings filtering:   1
    After built-in stripping:   1
    After scriptable stripping: 1
    Processed in 0.00 seconds
  Pass "" (vp)
    Target graphics API: d3d11
    Full variant space:         1
    After settings filtering:   1
    After built-in stripping:   1
    After scriptable stripping: 1
    Processed in 0.00 seconds
  Pass "" (fp)
    Target graphics API: d3d11
    Full variant space:         1
    After settings filtering:   1
    After built-in stripping:   1
    After scriptable stripping: 1
    Processed in 0.00 seconds
  Pass "" (vp)
    Target graphics API: d3d11
    Full variant space:         1
    After settings filtering:   1
    After built-in stripping:   1
    After scriptable stripping: 1
    Processed in 0.00 seconds
  Pass "" (fp)
    Target graphics API: d3d11
    Full variant space:         1
    After settings filtering:   1
    After built-in stripping:   1
    After scriptable stripping: 1
    Processed in 0.00 seconds
  Pass "" (vp)
    Target graphics API: d3d11
    Full variant space:         1
    After settings filtering:   1
    After built-in stripping:   1
    After scriptable stripping: 1
    Processed in 0.00 seconds
  Pass "" (fp)
    Target graphics API: d3d11
    Full variant space:         1
    After settings filtering:   1
    After built-in stripping:   1
    After scriptable stripping: 1
    Processed in 0.00 seconds
  Pass "" (vp)
    Target graphics API: d3d11
    Full variant space:         1
    After settings filtering:   1
    After built-in stripping:   1
    After scriptable stripping: 1
    Processed in 0.00 seconds
  Pass "" (fp)
    Target graphics API: d3d11
    Full variant space:         1
    After settings filtering:   1
    After built-in stripping:   1
    After scriptable stripping: 1
    Processed in 0.00 seconds
  Pass "" (vp)
    Target graphics API: d3d11
    Full variant space:         1
    After settings filtering:   1
    After built-in stripping:   1
    After scriptable stripping: 1
    Processed in 0.00 seconds
  Pass "" (fp)
    Target graphics API: d3d11
    Full variant space:         1
    After settings filtering:   1
    After built-in stripping:   1
    After scriptable stripping: 1
    Processed in 0.00 seconds
  Pass "" (vp)
    Target graphics API: d3d11
    Full variant space:         1
    After settings filtering:   1
    After built-in stripping:   1
    After scriptable stripping: 1
    Processed in 0.00 seconds
  Pass "" (fp)
    Target graphics API: d3d11
    Full variant space:         1
    After settings filtering:   1
    After built-in stripping:   1
    After scriptable stripping: 1
    Processed in 0.00 seconds
  Pass  (vp, d3d11) finished in 0.01 seconds. Local cache hits 1 (0.01s CPU time), remote cache hits 0 (0.00s CPU time), compiled 0 variants (0.00s CPU time), skipped 0 variants.
    Prepared data for serialisation in 0.00s
  Pass  (fp, d3d11) finished in 0.01 seconds. Local cache hits 1 (0.01s CPU time), remote cache hits 0 (0.00s CPU time), compiled 0 variants (0.00s CPU time), skipped 0 variants.
    Prepared data for serialisation in 0.00s
  Pass  (vp, d3d11) finished in 0.01 seconds. Local cache hits 1 (0.01s CPU time), remote cache hits 0 (0.00s CPU time), compiled 0 variants (0.00s CPU time), skipped 0 variants.
    Prepared data for serialisation in 0.00s
  Pass  (fp, d3d11) finished in 0.01 seconds. Local cache hits 1 (0.01s CPU time), remote cache hits 0 (0.00s CPU time), compiled 0 variants (0.00s CPU time), skipped 0 variants.
    Prepared data for serialisation in 0.00s
  Pass  (vp, d3d11) finished in 0.01 seconds. Local cache hits 1 (0.01s CPU time), remote cache hits 0 (0.00s CPU time), compiled 0 variants (0.00s CPU time), skipped 0 variants.
    Prepared data for serialisation in 0.00s
  Pass  (fp, d3d11) finished in 0.01 seconds. Local cache hits 1 (0.01s CPU time), remote cache hits 0 (0.00s CPU time), compiled 0 variants (0.00s CPU time), skipped 0 variants.
    Prepared data for serialisation in 0.00s
  Pass  (vp, d3d11) finished in 0.01 seconds. Local cache hits 1 (0.01s CPU time), remote cache hits 0 (0.00s CPU time), compiled 0 variants (0.00s CPU time), skipped 0 variants.
    Prepared data for serialisation in 0.00s
  Pass  (fp, d3d11) finished in 0.01 seconds. Local cache hits 1 (0.01s CPU time), remote cache hits 0 (0.00s CPU time), compiled 0 variants (0.00s CPU time), skipped 0 variants.
    Prepared data for serialisation in 0.00s
  Pass  (vp, d3d11) finished in 0.01 seconds. Local cache hits 1 (0.01s CPU time), remote cache hits 0 (0.00s CPU time), compiled 0 variants (0.00s CPU time), skipped 0 variants.
    Prepared data for serialisation in 0.00s
  Pass  (fp, d3d11) finished in 0.01 seconds. Local cache hits 1 (0.01s CPU time), remote cache hits 0 (0.00s CPU time), compiled 0 variants (0.00s CPU time), skipped 0 variants.
    Prepared data for serialisation in 0.00s
  Pass  (vp, d3d11) finished in 0.01 seconds. Local cache hits 1 (0.01s CPU time), remote cache hits 0 (0.00s CPU time), compiled 0 variants (0.00s CPU time), skipped 0 variants.
    Prepared data for serialisation in 0.00s
  Pass  (fp, d3d11) finished in 0.01 seconds. Local cache hits 1 (0.01s CPU time), remote cache hits 0 (0.00s CPU time), compiled 0 variants (0.00s CPU time), skipped 0 variants.
    Prepared data for serialisation in 0.00s
  Pass  (vp, d3d11) finished in 0.01 seconds. Local cache hits 1 (0.01s CPU time), remote cache hits 0 (0.00s CPU time), compiled 0 variants (0.00s CPU time), skipped 0 variants.
    Prepared data for serialisation in 0.00s
  Pass  (fp, d3d11) finished in 0.01 seconds. Local cache hits 1 (0.01s CPU time), remote cache hits 0 (0.00s CPU time), compiled 0 variants (0.00s CPU time), skipped 0 variants.
    Prepared data for serialisation in 0.00s
  Pass  (vp, d3d11) finished in 0.01 seconds. Local cache hits 1 (0.01s CPU time), remote cache hits 0 (0.00s CPU time), compiled 0 variants (0.00s CPU time), skipped 0 variants.
    Prepared data for serialisation in 0.00s
  Pass  (fp, d3d11) finished in 0.01 seconds. Local cache hits 1 (0.01s CPU time), remote cache hits 0 (0.00s CPU time), compiled 0 variants (0.00s CPU time), skipped 0 variants.
    Prepared data for serialisation in 0.00s
  Pass  (vp, d3d11) finished in 0.01 seconds. Local cache hits 1 (0.01s CPU time), remote cache hits 0 (0.00s CPU time), compiled 0 variants (0.00s CPU time), skipped 0 variants.
    Prepared data for serialisation in 0.00s
  Pass  (fp, d3d11) finished in 0.01 seconds. Local cache hits 1 (0.01s CPU time), remote cache hits 0 (0.00s CPU time), compiled 0 variants (0.00s CPU time), skipped 0 variants.
    Prepared data for serialisation in 0.00s
  Pass  (vp, d3d11) finished in 0.01 seconds. Local cache hits 1 (0.01s CPU time), remote cache hits 0 (0.00s CPU time), compiled 0 variants (0.00s CPU time), skipped 0 variants.
    Prepared data for serialisation in 0.00s
  Pass  (fp, d3d11) finished in 0.00 seconds. Local cache hits 1 (0.00s CPU time), remote cache hits 0 (0.00s CPU time), compiled 0 variants (0.00s CPU time), skipped 0 variants.
    Prepared data for serialisation in 0.00s
Serialized binary data for shader Hidden/Internal-ODSWorldTexture in 0.00s
    d3d11 (total internal programs: 20, unique: 15)
Compiling shader "Hidden/Internal-CubemapToEquirect"
  Pass "" (vp)
    Target graphics API: d3d11
    Full variant space:         1
    After settings filtering:   1
    After built-in stripping:   1
    After scriptable stripping: 1
    Processed in 0.00 seconds
  Pass "" (fp)
    Target graphics API: d3d11
    Full variant space:         1
    After settings filtering:   1
    After built-in stripping:   1
    After scriptable stripping: 1
    Processed in 0.00 seconds
  Pass  (vp, d3d11) finished in 0.00 seconds. Local cache hits 1 (0.00s CPU time), remote cache hits 0 (0.00s CPU time), compiled 0 variants (0.00s CPU time), skipped 0 variants.
    Prepared data for serialisation in 0.00s
  Pass  (fp, d3d11) finished in 0.00 seconds. Local cache hits 1 (0.00s CPU time), remote cache hits 0 (0.00s CPU time), compiled 0 variants (0.00s CPU time), skipped 0 variants.
    Prepared data for serialisation in 0.00s
Serialized binary data for shader Hidden/Internal-CubemapToEquirect in 0.00s
    d3d11 (total internal programs: 2, unique: 2)
Compiling shader "Hidden/VR/BlitFromTex2DToTexArraySlice"
  Pass "" (vp)
    Target graphics API: d3d11
    Full variant space:         1
    After settings filtering:   1
    After built-in stripping:   1
    After scriptable stripping: 1
    Processed in 0.00 seconds
  Pass "" (fp)
    Target graphics API: d3d11
    Full variant space:         1
    After settings filtering:   1
    After built-in stripping:   1
    After scriptable stripping: 1
    Processed in 0.00 seconds
  Pass "" (vp)
    Target graphics API: d3d11
    Full variant space:         1
    After settings filtering:   1
    After built-in stripping:   1
    After scriptable stripping: 1
    Processed in 0.00 seconds
  Pass "" (fp)
    Target graphics API: d3d11
    Full variant space:         1
    After settings filtering:   1
    After built-in stripping:   1
    After scriptable stripping: 1
    Processed in 0.00 seconds
  Pass "" (gp)
    Target graphics API: d3d11
    Full variant space:         1
    After settings filtering:   1
    After built-in stripping:   1
    After scriptable stripping: 1
    Processed in 0.00 seconds
  Pass  (vp, d3d11) finished in 0.00 seconds. Local cache hits 1 (0.00s CPU time), remote cache hits 0 (0.00s CPU time), compiled 0 variants (0.00s CPU time), skipped 0 variants.
    Prepared data for serialisation in 0.00s
  Pass  (fp, d3d11) finished in 0.00 seconds. Local cache hits 1 (0.00s CPU time), remote cache hits 0 (0.00s CPU time), compiled 0 variants (0.00s CPU time), skipped 0 variants.
    Prepared data for serialisation in 0.00s
  Pass  (vp, d3d11) finished in 0.00 seconds. Local cache hits 1 (0.00s CPU time), remote cache hits 0 (0.00s CPU time), compiled 0 variants (0.00s CPU time), skipped 0 variants.
    Prepared data for serialisation in 0.00s
  Pass  (fp, d3d11) finished in 0.01 seconds. Local cache hits 1 (0.01s CPU time), remote cache hits 0 (0.00s CPU time), compiled 0 variants (0.00s CPU time), skipped 0 variants.
    Prepared data for serialisation in 0.00s
  Pass  (gp, d3d11) finished in 0.01 seconds. Local cache hits 1 (0.00s CPU time), remote cache hits 0 (0.00s CPU time), compiled 0 variants (0.00s CPU time), skipped 0 variants.
    Prepared data for serialisation in 0.00s
Serialized binary data for shader Hidden/VR/BlitFromTex2DToTexArraySlice in 0.00s
    d3d11 (total internal programs: 5, unique: 5)
Compiling shader "Hidden/VideoComposite"
  Pass "Default" (vp)
    Target graphics API: d3d11
    Full variant space:         1
    After settings filtering:   1
    After built-in stripping:   1
    After scriptable stripping: 1
    Processed in 0.00 seconds
  Pass "Default" (fp)
    Target graphics API: d3d11
    Full variant space:         1
    After settings filtering:   1
    After built-in stripping:   1
    After scriptable stripping: 1
    Processed in 0.00 seconds
  Pass Default (vp, d3d11) finished in 0.00 seconds. Local cache hits 1 (0.00s CPU time), remote cache hits 0 (0.00s CPU time), compiled 0 variants (0.00s CPU time), skipped 0 variants.
    Prepared data for serialisation in 0.00s
  Pass Default (fp, d3d11) finished in 0.00 seconds. Local cache hits 1 (0.00s CPU time), remote cache hits 0 (0.00s CPU time), compiled 0 variants (0.00s CPU time), skipped 0 variants.
    Prepared data for serialisation in 0.00s
Serialized binary data for shader Hidden/VideoComposite in 0.00s
    d3d11 (total internal programs: 2, unique: 2)
Compiling shader "Hidden/VideoDecode"
  Pass "YCbCr_To_RGB1" (vp)
    Target graphics API: d3d11
    Full variant space:         2
    After settings filtering:   2
    After built-in stripping:   2
    After scriptable stripping: 2
    Processed in 0.00 seconds
  Pass "YCbCr_To_RGB1" (fp)
    Target graphics API: d3d11
    Full variant space:         2
    After settings filtering:   2
    After built-in stripping:   2
    After scriptable stripping: 2
    Processed in 0.00 seconds
  Pass "YCbCrA_To_RGBAFull" (vp)
    Target graphics API: d3d11
    Full variant space:         2
    After settings filtering:   2
    After built-in stripping:   2
    After scriptable stripping: 2
    Processed in 0.00 seconds
  Pass "YCbCrA_To_RGBAFull" (fp)
    Target graphics API: d3d11
    Full variant space:         2
    After settings filtering:   2
    After built-in stripping:   2
    After scriptable stripping: 2
    Processed in 0.00 seconds
  Pass "YCbCrA_To_RGBA" (vp)
    Target graphics API: d3d11
    Full variant space:         2
    After settings filtering:   2
    After built-in stripping:   2
    After scriptable stripping: 2
    Processed in 0.00 seconds
  Pass "YCbCrA_To_RGBA" (fp)
    Target graphics API: d3d11
    Full variant space:         2
    After settings filtering:   2
    After built-in stripping:   2
    After scriptable stripping: 2
    Processed in 0.00 seconds
  Pass "Flip_RGBA_To_RGBA" (vp)
    Target graphics API: d3d11
    Full variant space:         2
    After settings filtering:   2
    After built-in stripping:   2
    After scriptable stripping: 2
    Processed in 0.00 seconds
  Pass "Flip_RGBA_To_RGBA" (fp)
    Target graphics API: d3d11
    Full variant space:         2
    After settings filtering:   2
    After built-in stripping:   2
    After scriptable stripping: 2
    Processed in 0.00 seconds
  Pass "Flip_RGBASplit_To_RGBA" (vp)
    Target graphics API: d3d11
    Full variant space:         2
    After settings filtering:   2
    After built-in stripping:   2
    After scriptable stripping: 2
    Processed in 0.00 seconds
  Pass "Flip_RGBASplit_To_RGBA" (fp)
    Target graphics API: d3d11
    Full variant space:         2
    After settings filtering:   2
    After built-in stripping:   2
    After scriptable stripping: 2
    Processed in 0.00 seconds
  Pass "Flip_NV12_To_RGB1" (vp)
    Target graphics API: d3d11
    Full variant space:         2
    After settings filtering:   2
    After built-in stripping:   2
    After scriptable stripping: 2
    Processed in 0.00 seconds
  Pass "Flip_NV12_To_RGB1" (fp)
    Target graphics API: d3d11
    Full variant space:         2
    After settings filtering:   2
    After built-in stripping:   2
    After scriptable stripping: 2
    Processed in 0.00 seconds
  Pass "Flip_NV12_To_RGBA" (vp)
    Target graphics API: d3d11
    Full variant space:         2
    After settings filtering:   2
    After built-in stripping:   2
    After scriptable stripping: 2
    Processed in 0.00 seconds
  Pass "Flip_NV12_To_RGBA" (fp)
    Target graphics API: d3d11
    Full variant space:         2
    After settings filtering:   2
    After built-in stripping:   2
    After scriptable stripping: 2
    Processed in 0.00 seconds
  Pass "Flip_P010_To_RGB1" (vp)
    Target graphics API: d3d11
    Full variant space:         1
    After settings filtering:   1
    After built-in stripping:   1
    After scriptable stripping: 1
    Processed in 0.00 seconds
  Pass "Flip_P010_To_RGB1" (fp)
    Target graphics API: d3d11
    Full variant space:         1
    After settings filtering:   1
    After built-in stripping:   1
    After scriptable stripping: 1
    Processed in 0.00 seconds
  Pass YCbCr_To_RGB1 (vp, d3d11) finished in 0.01 seconds. Local cache hits 2 (0.02s CPU time), remote cache hits 0 (0.00s CPU time), compiled 0 variants (0.00s CPU time), skipped 0 variants.
    Prepared data for serialisation in 0.00s
  Pass YCbCr_To_RGB1 (fp, d3d11) finished in 0.01 seconds. Local cache hits 2 (0.02s CPU time), remote cache hits 0 (0.00s CPU time), compiled 0 variants (0.00s CPU time), skipped 0 variants.
    Prepared data for serialisation in 0.00s
  Pass YCbCrA_To_RGBAFull (vp, d3d11) finished in 0.01 seconds. Local cache hits 2 (0.01s CPU time), remote cache hits 0 (0.00s CPU time), compiled 0 variants (0.00s CPU time), skipped 0 variants.
    Prepared data for serialisation in 0.00s
  Pass YCbCrA_To_RGBAFull (fp, d3d11) finished in 0.01 seconds. Local cache hits 2 (0.01s CPU time), remote cache hits 0 (0.00s CPU time), compiled 0 variants (0.00s CPU time), skipped 0 variants.
    Prepared data for serialisation in 0.00s
  Pass YCbCrA_To_RGBA (vp, d3d11) finished in 0.01 seconds. Local cache hits 2 (0.01s CPU time), remote cache hits 0 (0.00s CPU time), compiled 0 variants (0.00s CPU time), skipped 0 variants.
    Prepared data for serialisation in 0.00s
  Pass YCbCrA_To_RGBA (fp, d3d11) finished in 0.01 seconds. Local cache hits 2 (0.02s CPU time), remote cache hits 0 (0.00s CPU time), compiled 0 variants (0.00s CPU time), skipped 0 variants.
    Prepared data for serialisation in 0.00s
  Pass Flip_RGBA_To_RGBA (vp, d3d11) finished in 0.01 seconds. Local cache hits 2 (0.02s CPU time), remote cache hits 0 (0.00s CPU time), compiled 0 variants (0.00s CPU time), skipped 0 variants.
    Prepared data for serialisation in 0.00s
  Pass Flip_RGBA_To_RGBA (fp, d3d11) finished in 0.01 seconds. Local cache hits 2 (0.01s CPU time), remote cache hits 0 (0.00s CPU time), compiled 0 variants (0.00s CPU time), skipped 0 variants.
    Prepared data for serialisation in 0.00s
  Pass Flip_RGBASplit_To_RGBA (vp, d3d11) finished in 0.01 seconds. Local cache hits 2 (0.02s CPU time), remote cache hits 0 (0.00s CPU time), compiled 0 variants (0.00s CPU time), skipped 0 variants.
    Prepared data for serialisation in 0.00s
  Pass Flip_RGBASplit_To_RGBA (fp, d3d11) finished in 0.01 seconds. Local cache hits 2 (0.01s CPU time), remote cache hits 0 (0.00s CPU time), compiled 0 variants (0.00s CPU time), skipped 0 variants.
    Prepared data for serialisation in 0.00s
  Pass Flip_NV12_To_RGB1 (vp, d3d11) finished in 0.00 seconds. Local cache hits 2 (0.00s CPU time), remote cache hits 0 (0.00s CPU time), compiled 0 variants (0.00s CPU time), skipped 0 variants.
    Prepared data for serialisation in 0.00s
  Pass Flip_NV12_To_RGB1 (fp, d3d11) finished in 0.01 seconds. Local cache hits 2 (0.01s CPU time), remote cache hits 0 (0.00s CPU time), compiled 0 variants (0.00s CPU time), skipped 0 variants.
    Prepared data for serialisation in 0.00s
  Pass Flip_NV12_To_RGBA (vp, d3d11) finished in 0.01 seconds. Local cache hits 2 (0.00s CPU time), remote cache hits 0 (0.00s CPU time), compiled 0 variants (0.00s CPU time), skipped 0 variants.
    Prepared data for serialisation in 0.00s
  Pass Flip_NV12_To_RGBA (fp, d3d11) finished in 0.01 seconds. Local cache hits 2 (0.01s CPU time), remote cache hits 0 (0.00s CPU time), compiled 0 variants (0.00s CPU time), skipped 0 variants.
    Prepared data for serialisation in 0.00s
  Pass Flip_P010_To_RGB1 (vp, d3d11) finished in 0.00 seconds. Local cache hits 1 (0.00s CPU time), remote cache hits 0 (0.00s CPU time), compiled 0 variants (0.00s CPU time), skipped 0 variants.
    Prepared data for serialisation in 0.00s
  Pass Flip_P010_To_RGB1 (fp, d3d11) finished in 0.00 seconds. Local cache hits 1 (0.00s CPU time), remote cache hits 0 (0.00s CPU time), compiled 0 variants (0.00s CPU time), skipped 0 variants.
    Prepared data for serialisation in 0.00s
Serialized binary data for shader Hidden/VideoDecode in 0.00s
    d3d11 (total internal programs: 30, unique: 19)
Compiling shader "Hidden/TextCore/Distance Field SSD"
  Pass "" (vp)
    Target graphics API: d3d11
    Full variant space:         1
    After settings filtering:   1
    After built-in stripping:   1
    After scriptable stripping: 1
    Processed in 0.00 seconds
  Pass "" (fp)
    Target graphics API: d3d11
    Full variant space:         1
    After settings filtering:   1
    After built-in stripping:   1
    After scriptable stripping: 1
    Processed in 0.00 seconds
  Pass  (vp, d3d11) finished in 0.00 seconds. Local cache hits 1 (0.00s CPU time), remote cache hits 0 (0.00s CPU time), compiled 0 variants (0.00s CPU time), skipped 0 variants.
    Prepared data for serialisation in 0.00s
  Pass  (fp, d3d11) finished in 0.00 seconds. Local cache hits 1 (0.00s CPU time), remote cache hits 0 (0.00s CPU time), compiled 0 variants (0.00s CPU time), skipped 0 variants.
    Prepared data for serialisation in 0.00s
Serialized binary data for shader Hidden/TextCore/Distance Field SSD in 0.00s
    d3d11 (total internal programs: 2, unique: 2)
Compiling shader "Hidden/Physics2D/SDF_CircleGeometry"
  Pass "" (vp)
    Target graphics API: d3d11
    Full variant space:         2
    After settings filtering:   2
    After built-in stripping:   1
    After scriptable stripping: 1
    Processed in 0.00 seconds
  Pass "" (fp)
    Target graphics API: d3d11
    Full variant space:         2
    After settings filtering:   2
    After built-in stripping:   1
    After scriptable stripping: 1
    Processed in 0.00 seconds
  Pass  (vp, d3d11) finished in 0.00 seconds. Local cache hits 1 (0.00s CPU time), remote cache hits 0 (0.00s CPU time), compiled 0 variants (0.00s CPU time), skipped 0 variants.
    Prepared data for serialisation in 0.00s
  Pass  (fp, d3d11) finished in 0.00 seconds. Local cache hits 1 (0.00s CPU time), remote cache hits 0 (0.00s CPU time), compiled 0 variants (0.00s CPU time), skipped 0 variants.
    Prepared data for serialisation in 0.00s
Serialized binary data for shader Hidden/Physics2D/SDF_CircleGeometry in 0.00s
    d3d11 (total internal programs: 2, unique: 2)
Compiling shader "Hidden/Physics2D/SDF_CapsuleGeometry"
  Pass "" (vp)
    Target graphics API: d3d11
    Full variant space:         2
    After settings filtering:   2
    After built-in stripping:   1
    After scriptable stripping: 1
    Processed in 0.00 seconds
  Pass "" (fp)
    Target graphics API: d3d11
    Full variant space:         2
    After settings filtering:   2
    After built-in stripping:   1
    After scriptable stripping: 1
    Processed in 0.00 seconds
  Pass  (vp, d3d11) finished in 0.00 seconds. Local cache hits 1 (0.00s CPU time), remote cache hits 0 (0.00s CPU time), compiled 0 variants (0.00s CPU time), skipped 0 variants.
    Prepared data for serialisation in 0.00s
  Pass  (fp, d3d11) finished in 0.00 seconds. Local cache hits 1 (0.00s CPU time), remote cache hits 0 (0.00s CPU time), compiled 0 variants (0.00s CPU time), skipped 0 variants.
    Prepared data for serialisation in 0.00s
Serialized binary data for shader Hidden/Physics2D/SDF_CapsuleGeometry in 0.00s
    d3d11 (total internal programs: 2, unique: 2)
Compiling shader "Hidden/Physics2D/SDF_PolygonGeometry"
  Pass "" (vp)
    Target graphics API: d3d11
    Full variant space:         2
    After settings filtering:   2
    After built-in stripping:   1
    After scriptable stripping: 1
    Processed in 0.00 seconds
  Pass "" (fp)
    Target graphics API: d3d11
    Full variant space:         2
    After settings filtering:   2
    After built-in stripping:   1
    After scriptable stripping: 1
    Processed in 0.00 seconds
  Pass  (vp, d3d11) finished in 0.00 seconds. Local cache hits 1 (0.00s CPU time), remote cache hits 0 (0.00s CPU time), compiled 0 variants (0.00s CPU time), skipped 0 variants.
    Prepared data for serialisation in 0.00s
  Pass  (fp, d3d11) finished in 0.00 seconds. Local cache hits 1 (0.00s CPU time), remote cache hits 0 (0.00s CPU time), compiled 0 variants (0.00s CPU time), skipped 0 variants.
    Prepared data for serialisation in 0.00s
Serialized binary data for shader Hidden/Physics2D/SDF_PolygonGeometry in 0.00s
    d3d11 (total internal programs: 2, unique: 2)
Compiling shader "Hidden/Physics2D/SDF_Line"
  Pass "" (vp)
    Target graphics API: d3d11
    Full variant space:         2
    After settings filtering:   2
    After built-in stripping:   1
    After scriptable stripping: 1
    Processed in 0.00 seconds
  Pass "" (fp)
    Target graphics API: d3d11
    Full variant space:         2
    After settings filtering:   2
    After built-in stripping:   1
    After scriptable stripping: 1
    Processed in 0.00 seconds
  Pass  (vp, d3d11) finished in 0.00 seconds. Local cache hits 1 (0.00s CPU time), remote cache hits 0 (0.00s CPU time), compiled 0 variants (0.00s CPU time), skipped 0 variants.
    Prepared data for serialisation in 0.00s
  Pass  (fp, d3d11) finished in 0.00 seconds. Local cache hits 1 (0.00s CPU time), remote cache hits 0 (0.00s CPU time), compiled 0 variants (0.00s CPU time), skipped 0 variants.
    Prepared data for serialisation in 0.00s
Serialized binary data for shader Hidden/Physics2D/SDF_Line in 0.00s
    d3d11 (total internal programs: 2, unique: 2)
Compiling shader "Hidden/Physics2D/SDF_Point"
  Pass "" (vp)
    Target graphics API: d3d11
    Full variant space:         2
    After settings filtering:   2
    After built-in stripping:   1
    After scriptable stripping: 1
    Processed in 0.00 seconds
  Pass "" (fp)
    Target graphics API: d3d11
    Full variant space:         2
    After settings filtering:   2
    After built-in stripping:   1
    After scriptable stripping: 1
    Processed in 0.00 seconds
  Pass  (vp, d3d11) finished in 0.00 seconds. Local cache hits 1 (0.00s CPU time), remote cache hits 0 (0.00s CPU time), compiled 0 variants (0.00s CPU time), skipped 0 variants.
    Prepared data for serialisation in 0.00s
  Pass  (fp, d3d11) finished in 0.00 seconds. Local cache hits 1 (0.00s CPU time), remote cache hits 0 (0.00s CPU time), compiled 0 variants (0.00s CPU time), skipped 0 variants.
    Prepared data for serialisation in 0.00s
Serialized binary data for shader Hidden/Physics2D/SDF_Point in 0.00s
    d3d11 (total internal programs: 2, unique: 2)
[Licensing::Client] Successfully resolved entitlement details
Starting: C:\Program Files\Unity\Hub\Editor\6000.3.14f1\Editor\Data\Tools\BuildPipeline\bee_backend.exe --ipc --dagfile="Library/Bee/Player9c5a590b.dag" --profile="Library/Bee/backend1.traceevents" Player
WorkingDir: C:/Users/Admin/Documents/GitHub/GraduationProject/GraduationProject
ExitCode: 4 Duration: 0s18ms
Starting: C:\Program Files\Unity\Hub\Editor\6000.3.14f1\Editor\Data\netcorerun\netcorerun.exe "C:\Program Files\Unity\Hub\Editor\6000.3.14f1\Editor\Data\PlaybackEngines\WindowsStandaloneSupport\WinPlayerBuildProgram.exe" "C:/Program Files/Unity/Hub/Editor/6000.3.14f1/Editor/Data/PlaybackEngines/WindowsStandaloneSupport/Bee;C:/Program Files/Unity/Hub/Editor/6000.3.14f1/Editor/Data/Tools/BuildPipeline" "Library/Bee/Player9c5a590b.dag.json" "Library/Bee/Player9c5a590b-inputdata.json" "Library\Bee\buildprogram0.traceevents"
WorkingDir: C:/Users/Admin/Documents/GitHub/GraduationProject/GraduationProject
DisplayProgressbar: Incremental Player Build
ExitCode: 0 Duration: 1s614ms
Starting: C:\Program Files\Unity\Hub\Editor\6000.3.14f1\Editor\Data\Tools\BuildPipeline\bee_backend.exe --ipc --dagfile="Library/Bee/Player9c5a590b.dag" --dagfilejson="Library\Bee\Player9c5a590b.dag.json" --profile="Library/Bee/backend2.traceevents" Player
WorkingDir: C:/Users/Admin/Documents/GitHub/GraduationProject/GraduationProject
ExitCode: 0 Duration: 7s320ms
Refreshing native plugins compatible for Editor in 3.57 ms, found 6 plugins.
Total cache size 268125692
Total cache size after purge 268125692, took 00:00:00.2345235
Refreshing native plugins compatible for Editor in 2.88 ms, found 6 plugins.
Preloading 1 native plugins for Editor in 0.06 ms.
Asset Pipeline Refresh (id=60260a03fb7afc34c8c5a981654c9544): Total: 0.225 seconds - Initiated by RefreshV2(NoUpdateAssetOptions)
Refreshing native plugins compatible for Editor in 2.82 ms, found 6 plugins.
Preloading 1 native plugins for Editor in 0.06 ms.

-------------------------------------------------------------------------------
Build Report
Uncompressed usage by category (Percentages based on user generated assets only):
Textures               17.4 mb	 10.3% 
Meshes                 121.8 kb	 0.1% 
Animations             30.9 kb	 0.0% 
Sounds                 19.2 kb	 0.0% 
Shaders                1.0 mb	 0.6% 
Other Assets           148.6 mb	 87.9% 
Levels                 1.2 mb	 0.7% 
File headers           247.5 kb	 0.1% 
Total User Assets      169.0 mb	 100.0% 
Complete build size    280.0 mb
Used Assets and files from the Resources folder, sorted by uncompressed size:
 64.8 mb	 23.2% Assets/GameHub/Resources/AgentModels/CaptureTheFlag/ctf_poca_v2.onnx
 64.8 mb	 23.2% Assets/GameHub/Resources/AgentModels/CaptureTheFlag/ctf_mappo_v2.onnx
 8.2 mb	 2.9% Assets/Collaboration/ML-Agents/PuzzleBehavior.onnx
 6.4 mb	 2.3% Packages/com.unity.ai.inference/Runtime/Core/Resources/Sentis/ComputeShaders/ConvGeneric.compute
 2.7 mb	 1.0% Built-in Texture2D: Splash Screen Unity Logo
 2.7 mb	 1.0% Assets/CrossTheRoad/AssetStore/Meshtint Free City Lite Pack Mega Toon/Textures/Cross Roads.psd
 1.3 mb	 0.5% Assets/Football/Materials/Textures/Wood.jpg
 1.0 mb	 0.4% Assets/CrossTheRoad/TextMesh Pro/Resources/Fonts & Materials/LiberationSans SDF.asset
 1.0 mb	 0.4% Assets/Collaboration/TextMesh Pro/Resources/Fonts & Materials/LiberationSans SDF.asset
 682.8 kb	 0.2% Assets/GameHub/Resources/Previews/CaptureTheFlag.png
 682.8 kb	 0.2% Assets/GameHub/Resources/Previews/CrossTheRoad.png
 682.8 kb	 0.2% Assets/Football/Materials/Textures/Field.png
 682.8 kb	 0.2% Assets/GameHub/Resources/Previews/Football.png
 452.1 kb	 0.2% Packages/com.unity.ai.inference/Runtime/Core/Resources/Sentis/ComputeShaders/Dense.compute
 344.5 kb	 0.1% Assets/Collaboration/TextMesh Pro/Fonts/LiberationSans.ttf
 341.5 kb	 0.1% Assets/CrossTheRoad/AssetStore/Gridbox Prototype Materials/Resources/Textures/Prototype Grid/prototype_512x512_yellow.png
 341.5 kb	 0.1% Assets/CrossTheRoad/AssetStore/Gridbox Prototype Materials/Resources/Textures/Prototype Grid/prototype_512x512_white.png
 341.5 kb	 0.1% Assets/CrossTheRoad/AssetStore/Gridbox Prototype Materials/Resources/Textures/Prototype Grid/prototype_512x512_red.png
 341.5 kb	 0.1% Assets/CrossTheRoad/AssetStore/Gridbox Prototype Materials/Resources/Textures/Prototype Grid/prototype_512x512_purple.png
 341.5 kb	 0.1% Assets/CrossTheRoad/AssetStore/Gridbox Prototype Materials/Resources/Textures/Prototype Grid/prototype_512x512_orange.png
 341.5 kb	 0.1% Assets/CrossTheRoad/AssetStore/Gridbox Prototype Materials/Resources/Textures/Prototype Grid/prototype_512x512_grey4.png
 341.5 kb	 0.1% Assets/CrossTheRoad/AssetStore/Gridbox Prototype Materials/Resources/Textures/Prototype Grid/prototype_512x512_grey3.png
 341.5 kb	 0.1% Assets/CrossTheRoad/AssetStore/Gridbox Prototype Materials/Resources/Textures/Prototype Grid/prototype_512x512_grey2.png
 341.5 kb	 0.1% Assets/CrossTheRoad/AssetStore/Gridbox Prototype Materials/Resources/Textures/Prototype Grid/prototype_512x512_grey1.png
 341.5 kb	 0.1% Assets/CrossTheRoad/AssetStore/Gridbox Prototype Materials/Resources/Textures/Prototype Grid/prototype_512x512_green2.png
 341.5 kb	 0.1% Assets/CrossTheRoad/AssetStore/Gridbox Prototype Materials/Resources/Textures/Prototype Grid/prototype_512x512_green1.png
 341.5 kb	 0.1% Assets/CrossTheRoad/AssetStore/Gridbox Prototype Materials/Resources/Textures/Prototype Grid/prototype_512x512_cyan.png
 341.5 kb	 0.1% Assets/CrossTheRoad/AssetStore/Gridbox Prototype Materials/Resources/Textures/Prototype Grid/prototype_512x512_brown.png
 341.5 kb	 0.1% Assets/CrossTheRoad/AssetStore/Gridbox Prototype Materials/Resources/Textures/Prototype Grid/prototype_512x512_blue3.png
 341.5 kb	 0.1% Assets/CrossTheRoad/AssetStore/Gridbox Prototype Materials/Resources/Textures/Prototype Grid/prototype_512x512_blue2.png
 341.5 kb	 0.1% Assets/CrossTheRoad/AssetStore/Gridbox Prototype Materials/Resources/Textures/Prototype Grid/prototype_512x512_blue1.png
 341.5 kb	 0.1% Assets/Collaboration/TextMesh Pro/Sprites/EmojiOne.png
 338.9 kb	 0.1% Assets/GameHub/Resources/AgentModels/Football/Football_SAC_01.onnx
 331.7 kb	 0.1% Assets/GameHub/Resources/AgentModels/Football/Football_POCA_01.onnx
 331.7 kb	 0.1% Assets/GameHub/Resources/AgentModels/Football/FB01.onnx
 226.8 kb	 0.1% Packages/com.unity.ai.inference/Runtime/Core/Resources/Sentis/ComputeShaders/Compute.Shaders.Broadcast.gen.compute
 220.9 kb	 0.1% Packages/com.unity.ai.inference/Runtime/Core/Resources/Sentis/PixelShaders/ConvTranspose.shader
 198.0 kb	 0.1% Assets/GameHub/Resources/EnvPrefabs/CrossTheRoad.prefab
 191.7 kb	 0.1% Assets/Collaboration/TextMesh Pro/Shaders/TMP_SDF-Mobile.shader
 181.5 kb	 0.1% Packages/com.unity.ai.inference/Runtime/Core/Resources/Sentis/ComputeShaders/Compute.Shaders.Reduction.gen.compute
 170.8 kb	 0.1% Assets/CrossTheRoad/AssetStore/Meshtint Free Car 01 Mega Toon Series/Textures/Mega Toon Car 01 Emission.psd
 152.5 kb	 0.1% Resources/unity_builtin_extra
 137.5 kb	 0.0% Assets/GameHub/Resources/AgentModels/CrossTheRoad/CrossTheRoad_SAC_01.onnx
 137.5 kb	 0.0% Assets/GameHub/Resources/AgentModels/CrossTheRoad/ctr_poca_v1.onnx
 137.5 kb	 0.0% Assets/GameHub/Resources/AgentModels/CrossTheRoad/ctr_mappo_v1.onnx
 137.5 kb	 0.0% Assets/GameHub/Resources/AgentModels/CrossTheRoad/ctr01.onnx
 137.0 kb	 0.0% Packages/com.unity.ai.inference/Runtime/Core/Resources/Sentis/ComputeShaders/Compute.Shaders.Conv.gen.compute
 128.4 kb	 0.0% Assets/Football/Football/ReflectionProbe-0.exr
 106.1 kb	 0.0% Packages/com.unity.ai.inference/Runtime/Core/Resources/Sentis/ComputeShaders/GridSample.compute
 86.7 kb	 0.0% Packages/com.unity.ai.inference/Runtime/Core/Resources/Sentis/ComputeShaders/Compute.Shaders.PointwiseUnary.gen.compute
 86.3 kb	 0.0% Packages/com.unity.ai.inference/Runtime/Core/Resources/Sentis/ComputeShaders/Compute.Shaders.ConvTranspose.gen.compute
 85.5 kb	 0.0% Assets/Collaboration/Materials/finish_line_pattern.jpg
 79.7 kb	 0.0% Packages/com.unity.render-pipelines.core/Runtime/Debugging/Prefabs/Fonts/PerfectDOSVGA437.ttf
 59.1 kb	 0.0% Packages/com.unity.render-pipelines.core/Runtime/Debugging/Prefabs/Widgets/DebugUIHandlerRenderingLayerField.prefab
 59.1 kb	 0.0% Packages/com.unity.render-pipelines.core/Runtime/Debugging/Prefabs/Widgets/DebugUIBitField.prefab
 55.9 kb	 0.0% Packages/com.unity.ai.inference/Runtime/Core/Resources/Sentis/ComputeShaders/DepthwiseConv.compute
 48.2 kb	 0.0% Packages/com.unity.ai.inference/Runtime/Core/Resources/Sentis/ComputeShaders/Pool.compute
 42.8 kb	 0.0% Assets/CrossTheRoad/AssetStore/Meshtint Free Car 01 Mega Toon Series/Textures/Mega Toon Car 01.psd
 39.8 kb	 0.0% Assets/CrossTheRoad/AssetStore/Meshtint Free Car 02 Mega Toon Series/FBX/MT Car 02.FBX
 39.2 kb	 0.0% Assets/CrossTheRoad/AssetStore/Meshtint Free Car 01 Mega Toon Series/FBX/MT Car 01.FBX
 39.2 kb	 0.0% Assets/Football/Prefabs/Players/PlayerMeshes.fbx
 37.3 kb	 0.0% Packages/com.unity.ai.inference/Runtime/Core/Resources/Sentis/ComputeShaders/WindowedDFTMatrix.compute
 35.8 kb	 0.0% Packages/com.unity.ai.inference/Runtime/Core/Resources/Sentis/ComputeShaders/GemmT.compute
 35.5 kb	 0.0% Packages/com.unity.ai.inference/Runtime/Core/Resources/Sentis/ComputeShaders/Compute.Shaders.ReductionUnrolled.gen.compute
 31.2 kb	 0.0% Packages/com.unity.ai.inference/Runtime/Core/Resources/Sentis/ComputeShaders/Resize.compute
 29.7 kb	 0.0% Packages/com.unity.ai.inference/Runtime/Core/Resources/Sentis/ComputeShaders/RoiAlign.compute
 26.1 kb	 0.0% Packages/com.unity.ai.inference/Runtime/Core/Resources/Sentis/ComputeShaders/CompareOps.compute
 25.9 kb	 0.0% Assets/CrossTheRoad/TextMesh Pro/Resources/Shaders/TMP_SDF-Surface.shader
 25.7 kb	 0.0% Packages/com.unity.ai.inference/Runtime/Core/Resources/Sentis/ComputeShaders/RNN.compute
 21.9 kb	 0.0% Packages/com.unity.ai.inference/Runtime/Core/Resources/Sentis/ComputeShaders/ReferenceImpl.PoolA.compute
 21.9 kb	 0.0% Packages/com.unity.ai.inference/Runtime/Core/Resources/Sentis/ComputeShaders/ReferenceImpl.IndexingOpsA.compute
 20.8 kb	 0.0% Packages/com.unity.ai.inference/Runtime/Core/Resources/Sentis/ComputeShaders/ScatterOps.compute
 20.3 kb	 0.0% Packages/com.unity.ai.inference/Runtime/Core/Resources/Sentis/ComputeShaders/CopyOps.compute
 17.3 kb	 0.0% Packages/com.unity.ai.inference/Runtime/Core/Resources/Sentis/TextureConversion/TensorToTexture.compute
 16.6 kb	 0.0% Packages/com.unity.ai.inference/Runtime/Core/Resources/Sentis/TextureConversion/TextureToTensor.compute
 16.1 kb	 0.0% Packages/com.unity.ai.inference/Runtime/Core/Resources/Sentis/ComputeShaders/ReferenceImpl.PadA.compute
 16.0 kb	 0.0% Packages/com.unity.ai.inference/Runtime/Core/Resources/Sentis/ComputeShaders/NMS.compute
 15.2 kb	 0.0% Packages/com.unity.ai.inference/Runtime/Core/Resources/Sentis/ComputeShaders/ReduceIndices.compute
 14.5 kb	 0.0% Assets/CrossTheRoad/TextMesh Pro/Resources/Shaders/TMP_SDF-Surface-Mobile.shader
 14.5 kb	 0.0% Packages/com.unity.ai.inference/Runtime/Core/Resources/Sentis/ComputeShaders/CumSum.compute
 14.1 kb	 0.0% Packages/com.unity.ai.inference/Runtime/Core/Resources/Sentis/ComputeShaders/Random.compute
 13.6 kb	 0.0% Assets/GameHub/Resources/TrainingData/training_data.json
 13.3 kb	 0.0% Packages/com.unity.ai.inference/Runtime/Core/Resources/Sentis/PixelShaders/GridSample.shader
 13.0 kb	 0.0% Assets/GameHub/Resources/EnvPrefabs/Football.prefab
 12.2 kb	 0.0% Packages/com.unity.ai.inference/Runtime/Core/Resources/Sentis/PixelShaders/Activation.shader
 12.1 kb	 0.0% Packages/com.unity.ai.inference/Runtime/Core/Resources/Sentis/ComputeShaders/Normalization.compute
 12.0 kb	 0.0% Assets/GameHub/Resources/EnvPrefabs/CaptureTheFlag.prefab
 11.9 kb	 0.0% Packages/com.unity.ai.inference/Runtime/Core/Resources/Sentis/PixelShaders/Broadcast.shader
 11.7 kb	 0.0% Assets/CrossTheRoad/TextMesh Pro/Resources/Shaders/TMP_SDF.shader
 11.7 kb	 0.0% Assets/CrossTheRoad/TextMesh Pro/Resources/Shaders/TMP_SDF Overlay.shader
 11.4 kb	 0.0% Packages/com.unity.ai.inference/Runtime/Core/Resources/Sentis/PixelShaders/ScatterElements.shader
 11.3 kb	 0.0% Packages/com.unity.ai.inference/Runtime/Core/Resources/Sentis/PixelShaders/STFT.shader
 10.8 kb	 0.0% Packages/com.unity.ai.inference/Runtime/Core/Resources/Sentis/ComputeShaders/Clip.compute
 10.2 kb	 0.0% Packages/com.unity.ai.inference/Runtime/Core/Resources/Sentis/ComputeShaders/LogicalOps.compute
 9.6 kb	 0.0% Packages/com.unity.ai.inference/Runtime/Core/Resources/Sentis/PixelShaders/GroupedConv.shader
 9.5 kb	 0.0% Assets/CrossTheRoad/TextMesh Pro/Resources/Shaders/TMP_SDF-Mobile Masking.shader
 9.3 kb	 0.0% Packages/com.unity.render-pipelines.core/Runtime/Debugging/Prefabs/Widgets/DebugUIPanel.prefab
 9.2 kb	 0.0% Assets/CrossTheRoad/TextMesh Pro/Resources/Shaders/TMP_Bitmap-Mobile.shader
 8.8 kb	 0.0% Packages/com.unity.ai.inference/Runtime/Core/Resources/Sentis/PixelShaders/Conv.shader
 8.8 kb	 0.0% Assets/CrossTheRoad/TextMesh Pro/Resources/Shaders/TMP_SDF-Mobile.shader
 8.8 kb	 0.0% Assets/CrossTheRoad/TextMesh Pro/Resources/Shaders/TMP_SDF-Mobile Overlay.shader
 8.3 kb	 0.0% Packages/com.unity.ai.inference/Runtime/Core/Resources/Sentis/ComputeShaders/IndexingOps.compute
 8.1 kb	 0.0% Packages/com.unity.ai.inference/Runtime/Core/Resources/Sentis/ComputeShaders/SortingOps.compute
 7.8 kb	 0.0% Packages/com.unity.ai.inference/Runtime/Core/Resources/Sentis/ComputeShaders/ImageBased.compute
 7.7 kb	 0.0% Packages/com.unity.ai.inference/Runtime/Core/Resources/Sentis/ComputeShaders/BitonicSort.compute
 7.5 kb	 0.0% Packages/com.unity.ai.inference/Runtime/Core/Resources/Sentis/PixelShaders/DepthwiseConv.shader
 7.4 kb	 0.0% Packages/com.unity.ai.inference/Runtime/Core/Resources/Sentis/ComputeShaders/Spectral.compute
 7.4 kb	 0.0% Packages/com.unity.ai.inference/Runtime/Core/Resources/Sentis/PixelShaders/LocalResponseNormalization.shader
 7.2 kb	 0.0% Packages/com.unity.ai.inference/Runtime/Core/Resources/Sentis/PixelShaders/ScatterND.shader
 7.1 kb	 0.0% Packages/com.unity.ai.inference/Runtime/Core/Resources/Sentis/TextureConversion/TensorToTexture.shader
 7.1 kb	 0.0% Packages/com.unity.ai.inference/Runtime/Core/Resources/Sentis/ComputeShaders/ReferenceImpl.Einsum.compute
 6.9 kb	 0.0% Packages/com.unity.ai.inference/Runtime/Core/Resources/Sentis/PixelShaders/GatherElements.shader
 6.8 kb	 0.0% Packages/com.unity.ai.inference/Runtime/Core/Resources/Sentis/PixelShaders/WindowedDFTMatrix.shader
 6.7 kb	 0.0% Packages/com.unity.ai.inference/Runtime/Core/Resources/Sentis/PixelShaders/RoiAlign.shader
 6.6 kb	 0.0% Packages/com.unity.ai.inference/Runtime/Core/Resources/Sentis/PixelShaders/SliceSet.shader
 6.5 kb	 0.0% Packages/com.unity.render-pipelines.core/Runtime/Debugging/Prefabs/Widgets/DebugUIColor.prefab
 6.5 kb	 0.0% Packages/com.unity.ai.inference/Runtime/Core/Resources/Sentis/PixelShaders/Upsample.shader
 6.4 kb	 0.0% Packages/com.unity.ai.inference/Runtime/Core/Resources/Sentis/PixelShaders/Reduce.shader
 6.3 kb	 0.0% Assets/CrossTheRoad/TextMesh Pro/Resources/Shaders/TMP_Bitmap.shader
 6.3 kb	 0.0% Assets/CrossTheRoad/TextMesh Pro/Resources/Shaders/TMP_Bitmap-Custom-Atlas.shader
 6.3 kb	 0.0% Packages/com.unity.ai.inference/Runtime/Core/Resources/Sentis/PixelShaders/Pad.shader
 6.2 kb	 0.0% Assets/CrossTheRoad/AssetStore/Meshtint Free Car 02 Mega Toon Series/FBX/MT Car 02@Move Backward.FBX
 6.2 kb	 0.0% Assets/CrossTheRoad/AssetStore/Meshtint Free Car 02 Mega Toon Series/FBX/MT Car 02@Turn Right.FBX
 6.2 kb	 0.0% Assets/CrossTheRoad/AssetStore/Meshtint Free Car 02 Mega Toon Series/FBX/MT Car 02@Turn Left.FBX
 6.2 kb	 0.0% Assets/CrossTheRoad/AssetStore/Meshtint Free Car 02 Mega Toon Series/FBX/MT Car 02@Move Forward.FBX
 6.1 kb	 0.0% Packages/com.unity.render-pipelines.core/Runtime/Debugging/Prefabs/Widgets/DebugUIVector4.prefab
 6.1 kb	 0.0% Assets/Football/Sounds/GoalA.wav
 6.1 kb	 0.0% Assets/Collaboration/TextMesh Pro/Shaders/TMP_Sprite.shader
 6.1 kb	 0.0% Packages/com.unity.ai.inference/Runtime/Core/Resources/Sentis/PixelShaders/LocalPool.shader
 6.1 kb	 0.0% Packages/com.unity.ai.inference/Runtime/Core/Resources/Sentis/PixelShaders/GatherND.shader
 6.0 kb	 0.0% Packages/com.unity.ai.inference/Runtime/Core/Resources/Sentis/PixelShaders/Random.shader
 6.0 kb	 0.0% Packages/com.unity.ai.inference/Runtime/Core/Resources/Sentis/TextureConversion/TextureToTensor.shader
 5.9 kb	 0.0% Assets/Football/Sounds/GoalB.wav
 5.8 kb	 0.0% Packages/com.unity.render-pipelines.universal/Shaders/Lit.shader
 5.5 kb	 0.0% Packages/com.unity.ai.inference/Runtime/Core/Resources/Sentis/PixelShaders/Gather.shader
 5.3 kb	 0.0% Assets/CrossTheRoad/TextMesh Pro/Resources/Shaders/TMP_Sprite.shader
 5.3 kb	 0.0% Packages/com.unity.ai.inference/Runtime/Core/Resources/Sentis/PixelShaders/DepthToSpace.shader
 5.2 kb	 0.0% Packages/com.unity.ai.inference/Runtime/Core/Resources/Sentis/ComputeShaders/ReferenceImpl.GenericA.compute
 5.2 kb	 0.0% Packages/com.unity.render-pipelines.core/Runtime/Debugging/Prefabs/Widgets/DebugUIVector3.prefab
 5.0 kb	 0.0% Packages/com.unity.ai.inference/Runtime/Core/Resources/Sentis/ComputeShaders/AxisActivations.compute
 5.0 kb	 0.0% Packages/com.unity.ai.inference/Runtime/Core/Resources/Sentis/PixelShaders/Slice.shader
 4.9 kb	 0.0% Packages/com.unity.ai.inference/Runtime/Core/Resources/Sentis/PixelShaders/Dense.shader
 4.9 kb	 0.0% Packages/com.unity.ai.inference/Runtime/Core/Resources/Sentis/PixelShaders/CumSum.shader
 4.9 kb	 0.0% Packages/com.unity.ai.inference/Runtime/Core/Resources/Sentis/PixelShaders/Clip.shader
 4.9 kb	 0.0% Packages/com.unity.ai.inference/Runtime/Core/Resources/Sentis/PixelShaders/SpaceToDepth.shader
 4.8 kb	 0.0% Packages/com.unity.ai.inference/Runtime/Core/Resources/Sentis/PixelShaders/Split.shader
 4.7 kb	 0.0% Assets/Football/Sounds/Reset.wav
 4.7 kb	 0.0% Packages/com.unity.ai.inference/Runtime/Core/Resources/Sentis/TextureConversion/ComputeBufferToTexture.shader
 4.7 kb	 0.0% Packages/com.unity.ai.inference/Runtime/Core/Resources/Sentis/PixelShaders/Reshape.shader
 4.7 kb	 0.0% Packages/com.unity.ai.inference/Runtime/Core/Resources/Sentis/PixelShaders/ReduceIndices.shader
 4.7 kb	 0.0% Packages/com.unity.ai.inference/Runtime/Core/Resources/Sentis/PixelShaders/TextureTensorDataDownload.shader
 4.6 kb	 0.0% Packages/com.unity.ai.inference/Runtime/Core/Resources/Sentis/PixelShaders/LayoutSwitchBlockedAxis.shader
 4.5 kb	 0.0% Packages/com.unity.ai.inference/Runtime/Core/Resources/Sentis/PixelShaders/Where.shader
 4.5 kb	 0.0% Packages/com.unity.render-pipelines.core/Runtime/Debugging/Prefabs/Resources/DebugUICanvas.prefab
 4.5 kb	 0.0% Packages/com.unity.ai.inference/Runtime/Core/Resources/Sentis/PixelShaders/TextureTensorDataUpload.shader
 4.5 kb	 0.0% Packages/com.unity.ai.inference/Runtime/Core/Resources/Sentis/PixelShaders/Gemm.shader
 4.4 kb	 0.0% Packages/com.unity.render-pipelines.core/Runtime/Debugging/Prefabs/Widgets/DebugUIUIntField.prefab
 4.4 kb	 0.0% Packages/com.unity.render-pipelines.core/Runtime/Debugging/Prefabs/Widgets/DebugUIIntField.prefab
 4.3 kb	 0.0% Packages/com.unity.ai.inference/Runtime/Core/Resources/Sentis/PixelShaders/BatchNormalization.shader
 4.3 kb	 0.0% Packages/com.unity.ai.inference/Runtime/Core/Resources/Sentis/PixelShaders/Resize1D.shader
 4.3 kb	 0.0% Packages/com.unity.render-pipelines.core/Runtime/Debugging/Prefabs/Widgets/DebugUIVector2.prefab
 4.3 kb	 0.0% Packages/com.unity.ai.inference/Runtime/Core/Resources/Sentis/PixelShaders/MatMul.shader
 4.3 kb	 0.0% Packages/com.unity.ai.inference/Runtime/Core/Resources/Sentis/PixelShaders/ActivationInt.shader
 4.2 kb	 0.0% Packages/com.unity.ai.inference/Runtime/Core/Resources/Sentis/PixelShaders/InstanceNormalizationTail.shader
 4.2 kb	 0.0% Packages/com.unity.ai.inference/Runtime/Core/Resources/Sentis/ComputeShaders/LocalResponseNormalization.compute
 4.2 kb	 0.0% Packages/com.unity.ai.inference/Runtime/Core/Resources/Sentis/PixelShaders/Softmax.shader
 4.2 kb	 0.0% Packages/com.unity.ai.inference/Runtime/Core/Resources/Sentis/PixelShaders/LayerNormalizationTail.shader
 4.2 kb	 0.0% Packages/com.unity.ai.inference/Runtime/Core/Resources/Sentis/PixelShaders/ScaleBias.shader
 4.1 kb	 0.0% Packages/com.unity.ai.inference/Runtime/Core/Resources/Sentis/PixelShaders/GlobalPool.shader
 4.1 kb	 0.0% Packages/com.unity.ai.inference/Runtime/Core/Resources/Sentis/PixelShaders/Trilu.shader
 4.1 kb	 0.0% Packages/com.unity.render-pipelines.core/Runtime/Debugging/Prefabs/Widgets/DebugUIFloatField.prefab
 4.0 kb	 0.0% Packages/com.unity.ai.inference/Runtime/Core/Resources/Sentis/ComputeShaders/ReferenceImpl.compute
 3.9 kb	 0.0% Packages/com.unity.ai.inference/Runtime/Core/Resources/Sentis/PixelShaders/MelWeightMatrix.shader
 3.9 kb	 0.0% Packages/com.unity.ai.inference/Runtime/Core/Resources/Sentis/PixelShaders/OneHot.shader
 3.9 kb	 0.0% Packages/com.unity.ai.inference/Runtime/Core/Resources/Sentis/PixelShaders/RMSNormalizationTail.shader
 3.9 kb	 0.0% Packages/com.unity.ai.inference/Runtime/Core/Resources/Sentis/PixelShaders/Tile.shader
 3.9 kb	 0.0% Packages/com.unity.ai.inference/Runtime/Core/Resources/Sentis/PixelShaders/ReduceExpBias.shader
 3.9 kb	 0.0% Packages/com.unity.ai.inference/Runtime/Core/Resources/Sentis/PixelShaders/Expand.shader
 3.8 kb	 0.0% Packages/com.unity.ai.inference/Runtime/Core/Resources/Sentis/PixelShaders/SpectralWindow.shader
 3.8 kb	 0.0% Packages/com.unity.ai.inference/Runtime/Core/Resources/Sentis/PixelShaders/TopP.shader
 3.8 kb	 0.0% Packages/com.unity.ai.inference/Runtime/Core/Resources/Sentis/PixelShaders/IsInfNaN.shader
 3.8 kb	 0.0% Packages/com.unity.ai.inference/Runtime/Core/Resources/Sentis/PixelShaders/Transpose.shader
 3.7 kb	 0.0% Packages/com.unity.ai.inference/Runtime/Core/Resources/Sentis/PixelShaders/ScalarMad.shader
 3.7 kb	 0.0% Packages/com.unity.ai.inference/Runtime/Core/Resources/Sentis/PixelShaders/Cast.shader
 3.6 kb	 0.0% Packages/com.unity.ai.inference/Runtime/Core/Resources/Sentis/PixelShaders/Copy.shader
 3.6 kb	 0.0% Assets/CrossTheRoad/AssetStore/Meshtint Free Car 02 Mega Toon Series/FBX/MT Car 02.controller
 3.6 kb	 0.0% Packages/com.unity.ai.inference/Runtime/Core/Resources/Sentis/PixelShaders/Hardmax.shader
 3.6 kb	 0.0% Packages/com.unity.ai.inference/Runtime/Core/Resources/Sentis/PixelShaders/Range.shader
 3.4 kb	 0.0% Packages/com.unity.ai.inference/Runtime/Core/Resources/Sentis/PixelShaders/ConstantOfShape.shader
 3.4 kb	 0.0% Assets/CrossTheRoad/AssetStore/Meshtint Free Car 02 Mega Toon Series/FBX/MT Car 02@Idle.FBX
 3.3 kb	 0.0% Assets/CrossTheRoad/TextMesh Pro/Resources/Fonts & Materials/LiberationSans SDF - Fallback.asset
 3.3 kb	 0.0% Assets/Collaboration/TextMesh Pro/Resources/Fonts & Materials/LiberationSans SDF - Fallback.asset
 3.2 kb	 0.0% Assets/CrossTheRoad/TextMesh Pro/Resources/Sprite Assets/EmojiOne.asset
 3.2 kb	 0.0% Assets/Collaboration/TextMesh Pro/Resources/Sprite Assets/EmojiOne.asset
 3.2 kb	 0.0% Assets/Resources/PerformanceTestRunInfo.json
 3.2 kb	 0.0% Packages/com.unity.ai.inference/Runtime/Core/Resources/Sentis/ComputeShaders/ReferenceImpl.Logical.compute
 3.2 kb	 0.0% Packages/com.unity.render-pipelines.core/Runtime/RenderPipelineResources/FallbackShader.shader
 2.8 kb	 0.0% Assets/CrossTheRoad/AssetStore/Meshtint Free Car 02 Mega Toon Series/Textures/Mega Toon Car 02 Emission.psd
 2.8 kb	 0.0% Assets/CrossTheRoad/AssetStore/Meshtint Free Car 02 Mega Toon Series/Textures/Mega Toon Car 02.psd
 2.8 kb	 0.0% Packages/com.unity.render-pipelines.core/Runtime/Debugging/Prefabs/Widgets/DebugUIObjectPopupField.prefab
 2.7 kb	 0.0% Assets/Collaboration/Animation/Door Open.anim
 2.6 kb	 0.0% Packages/com.unity.render-pipelines.core/Runtime/Debugging/Prefabs/Widgets/DebugUIObjectList.prefab
 2.6 kb	 0.0% Packages/com.unity.render-pipelines.core/Runtime/Debugging/Prefabs/Widgets/DebugUIEnumField.prefab
 2.6 kb	 0.0% Assets/CrossTheRoad/AssetStore/Meshtint Free City Lite Pack Mega Toon/FBX/Tree 01.FBX
 2.5 kb	 0.0% Assets/CrossTheRoad/AssetStore/Meshtint Free City Lite Pack Mega Toon/FBX/Grass 01.FBX
 2.4 kb	 0.0% Packages/com.unity.render-pipelines.core/Runtime/Debugging/Prefabs/Widgets/DebugUIFoldout.prefab
 2.4 kb	 0.0% Packages/com.unity.render-pipelines.core/Runtime/Debugging/Prefabs/Widgets/DebugUIRow.prefab
 2.3 kb	 0.0% Assets/Collaboration/TextMesh Pro/Resources/Style Sheets/Default Style Sheet.asset
 2.2 kb	 0.0% Assets/CrossTheRoad/AssetStore/Meshtint Free City Lite Pack Mega Toon/FBX/Pavement 01.FBX
 2.1 kb	 0.0% Assets/CrossTheRoad/TextMesh Pro/Resources/Style Sheets/Default Style Sheet.asset
 1.8 kb	 0.0% Packages/com.unity.render-pipelines.universal/Runtime/Materials/Lit.mat
 1.7 kb	 0.0% Packages/com.unity.render-pipelines.core/Runtime/Debugging/Prefabs/Widgets/DebugUIToggleHistory.prefab
 1.7 kb	 0.0% Packages/com.unity.render-pipelines.core/Runtime/Debugging/Prefabs/Widgets/DebugUIToggle.prefab
 1.6 kb	 0.0% Assets/CrossTheRoad/TextMesh Pro/Resources/Fonts & Materials/LiberationSans SDF - Drop Shadow.mat
 1.6 kb	 0.0% Assets/Collaboration/TextMesh Pro/Resources/Fonts & Materials/LiberationSans SDF - Drop Shadow.mat
 1.6 kb	 0.0% Assets/Collaboration/Materials/Checkpoint.mat
 1.6 kb	 0.0% Assets/CrossTheRoad/TextMesh Pro/Resources/Fonts & Materials/LiberationSans SDF - Outline.mat
 1.6 kb	 0.0% Assets/Collaboration/TextMesh Pro/Resources/Fonts & Materials/LiberationSans SDF - Outline.mat
 1.4 kb	 0.0% Packages/com.unity.render-pipelines.core/Runtime/Debugging/Prefabs/Widgets/DebugUIProgressBar.prefab
 1.4 kb	 0.0% Packages/com.unity.render-pipelines.core/Runtime/Debugging/Prefabs/Widgets/DebugUIGroup.prefab
 1.4 kb	 0.0% Assets/Collaboration/Materials/Ground.mat
 1.4 kb	 0.0% Assets/Collaboration/Materials/Block.mat
 1.4 kb	 0.0% Assets/Collaboration/Materials/Agent.mat
 1.4 kb	 0.0% Assets/Collaboration/Materials/Door.mat
 1.2 kb	 0.0% Packages/com.unity.render-pipelines.core/Runtime/Debugging/Prefabs/Widgets/DebugUIButton.prefab
 1.2 kb	 0.0% Assets/Collaboration/Animation/DoorController.controller
 1.1 kb	 0.0% Packages/com.unity.render-pipelines.core/Runtime/Debugging/Prefabs/Textures/UIFoldoutOpened.png
 1.1 kb	 0.0% Packages/com.unity.render-pipelines.core/Runtime/Debugging/Prefabs/Textures/UIFoldoutClosed.png
 1.1 kb	 0.0% Packages/com.unity.render-pipelines.core/Runtime/Debugging/Prefabs/Textures/UICheckMark.png
 1.1 kb	 0.0% Assets/Football/Sounds/Bounce.wav
 1.0 kb	 0.0% Assets/Football/Materials/HighlightWhite.mat
 1.0 kb	 0.0% Assets/Football/Materials/HighlightBlue.mat
 1.0 kb	 0.0% Assets/Football/Materials/HighlightRed.mat
 1.0 kb	 0.0% Assets/CrossTheRoad/AssetStore/Meshtint Free Chicken Mega Toon Series/Materials/Grass.mat
 0.9 kb	 0.0% Packages/com.unity.render-pipelines.core/Runtime/Debugging/Prefabs/Widgets/DebugUIEnumHistory.prefab
 0.9 kb	 0.0% Assets/Football/Materials/Field.mat
 0.9 kb	 0.0% Assets/CrossTheRoad/AssetStore/Meshtint Free Car 01 Mega Toon Series/Materials/Mega Toon Car 01.mat
 0.9 kb	 0.0% Assets/CrossTheRoad/Materials/Success.mat
 0.9 kb	 0.0% Assets/CrossTheRoad/AssetStore/Gridbox Prototype Materials/Resources/Materials/Prototype Grid/Prototype_512x512_Yellow.mat
 0.9 kb	 0.0% Assets/CrossTheRoad/AssetStore/Gridbox Prototype Materials/Resources/Materials/Prototype Grid/Prototype_512x512_White.mat
 0.9 kb	 0.0% Assets/CrossTheRoad/AssetStore/Gridbox Prototype Materials/Resources/Materials/Prototype Grid/Prototype_512x512_Red.mat
 0.9 kb	 0.0% Assets/CrossTheRoad/AssetStore/Gridbox Prototype Materials/Resources/Materials/Prototype Grid/Prototype_512x512_Purple.mat
 0.9 kb	 0.0% Assets/CrossTheRoad/AssetStore/Gridbox Prototype Materials/Resources/Materials/Prototype Grid/Prototype_512x512_Orange.mat
 0.9 kb	 0.0% Assets/CrossTheRoad/AssetStore/Gridbox Prototype Materials/Resources/Materials/Prototype Grid/Prototype_512x512_Grey4.mat
 0.9 kb	 0.0% Assets/CrossTheRoad/AssetStore/Gridbox Prototype Materials/Resources/Materials/Prototype Grid/Prototype_512x512_Grey3.mat
 0.9 kb	 0.0% Assets/CrossTheRoad/AssetStore/Gridbox Prototype Materials/Resources/Materials/Prototype Grid/Prototype_512x512_Grey2.mat
 0.9 kb	 0.0% Assets/CrossTheRoad/AssetStore/Gridbox Prototype Materials/Resources/Materials/Prototype Grid/Prototype_512x512_Grey1.mat
 0.9 kb	 0.0% Assets/CrossTheRoad/AssetStore/Gridbox Prototype Materials/Resources/Materials/Prototype Grid/Prototype_512x512_Green2.mat
 0.9 kb	 0.0% Assets/CrossTheRoad/AssetStore/Gridbox Prototype Materials/Resources/Materials/Prototype Grid/Prototype_512x512_Green1.mat
 0.9 kb	 0.0% Assets/CrossTheRoad/AssetStore/Gridbox Prototype Materials/Resources/Materials/Prototype Grid/Prototype_512x512_Cyan.mat
 0.9 kb	 0.0% Assets/CrossTheRoad/AssetStore/Gridbox Prototype Materials/Resources/Materials/Prototype Grid/Prototype_512x512_Brown.mat
 0.9 kb	 0.0% Assets/CrossTheRoad/AssetStore/Gridbox Prototype Materials/Resources/Materials/Prototype Grid/Prototype_512x512_Blue3.mat
 0.9 kb	 0.0% Assets/CrossTheRoad/AssetStore/Gridbox Prototype Materials/Resources/Materials/Prototype Grid/Prototype_512x512_Blue2.mat
 0.9 kb	 0.0% Assets/CrossTheRoad/AssetStore/Gridbox Prototype Materials/Resources/Materials/Prototype Grid/Prototype_512x512_Blue1.mat
 0.9 kb	 0.0% Packages/com.unity.render-pipelines.core/Runtime/Debugging/Prefabs/Widgets/DebugUIValuePersistent.prefab
 0.9 kb	 0.0% Packages/com.unity.render-pipelines.core/Runtime/Debugging/Prefabs/Widgets/DebugUIValueTuple.prefab
 0.9 kb	 0.0% Packages/com.unity.render-pipelines.core/Runtime/Debugging/Prefabs/Resources/DebugUIPersistentCanvas.prefab
 0.9 kb	 0.0% Packages/com.unity.render-pipelines.core/Runtime/Debugging/Prefabs/Widgets/DebugUIObject.prefab
 0.9 kb	 0.0% Assets/CrossTheRoad/AssetStore/Meshtint Free City Lite Pack Mega Toon/Materials/Cross Roads.mat
 0.9 kb	 0.0% Packages/com.unity.render-pipelines.core/Runtime/Debugging/Prefabs/Widgets/DebugUIValue.prefab
 0.9 kb	 0.0% Assets/CrossTheRoad/Materials/Failure.mat
 0.9 kb	 0.0% Assets/CrossTheRoad/AssetStore/Meshtint Free Car 02 Mega Toon Series/Materials/Mega Toon Car 02.mat
 0.9 kb	 0.0% Assets/Football/Materials/GoalMarker.mat
 0.9 kb	 0.0% Assets/CrossTheRoad/AssetStore/Gridbox Prototype Materials/Demo/Prototype Materials Demo/Neon Light.mat
 0.9 kb	 0.0% Assets/CrossTheRoad/Materials/Trail.mat
 0.9 kb	 0.0% Packages/com.unity.render-pipelines.core/Runtime/Debugging/Prefabs/Widgets/DebugUIMessageBox.prefab
 0.9 kb	 0.0% Assets/CrossTheRoad/Materials/DefaultCrossRoads.mat
 0.9 kb	 0.0% Assets/Football/Materials/PlayerSkin.mat
 0.9 kb	 0.0% Assets/Football/Materials/PlayerRed.mat
 0.9 kb	 0.0% Assets/Football/Materials/PlayerBlue.mat
 0.9 kb	 0.0% Assets/Football/Materials/PlayerBlack.mat
 0.9 kb	 0.0% Assets/CrossTheRoad/AssetStore/Gridbox Prototype Materials/Demo/Prototype Materials Demo/GI Blocker.mat
 0.9 kb	 0.0% Assets/Football/Materials/Frame.mat
 0.9 kb	 0.0% Assets/CrossTheRoad/AssetStore/Meshtint Free Chicken Mega Toon Series/Materials/Ground.mat
 0.9 kb	 0.0% Assets/Football/Materials/Stop.mat
 0.9 kb	 0.0% Assets/Football/Materials/Rod.mat
 0.9 kb	 0.0% Assets/Football/Materials/Ball.mat
 0.9 kb	 0.0% Assets/CrossTheRoad/Materials/Wall.mat
 0.9 kb	 0.0% Packages/com.unity.render-pipelines.core/Runtime/Debugging/Prefabs/Textures/UIElement8px.png
 0.7 kb	 0.0% Assets/Football/Sounds/KickA.wav
 0.7 kb	 0.0% Assets/CrossTheRoad/AssetStore/Gridbox Prototype Materials/Resources/Materials/Skybox/Skybox Golden.mat
 0.7 kb	 0.0% Assets/CrossTheRoad/AssetStore/Gridbox Prototype Materials/Resources/Materials/Skybox/Skybox Pink.mat
 0.7 kb	 0.0% Assets/CrossTheRoad/AssetStore/Gridbox Prototype Materials/Resources/Materials/Skybox/Skybox Night.mat
 0.7 kb	 0.0% Assets/CrossTheRoad/AssetStore/Gridbox Prototype Materials/Resources/Materials/Skybox/Skybox Grey.mat
 0.7 kb	 0.0% Assets/CrossTheRoad/AssetStore/Gridbox Prototype Materials/Resources/Materials/Skybox/Skybox Green.mat
 0.7 kb	 0.0% Assets/CrossTheRoad/AssetStore/Gridbox Prototype Materials/Resources/Materials/Skybox/Skybox Blue.mat
 0.7 kb	 0.0% Assets/Football/Sounds/KickB.wav
 0.6 kb	 0.0% Assets/CrossTheRoad/AssetStore/Meshtint Free City Lite Pack Mega Toon/FBX/Road 02.FBX
 0.6 kb	 0.0% Assets/CrossTheRoad/AssetStore/Meshtint Free City Lite Pack Mega Toon/FBX/Road 01.FBX
 0.6 kb	 0.0% Assets/CrossTheRoad/AssetStore/Gridbox Prototype Materials/Resources/Materials/Skybox/Homogenous.mat
 0.6 kb	 0.0% Packages/com.unity.render-pipelines.core/Runtime/Debugging/Prefabs/Textures/White1px.png
 0.5 kb	 0.0% Packages/com.unity.render-pipelines.universal/Shaders/Utils/FallbackError.shader
 0.4 kb	 0.0% Packages/com.unity.render-pipelines.core/Runtime/Debugging/Prefabs/Widgets/DebugUIVBox.prefab
 0.4 kb	 0.0% Packages/com.unity.render-pipelines.core/Runtime/Debugging/Prefabs/Widgets/DebugUIHBox.prefab
 0.4 kb	 0.0% Built-in Sprite: 
 0.3 kb	 0.0% Assets/CrossTheRoad/TextMesh Pro/Resources/LineBreaking Following Characters.txt
 0.3 kb	 0.0% Assets/Collaboration/TextMesh Pro/Resources/LineBreaking Following Characters.txt
 0.3 kb	 0.0% Assets/Football/Sounds/AudioMixer.mixer
 0.3 kb	 0.0% Assets/CrossTheRoad/TextMesh Pro/Resources/TMP Settings.asset
 0.3 kb	 0.0% Assets/Collaboration/TextMesh Pro/Resources/TMP Settings.asset
 0.2 kb	 0.0% Packages/com.unity.ai.inference/Runtime/Tokenization/Parsers/HuggingFace/PreTokenizers/CharDelimiterSplitPreTokenizerBuilder.cs
 0.2 kb	 0.0% Packages/com.unity.ai.inference/Runtime/Tokenization/Parsers/HuggingFace/PreTokenizers/WhitespaceSplitPreTokenizerBuilder.cs
 0.2 kb	 0.0% Packages/com.unity.render-pipelines.universal/Runtime/Debug/UniversalRenderPipelineVolumeDebugSettings.deprecated.cs
 0.2 kb	 0.0% Packages/com.unity.ai.inference/Runtime/Tokenization/Parsers/HuggingFace/PostProcessors/ByteLevelPostProcessorBuilder.cs
 0.2 kb	 0.0% Packages/com.unity.ai.inference/Runtime/Tokenization/Parsers/HuggingFace/PreTokenizers/WhitespacePreTokenizerBuilder.cs
 0.2 kb	 0.0% Packages/com.unity.ai.inference/Runtime/Tokenization/Parsers/HuggingFace/PreTokenizers/PunctuationPreTokenizerBuilder.cs
 0.2 kb	 0.0% Packages/com.unity.ai.inference/Runtime/Tokenization/Parsers/HuggingFace/Normalizers/StripAccentsNormalizerBuilder.cs
 0.2 kb	 0.0% Packages/com.unity.ai.inference/Runtime/Tokenization/Parsers/HuggingFace/PostProcessors/TemplatePostProcessorBuilder.cs
 0.2 kb	 0.0% Packages/com.unity.ai.inference/Runtime/Tokenization/Parsers/HuggingFace/PostProcessors/SequencePostProcessorBuilder.cs
 0.2 kb	 0.0% Packages/com.unity.ai.inference/Runtime/Tokenization/Parsers/HuggingFace/PostProcessors/RobertaPostProcessorBuilder.cs
 0.2 kb	 0.0% Packages/com.unity.render-pipelines.universal/Runtime/RenderPipelineResources/UniversalRenderPipelineRuntimeXRResources.cs
 0.2 kb	 0.0% Packages/com.unity.render-pipelines.universal/Runtime/RenderPipelineResources/UniversalRenderPipelineRuntimeTerrainShaders.cs
 0.2 kb	 0.0% Packages/com.unity.render-pipelines.universal/Runtime/Debug/UniversalRenderPipelineVolumeDebugSettings.cs
 0.2 kb	 0.0% Packages/com.unity.render-pipelines.universal/Runtime/Debug/UniversalRenderPipelineDebugDisplaySettings.cs
 0.2 kb	 0.0% Packages/com.unity.ai.inference/Runtime/Tokenization/SplitDelimiterBehaviors/SplitDelimiterMergeWithPrevious.cs
 0.2 kb	 0.0% Packages/com.unity.ai.inference/Runtime/Tokenization/Parsers/HuggingFace/PreTokenizers/SequencePreTokenizerBuilder.cs
 0.2 kb	 0.0% Packages/com.unity.ai.inference/Runtime/Tokenization/Parsers/HuggingFace/PreTokenizers/MetaspacePreTokenizerBuilder.cs
 0.2 kb	 0.0% Packages/com.unity.ai.inference/Runtime/Tokenization/Parsers/HuggingFace/PreTokenizers/DigitsPreTokenizerBuilder.cs
 0.2 kb	 0.0% Packages/com.unity.ai.inference/Runtime/Tokenization/Parsers/HuggingFace/PreTokenizers/ByteLevelPreTokenizerBuilder.cs
 0.2 kb	 0.0% Packages/com.unity.ai.inference/Runtime/Tokenization/Parsers/HuggingFace/Normalizers/SequenceNormalizerBuilder.cs
 0.2 kb	 0.0% Packages/com.unity.ai.inference/Runtime/Tokenization/Parsers/HuggingFace/Normalizers/PrecompiledNormalizerBuilder.cs
 0.2 kb	 0.0% Packages/com.unity.ai.inference/Runtime/Tokenization/Parsers/HuggingFace/Normalizers/LowerCaseNormalizerBuilder.cs
 0.2 kb	 0.0% Packages/com.unity.render-pipelines.core/Runtime/RenderGraph/RenderGraphResourceAccelerationStructure.cs
 0.2 kb	 0.0% Packages/com.unity.ai.inference/Runtime/Tokenization/Parsers/HuggingFace/Padding/BatchLongestPaddingBuilder.cs
 0.2 kb	 0.0% Packages/com.unity.ai.inference/Runtime/Tokenization/Parsers/HuggingFace/Decoders/ByteFallBackDecoderBuilder.cs
 0.2 kb	 0.0% Packages/com.unity.render-pipelines.universal/Runtime/UniversalRenderPipelineGlobalSettings.cs
 0.2 kb	 0.0% Packages/com.unity.render-pipelines.universal/Runtime/RenderPipelineResources/UniversalRenderPipelineRuntimeTextures.cs
 0.2 kb	 0.0% Packages/com.unity.render-pipelines.universal/Runtime/RenderPipelineResources/UniversalRenderPipelineRuntimeShaders.cs
 0.2 kb	 0.0% Packages/com.unity.render-pipelines.universal/Runtime/RenderPipelineResources/UniversalRenderPipelineEditorMaterials.cs
 0.2 kb	 0.0% Packages/com.unity.render-pipelines.universal/Runtime/Debug/UniversalRenderPipelineDebugDisplayStats.cs
 0.2 kb	 0.0% Packages/com.unity.ai.inference/Runtime/Tokenization/SplitDelimiterBehaviors/SplitDelimiterMergeWithNext.cs
 0.2 kb	 0.0% Packages/com.unity.ai.inference/Runtime/Tokenization/Parsers/HuggingFace/PreTokenizers/SplitPreTokenizerBuilder.cs
 0.2 kb	 0.0% Packages/com.unity.ai.inference/Runtime/Tokenization/Parsers/HuggingFace/PreTokenizers/BertPreTokenizerBuilder.cs
 0.2 kb	 0.0% Packages/com.unity.ai.inference/Runtime/Tokenization/Parsers/HuggingFace/Normalizers/StripNormalizerBuilder.cs
 0.2 kb	 0.0% Packages/com.unity.ai.inference/Runtime/Tokenization/Parsers/HuggingFace/Normalizers/ReplaceNormalizerBuilder.cs
 0.2 kb	 0.0% Packages/com.unity.ai.inference/Runtime/Tokenization/Parsers/HuggingFace/Normalizers/PrependNormalizerBuilder.cs
 0.2 kb	 0.0% Packages/com.unity.ai.inference/Runtime/Tokenization/Parsers/HuggingFace/Normalizers/NfkdNormalizerBuilder.cs
 0.2 kb	 0.0% Packages/com.unity.ai.inference/Runtime/Tokenization/Parsers/HuggingFace/Normalizers/NfkcNormalizerBuilder.cs
 0.2 kb	 0.0% Packages/com.unity.ai.inference/Runtime/Tokenization/Parsers/HuggingFace/Normalizers/BertNormalizerBuilder.cs
 0.2 kb	 0.0% Packages/com.unity.render-pipelines.universal/Runtime/2D/Shadows/ShadowProvider/Providers/ShadowShape2DProvider_SpriteRenderer.cs
 0.2 kb	 0.0% Packages/com.unity.render-pipelines.core/Runtime/Stripping/RenderPipelineGraphicsSettingsStripperFetcher.cs
 0.2 kb	 0.0% Packages/com.unity.render-pipelines.core/Runtime/RenderGraph/IRenderGraphEnabledRenderPipeline.cs
 0.2 kb	 0.0% Packages/com.unity.multiplayer.center/Common/IOnboardingSectionAnalyticsProvider.cs
 0.2 kb	 0.0% Packages/com.unity.ai.inference/Runtime/Tokenization/PreTokenizers/ByteLevelPreTokenizer.DefaultSplitter.cs
 0.2 kb	 0.0% Packages/com.unity.ai.inference/Runtime/Tokenization/Parsers/HuggingFace/Models/WordPieceModelBuilder.cs
 0.2 kb	 0.0% Packages/com.unity.ai.inference/Runtime/Tokenization/Parsers/HuggingFace/Models/WordLevelModelBuilder.cs
 0.2 kb	 0.0% Packages/com.unity.ai.inference/Runtime/Tokenization/Parsers/HuggingFace/Decoders/WordPieceDecoderBuilder.cs
 0.2 kb	 0.0% Packages/com.unity.ai.inference/Runtime/Tokenization/Parsers/HuggingFace/Decoders/SequenceDecoderBuilder.cs
 0.2 kb	 0.0% Packages/com.unity.ai.inference/Runtime/Tokenization/Parsers/HuggingFace/Decoders/ReplaceDecoderBuilder.cs
 0.2 kb	 0.0% Packages/com.unity.ai.inference/Runtime/Tokenization/Parsers/HuggingFace/Decoders/MetaspaceDecoderBuilder.cs
 0.2 kb	 0.0% Packages/com.unity.ai.inference/Runtime/Tokenization/Parsers/HuggingFace/Decoders/ByteLevelDecoderBuilder.cs
 0.2 kb	 0.0% Packages/com.unity.render-pipelines.universal/Runtime/RenderPipelineResources/UniversalRenderPipelineEditorShaders.cs
 0.2 kb	 0.0% Packages/com.unity.render-pipelines.universal/Runtime/RenderPipelineResources/UniversalRenderPipelineEditorAssets.cs
 0.2 kb	 0.0% Packages/com.unity.render-pipelines.universal/Runtime/RenderPipelineResources/UniversalRenderPipelineDebugShaders.cs
 0.2 kb	 0.0% Packages/com.unity.render-pipelines.universal/Runtime/Passes/AdditionalLightsShadowCasterPass.cs
 0.2 kb	 0.0% Packages/com.unity.render-pipelines.universal/Runtime/Passes/AdditionalLightsShadowAtlasLayout.cs
 0.2 kb	 0.0% Packages/com.unity.render-pipelines.core/Runtime/Stripping/RenderPipelineGraphicsSettingsStripperReport.cs
 0.2 kb	 0.0% Packages/com.unity.render-pipelines.core/Runtime/RenderGraph/Compiler/NativePassCompiler.Debug.cs
 0.2 kb	 0.0% Packages/com.unity.render-pipelines.core/Runtime/GPUDriven/OcclusionCullingCommonShaderVariables.cs
 0.2 kb	 0.0% Packages/com.unity.render-pipelines.core/Runtime/GPUDriven/InstanceOcclusionCullerShaderVariables.cs
 0.2 kb	 0.0% Packages/com.unity.ai.inference/Runtime/Tokenization/SplitDelimiterBehaviors/SplitDelimiterIsolate.cs
 0.2 kb	 0.0% Packages/com.unity.ai.inference/Runtime/Tokenization/SplitDelimiterBehaviors/SplitDelimiterContiguous.cs
 0.2 kb	 0.0% Packages/com.unity.ai.inference/Runtime/Tokenization/Parsers/HuggingFace/Normalizers/NmtNormalizerBuilder.cs
 0.2 kb	 0.0% Packages/com.unity.ai.inference/Runtime/Tokenization/Parsers/HuggingFace/Normalizers/NfdNormalizerBuilder.cs
 0.2 kb	 0.0% Packages/com.unity.ai.inference/Runtime/Tokenization/Parsers/HuggingFace/Normalizers/NfcNormalizerBuilder.cs
 0.2 kb	 0.0% Packages/com.unity.ai.inference/Runtime/Tokenization/Normalizers/PrecompiledNormalizer.DoubleArray.cs
 0.2 kb	 0.0% Packages/com.unity.visualscripting/Runtime/VisualScripting.Core/Listeners/UI/UnityOnScrollbarValueChangedMessageListener.cs
 0.2 kb	 0.0% Packages/com.unity.visualscripting/Runtime/VisualScripting.Core/Listeners/UI/UnityOnScrollRectValueChangedMessageListener.cs
 0.2 kb	 0.0% Packages/com.unity.visualscripting/Runtime/VisualScripting.Core/Listeners/UI/UnityOnInputFieldValueChangedMessageListener.cs
 0.2 kb	 0.0% Packages/com.unity.visualscripting/Runtime/VisualScripting.Core/Listeners/UI/UnityOnDropdownValueChangedMessageListener.cs
 0.2 kb	 0.0% Packages/com.unity.visualscripting/Runtime/VisualScripting.Core/Listeners/MonoBehaviour/UnityOnTransformChildrenChangedMListener.cs
 0.2 kb	 0.0% Packages/com.unity.visualscripting/Runtime/VisualScripting.Core/Listeners/MonoBehaviour/UnityOnControllerColliderHitMessageListener.cs
 0.2 kb	 0.0% Packages/com.unity.render-pipelines.universal/Runtime/2D/Shadows/ShadowProvider/Providers/ShadowShape2DProvider_Collider.cs
 0.2 kb	 0.0% Packages/com.unity.render-pipelines.universal/Runtime/2D/CinemachineUniversalPixelPerfect.cs
 0.2 kb	 0.0% Packages/com.unity.render-pipelines.core/Runtime/Stripping/RenderPipelineGraphicsSettingsStripper.cs
 0.2 kb	 0.0% Packages/com.unity.render-pipelines.core/Runtime/RenderPipeline/RenderPipelineGraphicsSettingsContainer.cs
 0.2 kb	 0.0% Packages/com.unity.render-pipelines.core/Runtime/RenderGraph/Compiler/NativePassCompiler.cs
 0.2 kb	 0.0% Packages/com.unity.render-pipelines.core/Runtime/RenderGraph/Compiler/CompilerContextData.cs
 0.2 kb	 0.0% Packages/com.unity.render-pipelines.core/Runtime/Common/IVirtualTexturingEnabledRenderPipeline.cs
 0.2 kb	 0.0% Packages/com.unity.ml-agents/Runtime/Grpc/CommunicatorObjects/UnityRlInitializationOutput.cs
 0.2 kb	 0.0% Packages/com.unity.mathematics/Unity.Mathematics/Il2CppEagerStaticClassConstructionAttribute.cs
 0.2 kb	 0.0% Packages/com.unity.ai.inference/Runtime/Tokenization/Truncators/RightDirectionRangeGenerator.cs
 0.2 kb	 0.0% Packages/com.unity.ai.inference/Runtime/Tokenization/Truncators/LeftDirectionRangeGenerator.cs
 0.2 kb	 0.0% Packages/com.unity.ai.inference/Runtime/Tokenization/PreTokenizers/WhitespaceSplitPreTokenizer.cs
 0.2 kb	 0.0% Packages/com.unity.ai.inference/Runtime/Tokenization/Parsers/HuggingFace/Padding/FixedPaddingBuilder.cs
 0.2 kb	 0.0% Packages/com.unity.ai.inference/Runtime/Tokenization/Parsers/HuggingFace/Models/UnigramModelBuilder.cs
 0.2 kb	 0.0% Packages/com.unity.ai.inference/Runtime/Tokenization/Parsers/HuggingFace/HfTruncationAttribute.cs
 0.2 kb	 0.0% Packages/com.unity.ai.inference/Runtime/Tokenization/Parsers/HuggingFace/HfPreTokenizerAttribute.cs
 0.2 kb	 0.0% Packages/com.unity.ai.inference/Runtime/Tokenization/Parsers/HuggingFace/HfPostProcessorAttribute.cs
 0.2 kb	 0.0% Packages/com.unity.ai.inference/Runtime/Tokenization/Parsers/HuggingFace/HfNormalizerAttribute.cs
 0.2 kb	 0.0% Packages/com.unity.ai.inference/Runtime/Tokenization/Parsers/HuggingFace/Decoders/StripDecoderBuilder.cs
 0.2 kb	 0.0% Packages/com.unity.ai.inference/Runtime/Tokenization/Parsers/HuggingFace/Decoders/FuseDecoderBuilder.cs
 0.2 kb	 0.0% Packages/com.unity.ai.inference/Runtime/Tokenization/Parsers/HuggingFace/Decoders/BpeDecoderBuilder.cs
 0.2 kb	 0.0% Packages/com.unity.ai.inference/Runtime/Tokenization/Normalizers/PrecompiledNormalizer.ArrayUnit.cs
 0.2 kb	 0.0% Packages/com.unity.ai.inference/Runtime/Core/Compiler/Passes/PreComputeWindowedDFTMatrixPass.cs
 0.2 kb	 0.0% Packages/com.unity.visualscripting/Runtime/VisualScripting.Core/Listeners/MonoBehaviour/UnityOnTransformParentChangedMListener.cs
 0.2 kb	 0.0% Packages/com.unity.visualscripting/Runtime/VisualScripting.Core/Dependencies/AssemblyQualifiedNameParser/ParsedAssemblyQualifiedName.cs
 0.2 kb	 0.0% Packages/com.unity.render-pipelines.universal/Runtime/VolumeRequiresRendererFeatures.cs
 0.2 kb	 0.0% Packages/com.unity.render-pipelines.universal/Runtime/UniversalAdditionalCameraData.cs
 0.2 kb	 0.0% Packages/com.unity.render-pipelines.universal/Runtime/Settings/URPDefaultVolumeProfileSetting.cs
 0.2 kb	 0.0% Packages/com.unity.render-pipelines.universal/Runtime/RendererFeatures/FullScreenPassRendererFeature.cs
 0.2 kb	 0.0% Packages/com.unity.render-pipelines.universal/Runtime/RendererFeatures/DisallowMultipleRendererFeature.cs
 0.2 kb	 0.0% Packages/com.unity.render-pipelines.universal/Runtime/RenderGraph/RenderGraphGraphicsAutomatedTests.cs
 0.2 kb	 0.0% Packages/com.unity.render-pipelines.universal/Runtime/Passes/ScreenSpaceAmbientOcclusionPass.cs
 0.2 kb	 0.0% Packages/com.unity.render-pipelines.universal/Runtime/Passes/MainLightShadowCasterPass.cs
 0.2 kb	 0.0% Packages/com.unity.render-pipelines.universal/Runtime/Passes/InvokeOnRenderObjectCallbackPass.cs
 0.2 kb	 0.0% Packages/com.unity.render-pipelines.universal/Runtime/Decal/Entities/DecalUpdateCullingGroupSystem.cs
 0.2 kb	 0.0% Packages/com.unity.render-pipelines.universal/Runtime/Debug/DebugDisplaySettingsRendering.cs
 0.2 kb	 0.0% Packages/com.unity.render-pipelines.core/Runtime/UnifiedRayTracing/Hardware/HardwareRayTracingAccelStruct.cs
 0.2 kb	 0.0% Packages/com.unity.render-pipelines.core/Runtime/RenderGraph/RenderGraphUtilsResources.cs
 0.2 kb	 0.0% Packages/com.unity.render-pipelines.core/Runtime/Lighting/ProbeVolume/ProbeReferenceVolume.ReflProbeNormalization.cs
 0.2 kb	 0.0% Packages/com.unity.render-pipelines.core/Runtime/GPUDriven/OcclusionCullingDebugShaderVariables.cs
 0.2 kb	 0.0% Packages/com.unity.ml-agents/Runtime/Grpc/CommunicatorObjects/UnityRlInitializationInput.cs
 0.2 kb	 0.0% Packages/com.unity.ai.inference/Runtime/Tokenization/SplitDelimiterBehaviors/SplitDelimiterRemove.cs
 0.2 kb	 0.0% Packages/com.unity.ai.inference/Runtime/Tokenization/PostProcessors/TemplatePostProcessor.cs
 0.2 kb	 0.0% Packages/com.unity.ai.inference/Runtime/Tokenization/PostProcessors/SequencePostProcessor.cs
 0.2 kb	 0.0% Packages/com.unity.ai.inference/Runtime/Tokenization/PostProcessors/ByteLevelPostProcessor.cs
 0.2 kb	 0.0% Packages/com.unity.ai.assistant/Runtime/Socket/Protocol/Models/FromServer/DiscussionInitializationV1.cs
 0.2 kb	 0.0% Packages/com.unity.ai.assistant/Runtime/Socket/Protocol/Models/FromClient/SequentialAgentDefinitionV1.cs
 0.2 kb	 0.0% Packages/com.unity.ai.assistant/Runtime/Socket/Protocol/Models/FromClient/RevertMessageNotificationV1.cs
 0.2 kb	 0.0% Packages/com.unity.ai.assistant/Runtime/FunctionCalling/Container/ToolInteractionAndPermissionBridge.cs
 0.2 kb	 0.0% Packages/com.unity.visualscripting/Runtime/VisualScripting.Core/Listeners/UI/UnityOnToggleValueChangedMessageListener.cs
 0.2 kb	 0.0% Packages/com.unity.visualscripting/Runtime/VisualScripting.Core/Listeners/UI/UnityOnSliderValueChangedMessageListener.cs
 0.2 kb	 0.0% Packages/com.unity.visualscripting/Runtime/VisualScripting.Core/Listeners/UI/UnityOnInputFieldEndEditMessageListener.cs
 0.2 kb	 0.0% Packages/com.unity.visualscripting/Runtime/VisualScripting.Core/Listeners/MonoBehaviour/UnityOnParticleCollisionMessageListener.cs
 0.2 kb	 0.0% Packages/com.unity.visualscripting/Runtime/VisualScripting.Core/Listeners/MonoBehaviour/UnityOnMouseUpAsButtonMessageListener.cs
 0.2 kb	 0.0% Packages/com.unity.visualscripting/Runtime/VisualScripting.Core/Listeners/MonoBehaviour/UnityOnCollisionStay2DMessageListener.cs
 0.2 kb	 0.0% Packages/com.unity.visualscripting/Runtime/VisualScripting.Core/Listeners/MonoBehaviour/UnityOnCollisionExit2DMessageListener.cs
 0.2 kb	 0.0% Packages/com.unity.visualscripting/Runtime/VisualScripting.Core/Listeners/MonoBehaviour/UnityOnCollisionEnter2DMessageListener.cs
 0.2 kb	 0.0% Packages/com.unity.visualscripting/Runtime/VisualScripting.Core/Listeners/MonoBehaviour/UnityOnBecameInvisibleMessageListener.cs
 0.2 kb	 0.0% Packages/com.unity.render-pipelines.universal/Runtime/UniversalRenderPipelineRenderGraph.cs
 0.2 kb	 0.0% Packages/com.unity.render-pipelines.universal/Runtime/2D/Shadows/ShadowCasterGroup2DManager.cs
 0.2 kb	 0.0% Packages/com.unity.render-pipelines.universal/Runtime/2D/Rendergraph/CopyCameraSortingLayerPass.cs
 0.2 kb	 0.0% Packages/com.unity.render-pipelines.universal/Runtime/2D/RendererFeatures/ScriptableRenderPass2D.cs
 0.2 kb	 0.0% Packages/com.unity.render-pipelines.universal/Runtime/2D/PixelPerfectCameraInternal.cs
 0.2 kb	 0.0% Packages/com.unity.render-pipelines.core/Runtime/Vrs/VrsRenderPipelineRuntimeResources.cs
 0.2 kb	 0.0% Packages/com.unity.render-pipelines.core/Runtime/Settings/RenderingDebuggerRuntimeResources.cs
 0.2 kb	 0.0% Packages/com.unity.render-pipelines.core/Runtime/RenderPipeline/RenderPipelineGlobalSettingsUtils.cs
 0.2 kb	 0.0% Packages/com.unity.render-pipelines.core/Runtime/RenderGraph/RenderGraphResourceRegistry.cs
 0.2 kb	 0.0% Packages/com.unity.render-pipelines.core/Runtime/RenderGraph/RenderGraphDefaultResources.cs
 0.2 kb	 0.0% Packages/com.unity.render-pipelines.core/Runtime/RenderGraph/Compiler/ResourcesData.cs
 0.2 kb	 0.0% Packages/com.unity.render-pipelines.core/Runtime/Lighting/ProbeVolume/ProbeVolumeConstantRuntimeResources.cs
 0.2 kb	 0.0% Packages/com.unity.render-pipelines.core/Runtime/Lighting/ProbeVolume/ProbeVolumeBakingSetWeakReference.cs
 0.2 kb	 0.0% Packages/com.unity.render-pipelines.core/Runtime/Lighting/ProbeVolume/IProbeVolumeEnabledRenderPipeline.cs
 0.2 kb	 0.0% Packages/com.unity.render-pipelines.core/Runtime/Debugging/Prefabs/Scripts/DebugUIHandlerRenderingLayerField.cs
 0.2 kb	 0.0% Packages/com.unity.ai.inference/Runtime/Tokenization/Truncators/Strategies/OnlySecondStrategy.cs
 0.2 kb	 0.0% Packages/com.unity.ai.inference/Runtime/Tokenization/Truncators/Strategies/OnlyFirstStrategy.cs
 0.2 kb	 0.0% Packages/com.unity.ai.inference/Runtime/Tokenization/Truncators/Strategies/LongestFirstStrategy.cs
 0.2 kb	 0.0% Packages/com.unity.ai.inference/Runtime/Tokenization/Truncators/Strategies/ITruncationStrategy.cs
 0.2 kb	 0.0% Packages/com.unity.ai.inference/Runtime/Tokenization/Truncators/LongestFirstTruncator.cs
 0.2 kb	 0.0% Packages/com.unity.ai.inference/Runtime/Tokenization/PreTokenizers/WhitespacePreTokenizer.cs
 0.2 kb	 0.0% Packages/com.unity.ai.inference/Runtime/Tokenization/PreTokenizers/StringSplitPreTokenizer.cs
 0.2 kb	 0.0% Packages/com.unity.ai.inference/Runtime/Tokenization/PreTokenizers/RuneSplitPreTokenizer.cs
 0.2 kb	 0.0% Packages/com.unity.ai.inference/Runtime/Tokenization/PreTokenizers/RegexSplitPreTokenizer.cs
 0.2 kb	 0.0% Packages/com.unity.ai.inference/Runtime/Tokenization/PreTokenizers/PunctuationPreTokenizer.cs
 0.2 kb	 0.0% Packages/com.unity.ai.inference/Runtime/Tokenization/PreTokenizers/MetaspacePreTokenizer.cs
 0.2 kb	 0.0% Packages/com.unity.ai.inference/Runtime/Tokenization/PreTokenizers/CharSplitPreTokenizer.cs
 0.2 kb	 0.0% Packages/com.unity.ai.inference/Runtime/Tokenization/PreTokenizers/ByteLevelPreTokenizer.cs
 0.2 kb	 0.0% Packages/com.unity.ai.inference/Runtime/Tokenization/Parsers/HuggingFace/Models/BpeModelBuilder.cs
 0.2 kb	 0.0% Packages/com.unity.ai.inference/Runtime/Tokenization/Parsers/HuggingFace/IComponentBuilder.cs
 0.2 kb	 0.0% Packages/com.unity.ai.inference/Runtime/Tokenization/Parsers/HuggingFace/HuggingFaceParser.cs
 0.2 kb	 0.0% Packages/com.unity.ai.inference/Runtime/Tokenization/Parsers/HuggingFace/HuggingFaceHelper.cs
 0.2 kb	 0.0% Packages/com.unity.ai.inference/Runtime/Tokenization/Parsers/HuggingFace/HfPaddingAttribute.cs
 0.2 kb	 0.0% Packages/com.unity.ai.inference/Runtime/Tokenization/Parsers/HuggingFace/HfDecoderAttribute.cs
 0.2 kb	 0.0% Packages/com.unity.ai.inference/Runtime/Tokenization/Normalizers/StripAccentsNormalizer.cs
 0.2 kb	 0.0% Packages/com.unity.ai.inference/Runtime/Tokenization/Normalizers/RegexReplaceNormalizer.cs
 0.2 kb	 0.0% Packages/com.unity.ai.inference/Runtime/Core/Compiler/Passes/ContractToSimplerLayerPass.cs
 0.2 kb	 0.0% Packages/com.unity.ai.inference/Runtime/Core/Compiler/Passes/ContractSubExpressionsPass.cs
 0.2 kb	 0.0% Packages/com.unity.ai.inference/Runtime/Core/Compiler/Passes/ConcatenateTransposesPass.cs
 0.2 kb	 0.0% Packages/com.unity.ai.assistant/Runtime/Socket/Communication/OrchestrationStreamStatusHook.cs
 0.2 kb	 0.0% Packages/com.unity.visualscripting/Runtime/VisualScripting.Core/Dependencies/FullSerializer/Converters/Unity/GUIStyleState_DirectConverter.cs
 0.2 kb	 0.0% Packages/com.unity.visualscripting/Runtime/VisualScripting.Core/Dependencies/FullSerializer/Converters/Unity/AnimationCurve_DirectConverter.cs
 0.2 kb	 0.0% Packages/com.unity.render-pipelines.universal/Runtime/UniversalAdditionalLightData.cs
 0.2 kb	 0.0% Packages/com.unity.render-pipelines.universal/Runtime/Tiling/ReflectionProbeMinMaxZJob.cs
 0.2 kb	 0.0% Packages/com.unity.render-pipelines.universal/Runtime/Settings/URPShaderStrippingSetting.cs
 0.2 kb	 0.0% Packages/com.unity.render-pipelines.universal/Runtime/ScriptableRendererFeature.cs
 0.2 kb	 0.0% Packages/com.unity.render-pipelines.universal/Runtime/RendererFeatures/ScreenSpaceAmbientOcclusion.cs
 0.2 kb	 0.0% Packages/com.unity.render-pipelines.universal/Runtime/RendererFeatures/OnTilePostProcessResource.cs
 0.2 kb	 0.0% Packages/com.unity.render-pipelines.universal/Runtime/RenderTargetBufferSystem.cs
 0.2 kb	 0.0% Packages/com.unity.render-pipelines.universal/Runtime/RenderPipelineResources/UniversalRendererResources.cs
 0.2 kb	 0.0% Packages/com.unity.render-pipelines.universal/Runtime/Passes/StencilCrossFadeRenderPass.cs
 0.2 kb	 0.0% Packages/com.unity.render-pipelines.universal/Runtime/Passes/PostProcessPassRenderGraph.cs
 0.2 kb	 0.0% Packages/com.unity.render-pipelines.universal/Runtime/Overrides/ShadowsMidtonesHighlights.cs
 0.2 kb	 0.0% Packages/com.unity.render-pipelines.universal/Runtime/FrameData/UniversalPostProcessingData.cs
 0.2 kb	 0.0% Packages/com.unity.render-pipelines.universal/Runtime/Decal/ScreenSpace/DecalScreenSpaceRenderPass.cs
 0.2 kb	 0.0% Packages/com.unity.render-pipelines.universal/Runtime/Decal/Entities/DecalCreateDrawCallSystem.cs
 0.2 kb	 0.0% Packages/com.unity.render-pipelines.universal/Runtime/Debug/DebugDisplaySettingsMaterial.cs
 0.2 kb	 0.0% Packages/com.unity.render-pipelines.universal/Runtime/Debug/DebugDisplaySettingsLighting.cs
 0.2 kb	 0.0% Packages/com.unity.render-pipelines.universal/Runtime/Debug/DebugDisplaySettingsCommon.cs
 0.2 kb	 0.0% Packages/com.unity.render-pipelines.universal/Runtime/Data/UniversalRenderPipelineAsset.cs
 0.2 kb	 0.0% Packages/com.unity.render-pipelines.core/Runtime/UnifiedRayTracing/UnifiedRayTracingException.cs
 0.2 kb	 0.0% Packages/com.unity.render-pipelines.core/Runtime/UnifiedRayTracing/Hardware/HardwareRayTracingBackend.cs
 0.2 kb	 0.0% Packages/com.unity.render-pipelines.core/Runtime/UnifiedRayTracing/Compute/ComputeRayTracingAccelStruct.cs
 0.2 kb	 0.0% Packages/com.unity.render-pipelines.core/Runtime/RenderGraph/RenderGraphResourceRendererList.cs
 0.2 kb	 0.0% Packages/com.unity.render-pipelines.core/Runtime/RenderGraph/Compiler/PassesData.cs
 0.2 kb	 0.0% Packages/com.unity.render-pipelines.core/Runtime/GPUDriven/OccluderDepthPyramidConstants.cs
 0.2 kb	 0.0% Packages/com.unity.render-pipelines.core/Runtime/GPUDriven/Debug/DebugDisplayGPUResidentDrawer.cs
 0.2 kb	 0.0% Packages/com.unity.ml-agents/Runtime/Grpc/CommunicatorObjects/CustomResetParameters.cs
 0.2 kb	 0.0% Packages/com.unity.collections/Unity.Collections/GenerateTestsForBurstCompatibilityAttribute.cs
 0.2 kb	 0.0% Packages/com.unity.ai.inference/Runtime/Tokenization/SplitDelimiterBehavior.cs
 0.2 kb	 0.0% Packages/com.unity.ai.inference/Runtime/Tokenization/PostProcessors/RobertaPostProcessor.cs
 0.2 kb	 0.0% Packages/com.unity.ai.inference/Runtime/Tokenization/PostProcessors/DefaultPostProcessor.cs
 0.2 kb	 0.0% Packages/com.unity.ai.inference/Runtime/Tokenization/Parsers/NewtonsoftJsonUtility.cs
 0.2 kb	 0.0% Packages/com.unity.ai.inference/Runtime/Tokenization/Padding/FixedPaddingSizeProvider.cs
 0.2 kb	 0.0% Packages/com.unity.ai.inference/Runtime/Tokenization/Padding/DirectionalPaddingBase.cs
 0.2 kb	 0.0% Packages/com.unity.ai.inference/Runtime/Tokenization/Padding/BatchLongestSizeProvider.cs
 0.2 kb	 0.0% Packages/com.unity.ai.assistant/Runtime/Socket/Protocol/Models/ServerMessageJsonConverter.cs
 0.2 kb	 0.0% Packages/com.unity.ai.assistant/Runtime/Socket/Protocol/Models/FromServer/FunctionCallRequestV1.cs
 0.2 kb	 0.0% Packages/com.unity.ai.assistant/Runtime/Socket/Protocol/Models/FromServer/CapabilitiesRequestV1.cs
 0.2 kb	 0.0% Packages/com.unity.ai.assistant/Runtime/Socket/Protocol/Models/FromClient/FunctionCallResponseV1.cs
 0.2 kb	 0.0% Packages/com.unity.ai.assistant/Runtime/Socket/Protocol/Models/FromClient/CapabilitiesResponseV1.cs
 0.2 kb	 0.0% Packages/com.unity.ai.assistant/Runtime/Socket/Protocol/Models/FromClient/BaseAgentDefinitionV1.cs
 0.2 kb	 0.0% Packages/com.unity.ai.assistant/Runtime/FunctionCalling/Functions/Local/LocalAssistantFunctionJsonUtils.cs
 0.2 kb	 0.0% Packages/com.unity.ai.assistant/Runtime/FunctionCalling/FunctionCallRendererAttribute.cs
 0.2 kb	 0.0% Packages/com.unity.visualscripting/Runtime/VisualScripting.Core/SerializedProperties/SerializedPropertyProviderAttribute.cs
 0.2 kb	 0.0% Packages/com.unity.visualscripting/Runtime/VisualScripting.Core/Listeners/UIInterfaces/UnityOnPointerExitMessageListener.cs
 0.2 kb	 0.0% Packages/com.unity.visualscripting/Runtime/VisualScripting.Core/Listeners/UIInterfaces/UnityOnPointerEnterMessageListener.cs
 0.2 kb	 0.0% Packages/com.unity.visualscripting/Runtime/VisualScripting.Core/Listeners/UIInterfaces/UnityOnPointerDownMessageListener.cs
 0.2 kb	 0.0% Packages/com.unity.visualscripting/Runtime/VisualScripting.Core/Listeners/UIInterfaces/UnityOnPointerClickMessageListener.cs
 0.2 kb	 0.0% Packages/com.unity.visualscripting/Runtime/VisualScripting.Core/Listeners/UI/UnityOnButtonClickMessageListener.cs
 0.2 kb	 0.0% Packages/com.unity.visualscripting/Runtime/VisualScripting.Core/Listeners/MonoBehaviour/UnityOnTriggerEnterMessageListener.cs
 0.2 kb	 0.0% Packages/com.unity.visualscripting/Runtime/VisualScripting.Core/Listeners/MonoBehaviour/UnityOnJointBreak2DMessageListener.cs
 0.2 kb	 0.0% Packages/com.unity.visualscripting/Runtime/VisualScripting.Core/Listeners/MonoBehaviour/UnityOnCollisionStayMessageListener.cs
 0.2 kb	 0.0% Packages/com.unity.visualscripting/Runtime/VisualScripting.Core/Listeners/MonoBehaviour/UnityOnCollisionExitMessageListener.cs
 0.2 kb	 0.0% Packages/com.unity.visualscripting/Runtime/VisualScripting.Core/Listeners/MonoBehaviour/UnityOnCollisionEnterMessageListener.cs
 0.2 kb	 0.0% Packages/com.unity.visualscripting/Runtime/VisualScripting.Core/Listeners/MonoBehaviour/UnityOnBecameVisibleMessageListener.cs
 0.2 kb	 0.0% Packages/com.unity.visualscripting/Runtime/VisualScripting.Core/EditorBinding/Inspector/InspectorActionDirectionAttribute.cs
 0.2 kb	 0.0% Packages/com.unity.visualscripting/Runtime/VisualScripting.Core/EditorBinding/Inspector/InspectViaImplementationsAttribute.cs
 0.2 kb	 0.0% Packages/com.unity.visualscripting/Runtime/VisualScripting.Core/Dependencies/FullSerializer/Internal/fsCyclicReferenceManager.cs
 0.2 kb	 0.0% Packages/com.unity.visualscripting/Runtime/VisualScripting.Core/Dependencies/FullSerializer/Converters/Unity/UnityEvent_Converter.cs
 0.2 kb	 0.0% Packages/com.unity.render-pipelines.universal/Runtime/UniversalRenderPipelineCore.cs
 0.2 kb	 0.0% Packages/com.unity.render-pipelines.universal/Runtime/FrameData/UniversalResourceBase.cs
 0.2 kb	 0.0% Packages/com.unity.render-pipelines.universal/Runtime/2D/URP2D_GraphicsExtensions.cs
 0.2 kb	 0.0% Packages/com.unity.render-pipelines.universal/Runtime/2D/Shadows/ShadowProvider/ShadowShape2DProvider.cs
 0.2 kb	 0.0% Packages/com.unity.render-pipelines.universal/Runtime/2D/Shadows/CompositeShadowCaster2D.cs
 0.2 kb	 0.0% Packages/com.unity.render-pipelines.core/Runtime/Utilities/CoreRenderPipelinePreferences.cs
 0.2 kb	 0.0% Packages/com.unity.render-pipelines.core/Runtime/Settings/IDefaultVolumeProfileSettings.cs
 0.2 kb	 0.0% Packages/com.unity.render-pipelines.core/Runtime/RenderGraph/RenderGraphResourcePool.cs
 0.2 kb	 0.0% Packages/com.unity.render-pipelines.core/Runtime/RenderGraph/RenderGraphObjectPool.cs
 0.2 kb	 0.0% Packages/com.unity.render-pipelines.core/Runtime/RenderGraph/Debug/RenderGraphDebugSession.cs
 0.2 kb	 0.0% Packages/com.unity.render-pipelines.core/Runtime/RenderGraph/Debug/RenderGraphDebugParams.cs
 0.2 kb	 0.0% Packages/com.unity.render-pipelines.core/Runtime/RenderGraph/Debug/RenderGraph.DebugDataSerialization.cs
 0.2 kb	 0.0% Packages/com.unity.render-pipelines.core/Runtime/RenderGraph/Debug/DebugDisplaySettingsRenderGraph.cs
 0.2 kb	 0.0% Packages/com.unity.render-pipelines.core/Runtime/Lighting/ProbeVolume/ProbeVolumeBakingProcessSettings.cs
 0.2 kb	 0.0% Packages/com.unity.render-pipelines.core/Runtime/Debugging/Prefabs/Scripts/DebugUIHandlerPersistentCanvas.cs
 0.2 kb	 0.0% Packages/com.unity.render-pipelines.core/Runtime/Debugging/Prefabs/Scripts/DebugUIHandlerObjectPopupField.cs
 0.2 kb	 0.0% Packages/com.unity.render-pipelines.core/Runtime/Debugging/Prefabs/Scripts/DebugUIHandlerIndirectFloatField.cs
 0.2 kb	 0.0% Packages/com.unity.render-pipelines.core/Runtime/Debugging/DebugDisplaySettingsHDROutput.cs
 0.2 kb	 0.0% Packages/com.unity.render-pipelines.core/Runtime/Common/GlobalDynamicResolutionSettings.cs
 0.2 kb	 0.0% Packages/com.unity.ml-agents/Runtime/Grpc/CommunicatorObjects/EngineConfiguration.cs
 0.2 kb	 0.0% Packages/com.unity.ml-agents/Runtime/Grpc/CommunicatorObjects/AgentInfoActionPair.cs
 0.2 kb	 0.0% Packages/com.unity.ai.inference/Runtime/Tokenization/Truncators/StrategicTruncator.cs
 0.2 kb	 0.0% Packages/com.unity.ai.inference/Runtime/Tokenization/Truncators/RangeGeneratorBase.cs
 0.2 kb	 0.0% Packages/com.unity.ai.inference/Runtime/Tokenization/PreTokenizers/SequencePreTokenizer.cs
 0.2 kb	 0.0% Packages/com.unity.ai.inference/Runtime/Tokenization/PreTokenizers/DigitsPreTokenizer.cs
 0.2 kb	 0.0% Packages/com.unity.ai.inference/Runtime/Tokenization/PreTokenizers/DefaultPreTokenizer.cs
 0.2 kb	 0.0% Packages/com.unity.ai.inference/Runtime/Tokenization/Parsers/HuggingFace/HfModelAttribute.cs
 0.2 kb	 0.0% Packages/com.unity.ai.inference/Runtime/Tokenization/Normalizers/UnicodeNormalizer.cs
 0.2 kb	 0.0% Packages/com.unity.ai.inference/Runtime/Tokenization/Normalizers/SequenceNormalizer.cs
 0.2 kb	 0.0% Packages/com.unity.ai.inference/Runtime/Tokenization/Normalizers/ReplaceNormalizer.cs
 0.2 kb	 0.0% Packages/com.unity.ai.inference/Runtime/Tokenization/Normalizers/PrependNormalizer.cs
 0.2 kb	 0.0% Packages/com.unity.ai.inference/Runtime/Tokenization/Normalizers/DefaultNormalizer.cs
 0.2 kb	 0.0% Packages/com.unity.ai.inference/Runtime/Tokenization/Mappers/UnigramMapper.BestPathNode.cs
 0.2 kb	 0.0% Packages/com.unity.ai.inference/Runtime/Tokenization/Mappers/BpeMapper.CharToTokenConverter.cs
 0.2 kb	 0.0% Packages/com.unity.ai.inference/Runtime/Tokenization/Mappers/BpeMapper.ByteToTokenConverter.cs
 0.2 kb	 0.0% Packages/com.unity.ai.inference/Runtime/Core/Compiler/Passes/SimplifyReshapeInputPass.cs
 0.2 kb	 0.0% Packages/com.unity.ai.inference/Runtime/Core/Compiler/Passes/RoundDenormalWeightsPass.cs
 0.2 kb	 0.0% Assets/com.unity.inputsystem@ea5ab5b33a26/InputSystem/Editor/UITKAssetEditor/Views/CompositePartBindingPropertiesView.cs
 0.2 kb	 0.0% Assets/com.unity.inputsystem@ea5ab5b33a26/InputSystem/Editor/UITKAssetEditor/Views/CollectionViewSelectionChangeFilter.cs
 0.2 kb	 0.0% Assets/com.unity.inputsystem@ea5ab5b33a26/InputSystem/Editor/UITKAssetEditor/InputActionsEditorSettingsProvider.cs
 0.2 kb	 0.0% Assets/com.unity.inputsystem@ea5ab5b33a26/InputSystem/Editor/PropertyDrawers/InputActionReferenceSearchProviders.cs
 0.2 kb	 0.0% Assets/com.unity.inputsystem@ea5ab5b33a26/InputSystem/Editor/PropertyDrawers/InputActionReferencePropertyDrawer.cs
 0.2 kb	 0.0% Assets/com.unity.inputsystem@ea5ab5b33a26/InputSystem/Editor/Analytics/InputActionsEditorSessionAnalytic.cs
 0.2 kb	 0.0% Assets/com.unity.inputsystem@ea5ab5b33a26/InputSystem/Devices/Commands/QueryEditorWindowCoordinatesCommand.cs
 0.2 kb	 0.0% Assets/com.unity.inputsystem@ea5ab5b33a26/InputSystem/Devices/Commands/InitiateUserAccountPairingCommand.cs
 0.2 kb	 0.0% Packages/com.unity.visualscripting/Runtime/VisualScripting.Core/Listeners/MonoBehaviour/UnityOnTriggerStay2DMListener.cs
 0.2 kb	 0.0% Packages/com.unity.visualscripting/Runtime/VisualScripting.Core/Listeners/MonoBehaviour/UnityOnTriggerExit2DMListener.cs
 0.2 kb	 0.0% Packages/com.unity.visualscripting/Runtime/VisualScripting.Core/Listeners/MonoBehaviour/UnityOnTriggerEnter2DMListener.cs
 0.2 kb	 0.0% Packages/com.unity.visualscripting/Runtime/VisualScripting.Core/Dependencies/FullSerializer/fsISerializationCallbacks.cs
 0.2 kb	 0.0% Packages/com.unity.visualscripting/Runtime/VisualScripting.Core/Dependencies/FullSerializer/Converters/Unity/RectOffset_DirectConverter.cs
 0.2 kb	 0.0% Packages/com.unity.visualscripting/Runtime/VisualScripting.Core/Dependencies/FullSerializer/Converters/Unity/LayerMask_DirectConverter.cs
 0.2 kb	 0.0% Packages/com.unity.render-pipelines.universal/Runtime/UniversalRendererRenderGraph.cs
 0.2 kb	 0.0% Packages/com.unity.render-pipelines.universal/Runtime/UniversalRendererData.cs
 0.2 kb	 0.0% Packages/com.unity.render-pipelines.universal/Runtime/UniversalRenderPipeline.cs
 0.2 kb	 0.0% Packages/com.unity.render-pipelines.universal/Runtime/UniversalCameraHistory.cs
 0.2 kb	 0.0% Packages/com.unity.render-pipelines.universal/Runtime/Tiling/TileRangeExpansionJob.cs
 0.2 kb	 0.0% Packages/com.unity.render-pipelines.universal/Runtime/SupportedOnRenderer.cs
 0.2 kb	 0.0% Packages/com.unity.render-pipelines.universal/Runtime/Settings/URPTerrainShaderSetting.cs
 0.2 kb	 0.0% Packages/com.unity.render-pipelines.universal/Runtime/Settings/URPReflectionProbeSettings.cs
 0.2 kb	 0.0% Packages/com.unity.render-pipelines.universal/Runtime/ScriptableRendererData.cs
 0.2 kb	 0.0% Packages/com.unity.render-pipelines.universal/Runtime/RendererFeatures/FullScreenPassRendererFeature_OldGUID.cs
 0.2 kb	 0.0% Packages/com.unity.render-pipelines.universal/Runtime/ReflectionProbeManager.cs
 0.2 kb	 0.0% Packages/com.unity.render-pipelines.universal/Runtime/Passes/TransparentSettingsPass.cs
 0.2 kb	 0.0% Packages/com.unity.render-pipelines.universal/Runtime/Passes/MotionVectorRenderPass.cs
 0.2 kb	 0.0% Packages/com.unity.render-pipelines.universal/Runtime/Passes/DrawScreenSpaceUIPass.cs
 0.2 kb	 0.0% Packages/com.unity.render-pipelines.universal/Runtime/Passes/DepthNormalOnlyPass.cs
 0.2 kb	 0.0% Packages/com.unity.render-pipelines.universal/Runtime/Passes/ColorGradingLutPass.cs
 0.2 kb	 0.0% Packages/com.unity.render-pipelines.universal/Runtime/NormalReconstruction.cs
 0.2 kb	 0.0% Packages/com.unity.render-pipelines.universal/Runtime/FrameData/UniversalResourceData.cs
 0.2 kb	 0.0% Packages/com.unity.render-pipelines.universal/Runtime/FrameData/UniversalRenderingData.cs
 0.2 kb	 0.0% Packages/com.unity.render-pipelines.universal/Runtime/FrameData/Universal2DResourceData.cs
 0.2 kb	 0.0% Packages/com.unity.render-pipelines.universal/Runtime/Decal/ScreenSpace/DecalGBufferRenderPass.cs
 0.2 kb	 0.0% Packages/com.unity.render-pipelines.universal/Runtime/Decal/Entities/DecalUpdateCulledSystem.cs
 0.2 kb	 0.0% Packages/com.unity.render-pipelines.universal/Runtime/Decal/Entities/DecalUpdateCachedSystem.cs
 0.2 kb	 0.0% Packages/com.unity.render-pipelines.universal/Runtime/Decal/Entities/DecalSkipCulledSystem.cs
 0.2 kb	 0.0% Packages/com.unity.render-pipelines.universal/Runtime/Decal/DBuffer/DecalForwardEmissivePass.cs
 0.2 kb	 0.0% Packages/com.unity.render-pipelines.core/Runtime/XR/XRBuiltinShaderConstants.cs
 0.2 kb	 0.0% Packages/com.unity.render-pipelines.core/Runtime/UnifiedRayTracing/IRayTracingAccelStruct.cs
 0.2 kb	 0.0% Packages/com.unity.render-pipelines.core/Runtime/UnifiedRayTracing/Hardware/HardwareRayTracingShader.cs
 0.2 kb	 0.0% Packages/com.unity.render-pipelines.core/Runtime/UnifiedRayTracing/Compute/ComputeRayTracingShader.cs
 0.2 kb	 0.0% Packages/com.unity.render-pipelines.core/Runtime/UnifiedRayTracing/Compute/ComputeRayTracingBackend.cs
 0.2 kb	 0.0% Packages/com.unity.render-pipelines.core/Runtime/Settings/IDefaultVolumeProfileResource.cs
 0.2 kb	 0.0% Packages/com.unity.render-pipelines.core/Runtime/RenderGraph/RenderGraphResourceTexture.cs
 0.2 kb	 0.0% Packages/com.unity.render-pipelines.core/Runtime/RenderGraph/RenderGraph.ExceptionMessages.cs
 0.2 kb	 0.0% Packages/com.unity.render-pipelines.core/Runtime/RenderGraph/IRenderGraphBuilder.cs
 0.2 kb	 0.0% Packages/com.unity.render-pipelines.core/Runtime/GPUDriven/InstanceCullingBatcherBurst.cs
 0.2 kb	 0.0% Packages/com.unity.render-pipelines.core/Runtime/GPUDriven/IGPUResidentRenderPipeline.cs
 0.2 kb	 0.0% Packages/com.unity.render-pipelines.core/Runtime/GPUDriven/GPUResidentDrawerResources.cs
 0.2 kb	 0.0% Packages/com.unity.render-pipelines.core/Runtime/GPUDriven/Components/DisallowGPUDrivenRendering.cs
 0.2 kb	 0.0% Packages/com.unity.render-pipelines.core/Runtime-PrivateShared/AssemblyInfo.cs
 0.2 kb	 0.0% Packages/com.unity.ml-agents/Runtime/Grpc/CommunicatorObjects/TrainingAnalytics.cs
 0.2 kb	 0.0% Packages/com.unity.ml-agents/Runtime/Grpc/CommunicatorObjects/DemonstrationMeta.cs
 0.2 kb	 0.0% Packages/com.unity.ai.inference/Runtime/Tokenization/UtfCharToByteConverter.cs
 0.2 kb	 0.0% Packages/com.unity.ai.inference/Runtime/Tokenization/Tokenizer.PostProcessOutput.cs
 0.2 kb	 0.0% Packages/com.unity.ai.inference/Runtime/Tokenization/SubStringToByteConverter.cs
 0.2 kb	 0.0% Packages/com.unity.ai.inference/Runtime/Tokenization/PostProcessors/Templating/SpecialToken.cs
 0.2 kb	 0.0% Packages/com.unity.ai.inference/Runtime/Tokenization/PostProcessors/IPostProcessor.cs
 0.2 kb	 0.0% Packages/com.unity.ai.inference/Runtime/Tokenization/Padding/IPaddingSizeProvider.cs
 0.2 kb	 0.0% Packages/com.unity.ai.inference/Runtime/Tokenization/Normalizers/Precompiled.cs
 0.2 kb	 0.0% Packages/com.unity.ai.inference/Runtime/Tokenization/Mappers/UnigramVocabEntry.cs
 0.2 kb	 0.0% Packages/com.unity.ai.inference/Runtime/Tokenization/Mappers/UnigramMapper.PrefixTrie.cs
 0.2 kb	 0.0% Packages/com.unity.ai.inference/Runtime/Tokenization/Mappers/UnigramMapper.ByteString.cs
 0.2 kb	 0.0% Packages/com.unity.ai.inference/Runtime/Tokenization/Mappers/BpeMapperConfiguration.cs
 0.2 kb	 0.0% Packages/com.unity.ai.inference/Runtime/Tokenization/Mappers/BpeMapper.InternalTokenizer.cs
 0.2 kb	 0.0% Packages/com.unity.ai.inference/Runtime/Tokenization/ISplitDelimiterBehavior.cs
 0.2 kb	 0.0% Packages/com.unity.ai.inference/Runtime/Tokenization/Decoders/RegexReplaceDecoder.cs
 0.2 kb	 0.0% Packages/com.unity.ai.inference/Runtime/Tokenization/Decoders/ByteFallBackDecoder.cs
 0.2 kb	 0.0% Packages/com.unity.ai.assistant/Runtime/Socket/Utilities/OrchestrationDataUtilities.cs
 0.2 kb	 0.0% Packages/com.unity.ai.assistant/Runtime/Socket/Protocol/REST/Model/ConversationTitleResponseV1.cs
 0.2 kb	 0.0% Packages/com.unity.ai.assistant/Runtime/Socket/Protocol/REST/Model/ContributionRequestInternal.cs
 0.2 kb	 0.0% Packages/com.unity.ai.assistant/Runtime/Socket/Protocol/REST/Model/AttachedContextMetadataV1.cs
 0.2 kb	 0.0% Packages/com.unity.ai.assistant/Runtime/Socket/Protocol/REST/Client/UnexpectedResponseException.cs
 0.2 kb	 0.0% Packages/com.unity.ai.assistant/Runtime/Socket/Protocol/Models/FromServer/ServerDisconnectV1.cs
 0.2 kb	 0.0% Packages/com.unity.ai.assistant/Runtime/Socket/Protocol/Models/FromServer/ChatAcknowledgmentV1.cs
 0.2 kb	 0.0% Packages/com.unity.ai.assistant/Runtime/Socket/Protocol/Models/FromClient/ModelConfiguration.cs
 0.2 kb	 0.0% Packages/com.unity.ai.assistant/Runtime/Socket/Protocol/Models/FromClient/LlmAgentDefinitionV1.cs
 0.2 kb	 0.0% Packages/com.unity.ai.assistant/Runtime/Socket/Protocol/Models/FromClient/ClientDisconnectV1.cs
 0.2 kb	 0.0% Packages/com.unity.ai.assistant/Runtime/Socket/Protocol/Models/FromClient/CancelChatRequestV1.cs
 0.2 kb	 0.0% Packages/com.unity.ai.assistant/Runtime/FunctionCalling/Permissions/IPermissionsPolicyProvider.cs
 0.2 kb	 0.0% Packages/com.unity.ai.assistant/Runtime/FunctionCalling/DefaultFunctionCallRenderer.cs
 0.2 kb	 0.0% Packages/com.unity.ai.assistant/Runtime/FunctionCalling/Context/ToolExecutionContextFactory.cs
 0.2 kb	 0.0% Packages/com.unity.ai.assistant/Runtime/FunctionCalling/Attributes/AgentToolSettingsAttribute.cs
 0.2 kb	 0.0% Packages/com.unity.ai.assistant/Runtime/FunctionCalling/AttributeBasedFunctionSource.cs
 0.2 kb	 0.0% Packages/com.unity.ai.assistant/Runtime/FunctionCalling/AIAssistantFunctionCaller.cs
 0.2 kb	 0.0% Packages/com.unity.ai.assistant/Runtime/ApplicationModels/SelectedContextMetadataItems.cs
 0.2 kb	 0.0% Assets/com.unity.inputsystem@ea5ab5b33a26/InputSystem/Plugins/UI/StandaloneInputModuleEditor.cs
 0.2 kb	 0.0% Assets/com.unity.inputsystem@ea5ab5b33a26/InputSystem/Plugins/UI/InputSystemUIInputModuleEditor.cs
 0.1 kb	 0.0% Packages/com.unity.visualscripting/Runtime/VisualScripting.Flow/Ports/MissingValuePortInputException.cs
 0.1 kb	 0.0% Packages/com.unity.visualscripting/Runtime/VisualScripting.Flow/EditorBinding/UnitHeaderInspectableAttribute.cs
 0.1 kb	 0.0% Packages/com.unity.visualscripting/Runtime/VisualScripting.Flow/Dependencies/NCalc/LogicalExpressionVisitor.cs
 0.1 kb	 0.0% Packages/com.unity.visualscripting/Runtime/VisualScripting.Core/Variables/VariableDeclarationCollection.cs
 0.1 kb	 0.0% Packages/com.unity.visualscripting/Runtime/VisualScripting.Core/Variables/InspectorVariableNameAttribute.cs
 0.1 kb	 0.0% Packages/com.unity.visualscripting/Runtime/VisualScripting.Core/Serialization/SerializationVersionAttribute.cs
 0.1 kb	 0.0% Packages/com.unity.visualscripting/Runtime/VisualScripting.Core/Listeners/UIInterfaces/UnityOnPointerUpMessageListener.cs
 0.1 kb	 0.0% Packages/com.unity.visualscripting/Runtime/VisualScripting.Core/Listeners/UIInterfaces/UnityOnEndDragMessageListener.cs
 0.1 kb	 0.0% Packages/com.unity.visualscripting/Runtime/VisualScripting.Core/Listeners/UIInterfaces/UnityOnDeselectMessageListener.cs
 0.1 kb	 0.0% Packages/com.unity.visualscripting/Runtime/VisualScripting.Core/Listeners/UIInterfaces/UnityOnBeginDragMessageListener.cs
 0.1 kb	 0.0% Packages/com.unity.visualscripting/Runtime/VisualScripting.Core/Listeners/MonoBehaviour/UnityOnTriggerStayMListener.cs
 0.1 kb	 0.0% Packages/com.unity.visualscripting/Runtime/VisualScripting.Core/Listeners/MonoBehaviour/UnityOnTriggerExitMListener.cs
 0.1 kb	 0.0% Packages/com.unity.visualscripting/Runtime/VisualScripting.Core/Listeners/MonoBehaviour/UnityOnMouseUpMessageListener.cs
 0.1 kb	 0.0% Packages/com.unity.visualscripting/Runtime/VisualScripting.Core/Listeners/MonoBehaviour/UnityOnMouseOverMessageListener.cs
 0.1 kb	 0.0% Packages/com.unity.visualscripting/Runtime/VisualScripting.Core/Listeners/MonoBehaviour/UnityOnMouseExitMessageListener.cs
 0.1 kb	 0.0% Packages/com.unity.visualscripting/Runtime/VisualScripting.Core/Listeners/MonoBehaviour/UnityOnMouseEnterMessageListener.cs
 0.1 kb	 0.0% Packages/com.unity.visualscripting/Runtime/VisualScripting.Core/Listeners/MonoBehaviour/UnityOnMouseDragMessageListener.cs
 0.1 kb	 0.0% Packages/com.unity.visualscripting/Runtime/VisualScripting.Core/Listeners/MonoBehaviour/UnityOnMouseDownMessageListener.cs
 0.1 kb	 0.0% Packages/com.unity.visualscripting/Runtime/VisualScripting.Core/Listeners/MonoBehaviour/UnityOnJointBreakMessageListener.cs
 0.1 kb	 0.0% Packages/com.unity.visualscripting/Runtime/VisualScripting.Core/Exceptions/InvalidImplementationException.cs
 0.1 kb	 0.0% Packages/com.unity.visualscripting/Runtime/VisualScripting.Core/EditorBinding/Inspector/InspectorExpandTooltipAttribute.cs
 0.1 kb	 0.0% Packages/com.unity.visualscripting/Runtime/VisualScripting.Core/EditorBinding/Inspector/InspectorAdaptiveWidthAttribute.cs
 0.1 kb	 0.0% Packages/com.unity.visualscripting/Runtime/VisualScripting.Core/Dependencies/FullSerializer/Internal/fsPortableReflection.cs
 0.1 kb	 0.0% Packages/com.unity.visualscripting/Runtime/VisualScripting.Core/Attributes/VisualScriptingHelpURLAttribute.cs
 0.1 kb	 0.0% Packages/com.unity.render-pipelines.universal/Runtime/UniversalRendererDebug.cs
 0.1 kb	 0.0% Packages/com.unity.render-pipelines.universal/Runtime/MotionVectors.cs
 0.1 kb	 0.0% Packages/com.unity.render-pipelines.universal/Runtime/Decal/DecalDrawErrorRenderPass.cs
 0.1 kb	 0.0% Packages/com.unity.render-pipelines.universal/Runtime/2D/Shadows/ShadowProvider/ShapeProviderUtility.cs
 0.1 kb	 0.0% Packages/com.unity.render-pipelines.universal/Runtime/2D/Shadows/ShadowCasterGroup2D.cs
 0.1 kb	 0.0% Packages/com.unity.render-pipelines.universal/Runtime/2D/Rendergraph/GlobalPropertiesPass.cs
 0.1 kb	 0.0% Packages/com.unity.render-pipelines.universal/Runtime/2D/Rendergraph/DrawRenderer2DPass.cs
 0.1 kb	 0.0% Packages/com.unity.render-pipelines.universal/Runtime/2D/PixelPerfectCamera.cs
 0.1 kb	 0.0% Packages/com.unity.render-pipelines.universal/Runtime/2D/Passes/Utility/Light2DLookupTexture.cs
 0.1 kb	 0.0% Packages/com.unity.render-pipelines.universal/Runtime/2D/Light2DCullResult.cs
 0.1 kb	 0.0% Packages/com.unity.render-pipelines.universal/Runtime/2D/Light2DBlendStyle.cs
 0.1 kb	 0.0% Packages/com.unity.render-pipelines.core/Runtime/Utilities/BatchRendererGroupGlobals.cs
 0.1 kb	 0.0% Packages/com.unity.render-pipelines.core/Runtime/Settings/IncludeRenderPipelineAsset.cs
 0.1 kb	 0.0% Packages/com.unity.render-pipelines.core/Runtime/STP/ISTPEnabledRenderPipeline.cs
 0.1 kb	 0.0% Packages/com.unity.render-pipelines.core/Runtime/RenderGraph/RenderGraphUtilsBlit.cs
 0.1 kb	 0.0% Packages/com.unity.render-pipelines.core/Runtime/RenderGraph/RenderGraphResourceBuffer.cs
 0.1 kb	 0.0% Packages/com.unity.render-pipelines.core/Runtime/RenderGraph/RenderGraphGlobalSettings.cs
 0.1 kb	 0.0% Packages/com.unity.render-pipelines.core/Runtime/RenderGraph/RenderGraphBuilders.cs
 0.1 kb	 0.0% Packages/com.unity.render-pipelines.core/Runtime/RenderGraph/RenderGraphBuilder.cs
 0.1 kb	 0.0% Packages/com.unity.render-pipelines.core/Runtime/RenderGraph/IRenderGraphRecorder.cs
 0.1 kb	 0.0% Packages/com.unity.render-pipelines.core/Runtime/RenderGraph/Debug/RenderGraphLogger.cs
 0.1 kb	 0.0% Packages/com.unity.render-pipelines.core/Runtime/RenderGraph/Debug/DebugMessageHandler.cs
 0.1 kb	 0.0% Packages/com.unity.render-pipelines.core/Runtime/Lighting/ProbeVolume/ShaderVariablesProbeVolumes.cs
 0.1 kb	 0.0% Packages/com.unity.render-pipelines.core/Runtime/Lighting/ProbeVolume/ProbeVolumeStreamableAsset.cs
 0.1 kb	 0.0% Packages/com.unity.render-pipelines.core/Runtime/Lighting/ProbeVolume/ProbeVolumeScratchBufferPool.cs
 0.1 kb	 0.0% Packages/com.unity.render-pipelines.core/Runtime/Lighting/ProbeVolume/ProbeVolumeGlobalSettings.cs
 0.1 kb	 0.0% Packages/com.unity.render-pipelines.core/Runtime/GPUDriven/InstanceData/InstanceWindDataUpdateDefs.cs
 0.1 kb	 0.0% Packages/com.unity.render-pipelines.core/Runtime/GPUDriven/InstanceData/InstanceTransformUpdateDefs.cs
 0.1 kb	 0.0% Packages/com.unity.render-pipelines.core/Runtime/GPUDriven/InstanceData/GPUInstanceDataUploader.cs
 0.1 kb	 0.0% Packages/com.unity.render-pipelines.core/Runtime/GPUDriven/GPUResidentDrawerTypes.cs
 0.1 kb	 0.0% Packages/com.unity.render-pipelines.core/Runtime/Debugging/Prefabs/Scripts/DebugUIHandlerToggleHistory.cs
 0.1 kb	 0.0% Packages/com.unity.render-pipelines.core/Runtime/Debugging/Prefabs/Scripts/DebugUIHandlerProgressBar.cs
 0.1 kb	 0.0% Packages/com.unity.render-pipelines.core/Runtime/Debugging/Prefabs/Scripts/DebugUIHandlerIndirectToggle.cs
 0.1 kb	 0.0% Packages/com.unity.render-pipelines.core/Runtime/Debugging/Prefabs/Scripts/DebugUIHandlerEnumHistory.cs
 0.1 kb	 0.0% Packages/com.unity.render-pipelines.core/Runtime/Debugging/IDebugDisplaySettingsQuery.cs
 0.1 kb	 0.0% Packages/com.unity.render-pipelines.core/Runtime/Debugging/IDebugDisplaySettingsPanel.cs
 0.1 kb	 0.0% Packages/com.unity.render-pipelines.core/Runtime/Debugging/IDebugDisplaySettingsData.cs
 0.1 kb	 0.0% Packages/com.unity.render-pipelines.core/Runtime/Debugging/DebugDisplaySettingsVolumes.cs
 0.1 kb	 0.0% Packages/com.unity.render-pipelines.core/Runtime/Debugging/DebugDisplaySettingsPanel.cs
 0.1 kb	 0.0% Packages/com.unity.ml-agents/Runtime/Grpc/CommunicatorObjects/UnityToExternal.cs
 0.1 kb	 0.0% Packages/com.unity.ml-agents/Runtime/Grpc/CommunicatorObjects/BrainParameters.cs
 0.1 kb	 0.0% Packages/com.unity.ai.inference/Runtime/Tokenization/Truncators/IRangeGenerator.cs
 0.1 kb	 0.0% Packages/com.unity.ai.inference/Runtime/Tokenization/Truncators/GenericTruncator.cs
 0.1 kb	 0.0% Packages/com.unity.ai.inference/Runtime/Tokenization/Truncators/DefaultTruncator.cs
 0.1 kb	 0.0% Packages/com.unity.ai.inference/Runtime/Tokenization/Tokenizer.SequenceMergeOutput.cs
 0.1 kb	 0.0% Packages/com.unity.ai.inference/Runtime/Tokenization/PreTokenizers/IPreTokenizer.cs
 0.1 kb	 0.0% Packages/com.unity.ai.inference/Runtime/Tokenization/PreTokenizers/BertPreTokenizer.cs
 0.1 kb	 0.0% Packages/com.unity.ai.inference/Runtime/Tokenization/Parsers/HuggingFace/HfAttribute.cs
 0.1 kb	 0.0% Packages/com.unity.ai.inference/Runtime/Tokenization/Normalizers/StripNormalizer.cs
 0.1 kb	 0.0% Packages/com.unity.ai.inference/Runtime/Tokenization/Normalizers/NmtNormalizer.cs
 0.1 kb	 0.0% Packages/com.unity.ai.inference/Runtime/Tokenization/Normalizers/Lowercase.cs
 0.1 kb	 0.0% Packages/com.unity.ai.inference/Runtime/Tokenization/Normalizers/BertNormalizer.cs
 0.1 kb	 0.0% Packages/com.unity.ai.inference/Runtime/Tokenization/Normalizers/AppendNormalizer.cs
 0.1 kb	 0.0% Packages/com.unity.ai.inference/Runtime/Tokenization/Mappers/UnigramMapper.Entry.cs
 0.1 kb	 0.0% Packages/com.unity.ai.inference/Runtime/Tokenization/Mappers/BpeMapper.DefaultMerger.cs
 0.1 kb	 0.0% Packages/com.unity.ai.inference/Runtime/Tokenization/AddedVocabulary.SearchTree.cs
 0.1 kb	 0.0% Packages/com.unity.ai.inference/Runtime/Core/Compiler/Validation/ValidateShapeInference.cs
 0.1 kb	 0.0% Packages/com.unity.ai.inference/Runtime/Core/Compiler/Passes/RemoveDuplicatesPass.cs
 0.1 kb	 0.0% Packages/com.unity.ai.inference/Runtime/Core/Compiler/Passes/FuseLinearLayersPass.cs
 0.1 kb	 0.0% Packages/com.unity.ai.inference/Runtime/Core/Compiler/Passes/FuseConstantsPass.cs
 0.1 kb	 0.0% Packages/com.unity.ai.inference/Runtime/Core/Compiler/Passes/FuseActivationsPass.cs
 0.1 kb	 0.0% Packages/com.unity.ai.inference/Runtime/Core/Compiler/Passes/EinsumToMatMulPass.cs
 0.1 kb	 0.0% Packages/com.unity.ai.assistant/Runtime/Utils/AssistantMessageSizeConstraints.cs
 0.1 kb	 0.0% Packages/com.unity.ai.assistant/Runtime/Socket/Communication/WrappedClientWebSocket.cs
 0.1 kb	 0.0% Packages/com.unity.ai.assistant/Runtime/Socket/Communication/OrchestrationWebSocket.cs
 0.1 kb	 0.0% Packages/com.unity.ai.assistant/Runtime/Socket/Communication/IOrchestrationWebSocket.cs
 0.1 kb	 0.0% Assets/com.unity.inputsystem@ea5ab5b33a26/InputSystem/Plugins/InputForUI/InputActionAssetVerifier.cs
 0.1 kb	 0.0% Assets/com.unity.inputsystem@ea5ab5b33a26/InputSystem/Editor/UITKAssetEditor/Views/CompositeBindingPropertiesView.cs
 0.1 kb	 0.0% Assets/com.unity.inputsystem@ea5ab5b33a26/InputSystem/Editor/UITKAssetEditor/InputActionsEditorWindowUtils.cs
 0.1 kb	 0.0% Assets/com.unity.inputsystem@ea5ab5b33a26/InputSystem/Editor/PropertyDrawers/InputActionAssetSearchProvider.cs
 0.1 kb	 0.0% Assets/com.unity.inputsystem@ea5ab5b33a26/InputSystem/Editor/ProjectWideActions/ProjectWideActionsBuildProvider.cs
 0.1 kb	 0.0% Assets/com.unity.inputsystem@ea5ab5b33a26/InputSystem/Editor/Internal/SerializedPropertyLinqExtensions.cs
 0.1 kb	 0.0% Assets/com.unity.inputsystem@ea5ab5b33a26/InputSystem/Editor/Internal/InputActionSerializationHelpers.cs
 0.1 kb	 0.0% Assets/com.unity.inputsystem@ea5ab5b33a26/InputSystem/Editor/EditorInputControlLayoutCache.cs
 0.1 kb	 0.0% Assets/com.unity.inputsystem@ea5ab5b33a26/InputSystem/Editor/ControlPicker/Layouts/TouchscreenControlPickerLayout.cs
 0.1 kb	 0.0% Assets/com.unity.inputsystem@ea5ab5b33a26/InputSystem/Editor/ControlPicker/Layouts/DefaultInputControlPickerLayout.cs
 0.1 kb	 0.0% Assets/com.unity.inputsystem@ea5ab5b33a26/InputSystem/Editor/Analytics/VirtualMouseInputEditorAnalytic.cs
 0.1 kb	 0.0% Assets/com.unity.inputsystem@ea5ab5b33a26/InputSystem/Editor/Analytics/PlayerInputManagerEditorAnalytic.cs
 0.1 kb	 0.0% Assets/com.unity.inputsystem@ea5ab5b33a26/InputSystem/Devices/Commands/QuerySamplingFrequencyCommand.cs
 0.1 kb	 0.0% Assets/com.unity.inputsystem@ea5ab5b33a26/InputSystem/Devices/Commands/QueryPairedUserAccountCommand.cs
 0.1 kb	 0.0% Packages/com.unity.visualscripting/Runtime/VisualScripting.Core/Dependencies/FullSerializer/fsExceptions.cs
 0.1 kb	 0.0% Packages/com.unity.visualscripting/Runtime/VisualScripting.Core/Dependencies/FullSerializer/fsAotCompilationManager.cs
 0.1 kb	 0.0% Packages/com.unity.visualscripting/Runtime/VisualScripting.Core/Dependencies/FullSerializer/Converters/fsWeakReferenceConverter.cs
 0.1 kb	 0.0% Packages/com.unity.visualscripting/Runtime/VisualScripting.Core/Dependencies/FullSerializer/Converters/fsKeyValuePairConverter.cs
 0.1 kb	 0.0% Packages/com.unity.visualscripting/Runtime/VisualScripting.Core/Dependencies/FullSerializer/Converters/fsIEnumerableConverter.cs
 0.1 kb	 0.0% Packages/com.unity.visualscripting/Runtime/VisualScripting.Core/Dependencies/FullSerializer/Converters/fsDictionaryConverter.cs
 0.1 kb	 0.0% Packages/com.unity.visualscripting/Runtime/VisualScripting.Core/Dependencies/FullSerializer/Converters/Unity/Keyframe_DirectConverter.cs
 0.1 kb	 0.0% Packages/com.unity.visualscripting/Runtime/VisualScripting.Core/Dependencies/FullSerializer/Converters/Unity/Gradient_DirectConverter.cs
 0.1 kb	 0.0% Packages/com.unity.visualscripting/Runtime/VisualScripting.Core/Dependencies/FullSerializer/Converters/Unity/GUIStyle_DirectConverter.cs
 0.1 kb	 0.0% Packages/com.unity.visualscripting/Runtime/VisualScripting.Core/Dependencies/FullSerializer/Converters/Unity/Bounds_DirectConverter.cs
 0.1 kb	 0.0% Packages/com.unity.render-pipelines.universal/Runtime/XR/XRSystemUniversal.cs
 0.1 kb	 0.0% Packages/com.unity.render-pipelines.universal/Runtime/UniversalRenderer.cs
 0.1 kb	 0.0% Packages/com.unity.render-pipelines.universal/Runtime/SpaceFillingCurves.cs
 0.1 kb	 0.0% Packages/com.unity.render-pipelines.universal/Runtime/Settings/RenderGraphSettings.cs
 0.1 kb	 0.0% Packages/com.unity.render-pipelines.universal/Runtime/ScriptableRenderer.cs
 0.1 kb	 0.0% Packages/com.unity.render-pipelines.universal/Runtime/SceneViewDrawMode.cs
 0.1 kb	 0.0% Packages/com.unity.render-pipelines.universal/Runtime/RenderingLayerUtils.cs
 0.1 kb	 0.0% Packages/com.unity.render-pipelines.universal/Runtime/RendererFeatures/ScreenSpaceShadows.cs
 0.1 kb	 0.0% Packages/com.unity.render-pipelines.universal/Runtime/RendererFeatures/DecalRendererFeature.cs
 0.1 kb	 0.0% Packages/com.unity.render-pipelines.universal/Runtime/RenderTargetHandle.cs
 0.1 kb	 0.0% Packages/com.unity.render-pipelines.universal/Runtime/RenderPipelineResources/Renderer2DResources.cs
 0.1 kb	 0.0% Packages/com.unity.render-pipelines.universal/Runtime/Passes/XROcclusionMeshPass.cs
 0.1 kb	 0.0% Packages/com.unity.render-pipelines.universal/Runtime/Passes/XRDepthMotionPass.cs
 0.1 kb	 0.0% Packages/com.unity.render-pipelines.universal/Runtime/Passes/ScriptableRenderPass.cs
 0.1 kb	 0.0% Packages/com.unity.render-pipelines.universal/Runtime/Passes/RenderObjectsPass.cs
 0.1 kb	 0.0% Packages/com.unity.render-pipelines.universal/Runtime/Passes/ProbeVolumeDebugPass.cs
 0.1 kb	 0.0% Packages/com.unity.render-pipelines.universal/Runtime/Passes/FinalBlitPass.cs
 0.1 kb	 0.0% Packages/com.unity.render-pipelines.universal/Runtime/Passes/DrawObjectsPass.cs
 0.1 kb	 0.0% Packages/com.unity.render-pipelines.universal/Runtime/Passes/DepthOnlyPass.cs
 0.1 kb	 0.0% Packages/com.unity.render-pipelines.universal/Runtime/Passes/CopyDepthPass.cs
 0.1 kb	 0.0% Packages/com.unity.render-pipelines.universal/Runtime/Passes/CopyColorPass.cs
 0.1 kb	 0.0% Packages/com.unity.render-pipelines.universal/Runtime/Overrides/ScreenSpaceLensFlare.cs
 0.1 kb	 0.0% Packages/com.unity.render-pipelines.universal/Runtime/Overrides/ChromaticAberration.cs
 0.1 kb	 0.0% Packages/com.unity.render-pipelines.universal/Runtime/LightCookieManager.cs
 0.1 kb	 0.0% Packages/com.unity.render-pipelines.universal/Runtime/History/SingleHistoryBase.cs
 0.1 kb	 0.0% Packages/com.unity.render-pipelines.universal/Runtime/FrameData/UniversalShadowData.cs
 0.1 kb	 0.0% Packages/com.unity.render-pipelines.universal/Runtime/FrameData/UniversalLightData.cs
 0.1 kb	 0.0% Packages/com.unity.render-pipelines.universal/Runtime/FrameData/UniversalCameraData.cs
 0.1 kb	 0.0% Packages/com.unity.render-pipelines.universal/Runtime/ForwardRendererData.cs
 0.1 kb	 0.0% Packages/com.unity.render-pipelines.universal/Runtime/ForwardLights.cs
 0.1 kb	 0.0% Packages/com.unity.render-pipelines.universal/Runtime/DeferredLights.cs
 0.1 kb	 0.0% Packages/com.unity.render-pipelines.universal/Runtime/Decal/Entities/DecalEntityManager.cs
 0.1 kb	 0.0% Packages/com.unity.render-pipelines.universal/Runtime/Decal/DecalShaderPassNames.cs
 0.1 kb	 0.0% Packages/com.unity.render-pipelines.universal/Runtime/Decal/DBuffer/DBufferRenderPass.cs
 0.1 kb	 0.0% Packages/com.unity.render-pipelines.universal/Runtime/Decal/DBuffer/DBufferDepthCopyPass.cs
 0.1 kb	 0.0% Packages/com.unity.render-pipelines.universal/Runtime/2D/Rendergraph/Renderer2DRendergraph.cs
 0.1 kb	 0.0% Packages/com.unity.render-pipelines.core/Runtime/UnifiedRayTracing/RayTracingResources.cs
 0.1 kb	 0.0% Packages/com.unity.render-pipelines.core/Runtime/UnifiedRayTracing/RayTracingContext.cs
 0.1 kb	 0.0% Packages/com.unity.render-pipelines.core/Runtime/UnifiedRayTracing/IRayTracingShader.cs
 0.1 kb	 0.0% Packages/com.unity.render-pipelines.core/Runtime/UnifiedRayTracing/IRayTracingBackend.cs
 0.1 kb	 0.0% Packages/com.unity.render-pipelines.core/Runtime/UnifiedRayTracing/Compute/BLASPositionsPool.cs
 0.1 kb	 0.0% Packages/com.unity.render-pipelines.core/Runtime/UnifiedRayTracing/Common/GeometryPool/GeometryPoolDefs.cs
 0.1 kb	 0.0% Packages/com.unity.render-pipelines.core/Runtime/UnifiedRayTracing/Common/AccelStructInstances.cs
 0.1 kb	 0.0% Packages/com.unity.render-pipelines.core/Runtime/UnifiedRayTracing/Common/AccelStructAdapter.cs
 0.1 kb	 0.0% Packages/com.unity.render-pipelines.core/Runtime/RenderGraph/RenderGraphResources.cs
 0.1 kb	 0.0% Packages/com.unity.render-pipelines.core/Runtime/RenderGraph/Debug/RenderGraph.DebugData.cs
 0.1 kb	 0.0% Packages/com.unity.render-pipelines.core/Runtime/Lighting/ProbeVolume/ProbeReferenceVolume.Streaming.cs
 0.1 kb	 0.0% Packages/com.unity.render-pipelines.core/Runtime/Lighting/ProbeVolume/ProbeReferenceVolume.Debug.cs
 0.1 kb	 0.0% Packages/com.unity.render-pipelines.core/Runtime/GPUDriven/Utilities/ParallelSortExtensions.cs
 0.1 kb	 0.0% Packages/com.unity.render-pipelines.core/Runtime/GPUDriven/RenderersBatchersContext.cs
 0.1 kb	 0.0% Packages/com.unity.render-pipelines.core/Runtime/GPUDriven/OcclusionCullingCommon.cs
 0.1 kb	 0.0% Packages/com.unity.render-pipelines.core/Runtime/GPUDriven/LODGroupDataPoolBurst.cs
 0.1 kb	 0.0% Packages/com.unity.render-pipelines.core/Runtime/GPUDriven/InstanceData/InstanceDataSystemBurst.cs
 0.1 kb	 0.0% Packages/com.unity.render-pipelines.core/Runtime/GPUDriven/InstanceData/GPUInstanceDataBuffer.cs
 0.1 kb	 0.0% Packages/com.unity.render-pipelines.core/Runtime/GPUDriven/InstanceCullingBatcher.cs
 0.1 kb	 0.0% Packages/com.unity.render-pipelines.core/Runtime/GPUDriven/GPUResidentDrawerDebug.cs
 0.1 kb	 0.0% Packages/com.unity.render-pipelines.core/Runtime/GPUDriven/GPUResidentDrawerBurst.cs
 0.1 kb	 0.0% Packages/com.unity.render-pipelines.core/Runtime/GPUDriven/GPUResidentDrawer.Validator.cs
 0.1 kb	 0.0% Packages/com.unity.render-pipelines.core/Runtime/GPUDriven/GPUResidentBatcher.SpeedTree.cs
 0.1 kb	 0.0% Packages/com.unity.render-pipelines.core/Runtime/GPUDriven/Components/DisallowSmallMeshCulling.cs
 0.1 kb	 0.0% Packages/com.unity.multiplayer.center/Common/SelectedSolutionsData.cs
 0.1 kb	 0.0% Packages/com.unity.ml-agents/Runtime/Grpc/CommunicatorObjects/UnityToExternalGrpc.cs
 0.1 kb	 0.0% Packages/com.unity.ml-agents/Runtime/Grpc/CommunicatorObjects/UnityRlOutput.cs
 0.1 kb	 0.0% Packages/com.unity.collections/Unity.Collections/UnsafeParallelHashSetExtensions.gen.cs
 0.1 kb	 0.0% Packages/com.unity.collections/Unity.Collections/UnsafeParallelHashMap.cs
 0.1 kb	 0.0% Packages/com.unity.ai.inference/Runtime/Tokenization/Tokenizer.TruncationOutput.cs
 0.1 kb	 0.0% Packages/com.unity.ai.inference/Runtime/Tokenization/TokenConfiguration.cs
 0.1 kb	 0.0% Packages/com.unity.ai.inference/Runtime/Tokenization/TextElementUtility.cs
 0.1 kb	 0.0% Packages/com.unity.ai.inference/Runtime/Tokenization/PostProcessors/Templating/Template.cs
 0.1 kb	 0.0% Packages/com.unity.ai.inference/Runtime/Tokenization/PostProcessors/Templating/Sequence.cs
 0.1 kb	 0.0% Packages/com.unity.ai.inference/Runtime/Tokenization/PostProcessors/Templating/Piece.cs
 0.1 kb	 0.0% Packages/com.unity.ai.inference/Runtime/Tokenization/Padding/DefaultPadding.cs
 0.1 kb	 0.0% Packages/com.unity.ai.inference/Runtime/Tokenization/Mappers/WordPieceMapper.cs
 0.1 kb	 0.0% Packages/com.unity.ai.inference/Runtime/Tokenization/Mappers/WordLevelMapper.cs
 0.1 kb	 0.0% Packages/com.unity.ai.inference/Runtime/Tokenization/Mappers/UnigramMapper.cs
 0.1 kb	 0.0% Packages/com.unity.ai.inference/Runtime/Tokenization/Mappers/BpeMapper.Mergeable.cs
 0.1 kb	 0.0% Packages/com.unity.ai.inference/Runtime/Tokenization/Internal/AhoCorasickSearch.cs
 0.1 kb	 0.0% Packages/com.unity.ai.inference/Runtime/Tokenization/DisposablePointer.cs
 0.1 kb	 0.0% Packages/com.unity.ai.inference/Runtime/Tokenization/Decoders/WordPieceDecoder.cs
 0.1 kb	 0.0% Packages/com.unity.ai.inference/Runtime/Tokenization/Decoders/SequenceDecoder.cs
 0.1 kb	 0.0% Packages/com.unity.ai.inference/Runtime/Tokenization/Decoders/ReplaceDecoder.cs
 0.1 kb	 0.0% Packages/com.unity.ai.inference/Runtime/Tokenization/Decoders/MetaspaceDecoder.cs
 0.1 kb	 0.0% Packages/com.unity.ai.inference/Runtime/Tokenization/Decoders/DefaultDecoder.cs
 0.1 kb	 0.0% Packages/com.unity.ai.inference/Runtime/Tokenization/Decoders/ByteLevelDecoder.cs
 0.1 kb	 0.0% Packages/com.unity.ai.inference/Runtime/Core/Compiler/Analyser/PartialInferenceAnalysis.cs
 0.1 kb	 0.0% Packages/com.unity.ai.inference/Runtime/Core/Compiler/Analyser/MemoryFootprintAnalysis.cs
 0.1 kb	 0.0% Packages/com.unity.ai.assistant/Runtime/Socket/Utilities/GameObjectData.cs
 0.1 kb	 0.0% Packages/com.unity.ai.assistant/Runtime/Socket/Protocol/REST/Model/ValidationErrorLocInner.cs
 0.1 kb	 0.0% Packages/com.unity.ai.assistant/Runtime/Socket/Protocol/REST/Model/ModelConfigsResponseV1.cs
 0.1 kb	 0.0% Packages/com.unity.ai.assistant/Runtime/Socket/Protocol/REST/Model/ConversationInfoUpdateV1.cs
 0.1 kb	 0.0% Packages/com.unity.ai.assistant/Runtime/Socket/Protocol/REST/Model/AbstractOpenAPISchema.cs
 0.1 kb	 0.0% Packages/com.unity.ai.assistant/Runtime/Socket/Protocol/REST/Client/WebRequestPathBuilder.cs
 0.1 kb	 0.0% Packages/com.unity.ai.assistant/Runtime/Socket/Protocol/REST/Client/ISynchronousClient.cs
 0.1 kb	 0.0% Packages/com.unity.ai.assistant/Runtime/Socket/Protocol/REST/Client/IReadableConfiguration.cs
 0.1 kb	 0.0% Packages/com.unity.ai.assistant/Runtime/Socket/Protocol/ProtocolOverheadMeasures.cs
 0.1 kb	 0.0% Packages/com.unity.ai.assistant/Runtime/Socket/Protocol/Models/FromServer/SkillsRequestV1.cs
 0.1 kb	 0.0% Packages/com.unity.ai.assistant/Runtime/Socket/Protocol/Models/FromServer/ChatResponseV1.cs
 0.1 kb	 0.0% Packages/com.unity.ai.assistant/Runtime/Socket/Protocol/Models/FromClient/SkillsResponseV1.cs
 0.1 kb	 0.0% Packages/com.unity.ai.assistant/Runtime/Socket/Protocol/Models/FromClient/FunctionsObject.cs
 0.1 kb	 0.0% Packages/com.unity.ai.assistant/Runtime/Socket/Protocol/Models/FromClient/ChatRequestV1.cs
 0.1 kb	 0.0% Packages/com.unity.ai.assistant/Runtime/FunctionCalling/Permissions/ToolPermissions.ToolExecution.cs
 0.1 kb	 0.0% Packages/com.unity.ai.assistant/Runtime/FunctionCalling/Permissions/ToolPermissions.ScreenCapture.cs
 0.1 kb	 0.0% Packages/com.unity.ai.assistant/Runtime/FunctionCalling/Permissions/ToolPermissions.CodeExecution.cs
 0.1 kb	 0.0% Packages/com.unity.ai.assistant/Runtime/FunctionCalling/Permissions/ToolPermissions.AssetGeneration.cs
 0.1 kb	 0.0% Packages/com.unity.ai.assistant/Runtime/FunctionCalling/Permissions/AllowAllToolPermissions.cs
 0.1 kb	 0.0% Packages/com.unity.ai.assistant/Runtime/FunctionCalling/Interactions/AllowAllToolInteractions.cs
 0.1 kb	 0.0% Packages/com.unity.ai.assistant/Runtime/FunctionCalling/IFunctionCallRenderer.cs
 0.1 kb	 0.0% Packages/com.unity.ai.assistant/Runtime/FunctionCalling/Functions/Local/LocalAssistantFunction.cs
 0.1 kb	 0.0% Packages/com.unity.ai.assistant/Runtime/FunctionCalling/FunctionCallingUtilities.cs
 0.1 kb	 0.0% Assets/com.unity.inputsystem@ea5ab5b33a26/InputSystem/Utilities/DisplayStringFormatAttribute.cs
 0.1 kb	 0.0% Assets/com.unity.inputsystem@ea5ab5b33a26/InputSystem/Plugins/XR/Haptics/SendBufferedHapticsCommand.cs
 0.1 kb	 0.0% Assets/com.unity.inputsystem@ea5ab5b33a26/InputSystem/Plugins/XR/Haptics/GetHapticCapabilitiesCommand.cs
 0.1 kb	 0.0% Assets/com.unity.inputsystem@ea5ab5b33a26/InputSystem/Plugins/XR/Haptics/GetCurrentHapticStateCommand.cs
 0.1 kb	 0.0% Assets/com.unity.inputsystem@ea5ab5b33a26/InputSystem/Plugins/Android/AndroidGameController.cs
 0.1 kb	 0.0% Assets/com.unity.inputsystem@ea5ab5b33a26/InputSystem/Controls/Processors/NormalizeVector3Processor.cs
 0.1 kb	 0.0% Assets/com.unity.inputsystem@ea5ab5b33a26/InputSystem/Controls/Processors/NormalizeVector2Processor.cs
 0.1 kb	 0.0% Assets/com.unity.inputsystem@ea5ab5b33a26/InputSystem/Controls/Processors/EditorWindowSpaceProcessor.cs
 0.1 kb	 0.0% Assets/com.unity.inputsystem@ea5ab5b33a26/InputSystem/Controls/Processors/CompensateRotationProcessor.cs
 0.1 kb	 0.0% Assets/com.unity.inputsystem@ea5ab5b33a26/InputSystem/Controls/Processors/CompensateDirectionProcessor.cs
 0.1 kb	 0.0% Assets/CrossTheRoad/TextMesh Pro/Resources/LineBreaking Leading Characters.txt
 0.1 kb	 0.0% Packages/com.unity.visualscripting/Runtime/VisualScripting.State/IStateTransitionDebugData.cs
 0.1 kb	 0.0% Packages/com.unity.visualscripting/Runtime/VisualScripting.Flow/Ports/IUnitOutputPortDefinition.cs
 0.1 kb	 0.0% Packages/com.unity.visualscripting/Runtime/VisualScripting.Flow/Ports/IUnitControlPortDefinition.cs
 0.1 kb	 0.0% Packages/com.unity.visualscripting/Runtime/VisualScripting.Flow/Framework/Variables/Obsolete/IsApplicationVariableDefined.cs
 0.1 kb	 0.0% Packages/com.unity.visualscripting/Runtime/VisualScripting.Flow/Framework/Events/Hierarchy/OnTransformChildrenChanged.cs
 0.1 kb	 0.0% Packages/com.unity.visualscripting/Runtime/VisualScripting.Flow/Dependencies/NCalc/TernaryExpression.cs
 0.1 kb	 0.0% Packages/com.unity.visualscripting/Runtime/VisualScripting.Flow/Dependencies/NCalc/SerializationVisitor.cs
 0.1 kb	 0.0% Packages/com.unity.visualscripting/Runtime/VisualScripting.Flow/Dependencies/NCalc/LogicalExpression.cs
 0.1 kb	 0.0% Packages/com.unity.visualscripting/Runtime/VisualScripting.Flow/Dependencies/NCalc/IdentifierExpression.cs
 0.1 kb	 0.0% Packages/com.unity.visualscripting/Runtime/VisualScripting.Flow/Dependencies/NCalc/FunctionExpression.cs
 0.1 kb	 0.0% Packages/com.unity.visualscripting/Runtime/VisualScripting.Flow/Dependencies/NCalc/EvaluationVisitor.cs
 0.1 kb	 0.0% Packages/com.unity.visualscripting/Runtime/VisualScripting.Flow/Dependencies/NCalc/EvaluationException.cs
 0.1 kb	 0.0% Packages/com.unity.visualscripting/Runtime/VisualScripting.Core/Variables/VariableDeclarationsCloner.cs
 0.1 kb	 0.0% Packages/com.unity.visualscripting/Runtime/VisualScripting.Core/Utilities/ReferenceEqualityComparer.cs
 0.1 kb	 0.0% Packages/com.unity.visualscripting/Runtime/VisualScripting.Core/Unity/UnityObjectOwnershipUtility.cs
 0.1 kb	 0.0% Packages/com.unity.visualscripting/Runtime/VisualScripting.Core/Unity/RequiresUnityAPIAttribute.cs
 0.1 kb	 0.0% Packages/com.unity.visualscripting/Runtime/VisualScripting.Core/SerializedProperties/ISerializedPropertyProvider.cs
 0.1 kb	 0.0% Packages/com.unity.visualscripting/Runtime/VisualScripting.Core/Serialization/Converters/LooseAssemblyNameConverter.cs
 0.1 kb	 0.0% Packages/com.unity.visualscripting/Runtime/VisualScripting.Core/Reflection/RenamedNamespaceAttribute.cs
 0.1 kb	 0.0% Packages/com.unity.visualscripting/Runtime/VisualScripting.Core/Reflection/Optimization/ReflectionPropertyAccessor.cs
 0.1 kb	 0.0% Packages/com.unity.visualscripting/Runtime/VisualScripting.Core/Reflection/Operators/GreaterThanOrEqualHandler.cs
 0.1 kb	 0.0% Packages/com.unity.visualscripting/Runtime/VisualScripting.Core/Reflection/Operators/AmbiguousOperatorException.cs
 0.1 kb	 0.0% Packages/com.unity.visualscripting/Runtime/VisualScripting.Core/Profiling/ProfiledSegmentCollection.cs
 0.1 kb	 0.0% Packages/com.unity.visualscripting/Runtime/VisualScripting.Core/Listeners/UIInterfaces/UnityOnSubmitMessageListener.cs
 0.1 kb	 0.0% Packages/com.unity.visualscripting/Runtime/VisualScripting.Core/Listeners/UIInterfaces/UnityOnSelectMessageListener.cs
 0.1 kb	 0.0% Packages/com.unity.visualscripting/Runtime/VisualScripting.Core/Listeners/UIInterfaces/UnityOnScrollMessageListener.cs
 0.1 kb	 0.0% Packages/com.unity.visualscripting/Runtime/VisualScripting.Core/Listeners/UIInterfaces/UnityOnMoveMessageListener.cs
 0.1 kb	 0.0% Packages/com.unity.visualscripting/Runtime/VisualScripting.Core/Listeners/UIInterfaces/UnityOnDropMessageListener.cs
 0.1 kb	 0.0% Packages/com.unity.visualscripting/Runtime/VisualScripting.Core/Listeners/UIInterfaces/UnityOnDragMessageListener.cs
 0.1 kb	 0.0% Packages/com.unity.visualscripting/Runtime/VisualScripting.Core/Listeners/UIInterfaces/UnityOnCancelMessageListener.cs
 0.1 kb	 0.0% Packages/com.unity.visualscripting/Runtime/VisualScripting.Core/Graphs/MergedGraphElementCollection.cs
 0.1 kb	 0.0% Packages/com.unity.visualscripting/Runtime/VisualScripting.Core/Graphs/IGraphElementWithDebugData.cs
 0.1 kb	 0.0% Packages/com.unity.visualscripting/Runtime/VisualScripting.Core/Exceptions/InvalidConversionException.cs
 0.1 kb	 0.0% Packages/com.unity.visualscripting/Runtime/VisualScripting.Core/EditorBinding/WarnBeforeRemovingAttribute.cs
 0.1 kb	 0.0% Packages/com.unity.visualscripting/Runtime/VisualScripting.Core/EditorBinding/WarnBeforeEditingAttribute.cs
 0.1 kb	 0.0% Packages/com.unity.visualscripting/Runtime/VisualScripting.Core/EditorBinding/TypeIconPriorityAttribute.cs
 0.1 kb	 0.0% Packages/com.unity.visualscripting/Runtime/VisualScripting.Core/EditorBinding/Inspector/InspectorToggleLeftAttribute.cs
 0.1 kb	 0.0% Packages/com.unity.visualscripting/Runtime/VisualScripting.Core/EditorBinding/Inspector/InspectorTextAreaAttribute.cs
 0.1 kb	 0.0% Packages/com.unity.visualscripting/Runtime/VisualScripting.Core/EditorBinding/Inspector/InspectorDelayedAttribute.cs
 0.1 kb	 0.0% Packages/com.unity.visualscripting/Runtime/VisualScripting.Core/EditorBinding/IncludeInSettingsAttribute.cs
 0.1 kb	 0.0% Packages/com.unity.visualscripting/Runtime/VisualScripting.Core/EditorBinding/DisableAnnotationAttribute.cs
 0.1 kb	 0.0% Packages/com.unity.visualscripting/Runtime/VisualScripting.Core/Dependencies/FullSerializer/Internal/fsVersionedType.cs
 0.1 kb	 0.0% Packages/com.unity.visualscripting/Runtime/VisualScripting.Core/Dependencies/FullSerializer/Internal/fsVersionManager.cs
 0.1 kb	 0.0% Packages/com.unity.visualscripting/Runtime/VisualScripting.Core/Dependencies/FullSerializer/Internal/fsTypeExtensions.cs
 0.1 kb	 0.0% Packages/com.unity.visualscripting/Runtime/VisualScripting.Core/Connections/InvalidConnectionException.cs
 0.1 kb	 0.0% Packages/com.unity.serialization/Runtime/Unity.Serialization/Json/Views/SerializedMemberViewCollection.cs
 0.1 kb	 0.0% Packages/com.unity.serialization/Runtime/Unity.Serialization/Json/Views/Internal/SerializedObjectViewPropertyBag.cs
 0.1 kb	 0.0% Packages/com.unity.serialization/Runtime/Unity.Serialization/Json/Views/Internal/SerializedArrayViewPropertyBag.cs
 0.1 kb	 0.0% Packages/com.unity.render-pipelines.universal/Runtime/RTHandleUtils.cs
 0.1 kb	 0.0% Packages/com.unity.render-pipelines.universal/Runtime/2D/UTess2D/Tessellator.cs
 0.1 kb	 0.0% Packages/com.unity.render-pipelines.universal/Runtime/2D/UTess2D/PlanarGraph.cs
 0.1 kb	 0.0% Packages/com.unity.render-pipelines.universal/Runtime/2D/Shadows/ShadowRendering.cs
 0.1 kb	 0.0% Packages/com.unity.render-pipelines.universal/Runtime/2D/Shadows/ShadowProvider/ShadowUtility.cs
 0.1 kb	 0.0% Packages/com.unity.render-pipelines.universal/Runtime/2D/Shadows/ShadowProvider/ShadowShape2D.cs
 0.1 kb	 0.0% Packages/com.unity.render-pipelines.universal/Runtime/2D/Shadows/ShadowProvider/EdgeDictionary.cs
 0.1 kb	 0.0% Packages/com.unity.render-pipelines.universal/Runtime/2D/Shadows/ShadowCaster2D.cs
 0.1 kb	 0.0% Packages/com.unity.render-pipelines.universal/Runtime/2D/Rendergraph/DrawShadow2DPass.cs
 0.1 kb	 0.0% Packages/com.unity.render-pipelines.universal/Runtime/2D/Rendergraph/DrawNormal2DPass.cs
 0.1 kb	 0.0% Packages/com.unity.render-pipelines.universal/Runtime/2D/Rendergraph/DrawLight2DPass.cs
 0.1 kb	 0.0% Packages/com.unity.render-pipelines.universal/Runtime/2D/Renderer2DData.cs
 0.1 kb	 0.0% Packages/com.unity.render-pipelines.universal/Runtime/2D/Passes/Utility/RendererLighting.cs
 0.1 kb	 0.0% Packages/com.unity.render-pipelines.universal/Runtime/2D/Light2DManager.cs
 0.1 kb	 0.0% Packages/com.unity.render-pipelines.universal-config/Runtime/ShaderConfig.cs
 0.1 kb	 0.0% Packages/com.unity.render-pipelines.core/Runtime/XR/XRGraphicsAutomatedTests.cs
 0.1 kb	 0.0% Packages/com.unity.render-pipelines.core/Runtime/Textures/PowerOfTwoTextureAtlas.cs
 0.1 kb	 0.0% Packages/com.unity.render-pipelines.core/Runtime/Textures/BufferedRTHandleSystem.cs
 0.1 kb	 0.0% Packages/com.unity.render-pipelines.core/Runtime/Settings/ShaderStrippingSetting.cs
 0.1 kb	 0.0% Packages/com.unity.render-pipelines.core/Runtime/Settings/LightmapSamplingSettings.cs
 0.1 kb	 0.0% Packages/com.unity.render-pipelines.core/Runtime/Sampling/SamplingResources.cs
 0.1 kb	 0.0% Packages/com.unity.render-pipelines.core/Runtime/RenderPipeline/RenderPipelineResources.cs
 0.1 kb	 0.0% Packages/com.unity.render-pipelines.core/Runtime/RenderGraph/RenderGraphPass.cs
 0.1 kb	 0.0% Packages/com.unity.render-pipelines.core/Runtime/RenderGraph/RenderGraph.Compiler.cs
 0.1 kb	 0.0% Packages/com.unity.render-pipelines.core/Runtime/PostProcessing/LensFlareComponentSRP.cs
 0.1 kb	 0.0% Packages/com.unity.render-pipelines.core/Runtime/PostProcessing/IPostProcessComponent.cs
 0.1 kb	 0.0% Packages/com.unity.render-pipelines.core/Runtime/Lighting/ProbeVolume/ProbeVolumePositioning.cs
 0.1 kb	 0.0% Packages/com.unity.render-pipelines.core/Runtime/Lighting/ProbeVolume/ProbeVolumePerSceneData.cs
 0.1 kb	 0.0% Packages/com.unity.render-pipelines.core/Runtime/Lighting/ProbeVolume/ProbeReferenceVolume.Binding.cs
 0.1 kb	 0.0% Packages/com.unity.render-pipelines.core/Runtime/Lighting/ProbeVolume/ProbeAdjustmentVolume.cs
 0.1 kb	 0.0% Packages/com.unity.render-pipelines.core/Runtime/GPUDriven/InstanceOcclusionCuller.cs
 0.1 kb	 0.0% Packages/com.unity.render-pipelines.core/Runtime/GPUDriven/InstanceData/InstanceDataSystem.Jobs.cs
 0.1 kb	 0.0% Packages/com.unity.render-pipelines.core/Runtime/Debugging/ShaderDebugPrintManager.cs
 0.1 kb	 0.0% Packages/com.unity.render-pipelines.core/Runtime/Debugging/Prefabs/Scripts/DebugUIHandlerVector4.cs
 0.1 kb	 0.0% Packages/com.unity.render-pipelines.core/Runtime/Debugging/Prefabs/Scripts/DebugUIHandlerVector3.cs
 0.1 kb	 0.0% Packages/com.unity.render-pipelines.core/Runtime/Debugging/Prefabs/Scripts/DebugUIHandlerVector2.cs
 0.1 kb	 0.0% Packages/com.unity.render-pipelines.core/Runtime/Debugging/Prefabs/Scripts/DebugUIHandlerValueTuple.cs
 0.1 kb	 0.0% Packages/com.unity.render-pipelines.core/Runtime/Debugging/Prefabs/Scripts/DebugUIHandlerUIntField.cs
 0.1 kb	 0.0% Packages/com.unity.render-pipelines.core/Runtime/Debugging/Prefabs/Scripts/DebugUIHandlerObjectList.cs
 0.1 kb	 0.0% Packages/com.unity.render-pipelines.core/Runtime/Debugging/Prefabs/Scripts/DebugUIHandlerMessageBox.cs
 0.1 kb	 0.0% Packages/com.unity.render-pipelines.core/Runtime/Debugging/Prefabs/Scripts/DebugUIHandlerIntField.cs
 0.1 kb	 0.0% Packages/com.unity.render-pipelines.core/Runtime/Debugging/Prefabs/Scripts/DebugUIHandlerFoldout.cs
 0.1 kb	 0.0% Packages/com.unity.render-pipelines.core/Runtime/Debugging/Prefabs/Scripts/DebugUIHandlerFloatField.cs
 0.1 kb	 0.0% Packages/com.unity.render-pipelines.core/Runtime/Debugging/Prefabs/Scripts/DebugUIHandlerEnumField.cs
 0.1 kb	 0.0% Packages/com.unity.render-pipelines.core/Runtime/Debugging/Prefabs/Scripts/DebugUIHandlerContainer.cs
 0.1 kb	 0.0% Packages/com.unity.render-pipelines.core/Runtime/Debugging/Prefabs/Scripts/DebugUIHandlerBitField.cs
 0.1 kb	 0.0% Packages/com.unity.render-pipelines.core/Runtime/Debugging/IDebugDisplaySettings.cs
 0.1 kb	 0.0% Packages/com.unity.render-pipelines.core/Runtime/Debugging/DebugDisplaySettingsUI.cs
 0.1 kb	 0.0% Packages/com.unity.render-pipelines.core/Runtime/Common/RemoveRange.Extensions.cs
 0.1 kb	 0.0% Packages/com.unity.render-pipelines.core/Runtime/Common/DynamicResolutionHandler.cs
 0.1 kb	 0.0% Packages/com.unity.render-pipelines.core/Runtime/CommandBuffers/IComputeCommandBuffer.cs
 0.1 kb	 0.0% Packages/com.unity.render-pipelines.core/Runtime/Camera/CameraHistory.cs
 0.1 kb	 0.0% Packages/com.unity.ml-agents/Runtime/Sensors/Reflection/QuaternionReflectionSensor.cs
 0.1 kb	 0.0% Packages/com.unity.ml-agents/Runtime/Grpc/CommunicatorObjects/UnityRlInput.cs
 0.1 kb	 0.0% Packages/com.unity.ml-agents/Runtime/Grpc/CommunicatorObjects/UnityOutput.cs
 0.1 kb	 0.0% Packages/com.unity.ml-agents/Runtime/Grpc/CommunicatorObjects/UnityMessage.cs
 0.1 kb	 0.0% Packages/com.unity.ml-agents/Runtime/Grpc/CommunicatorObjects/Observation.cs
 0.1 kb	 0.0% Packages/com.unity.ml-agents/Runtime/Grpc/CommunicatorObjects/Capabilities.cs
 0.1 kb	 0.0% Packages/com.unity.ml-agents/Runtime/Grpc/CommunicatorObjects/AgentAction.cs
 0.1 kb	 0.0% Packages/com.unity.collections/Unity.Collections/UnsafeNotBurstCompatible.cs
 0.1 kb	 0.0% Packages/com.unity.ai.inference/Runtime/Tokenization/Truncators/ITruncator.cs
 0.1 kb	 0.0% Packages/com.unity.ai.inference/Runtime/Tokenization/Tokenizer.SequenceMerger.cs
 0.1 kb	 0.0% Packages/com.unity.ai.inference/Runtime/Tokenization/Tokenizer.PaddingOutput.cs
 0.1 kb	 0.0% Packages/com.unity.ai.inference/Runtime/Tokenization/Normalizers/INormalizer.cs
 0.1 kb	 0.0% Packages/com.unity.ai.inference/Runtime/Tokenization/Mappers/BpeMapper.Merger.cs
 0.1 kb	 0.0% Packages/com.unity.ai.inference/Runtime/Tokenization/Mappers/BpMapper.Symbol.cs
 0.1 kb	 0.0% Packages/com.unity.ai.inference/Runtime/Core/Compiler/Passes/GraphPassUtil.cs
 0.1 kb	 0.0% Packages/com.unity.ai.inference/Runtime/Core/Compiler/Passes/FuseDensePass.cs
 0.1 kb	 0.0% Packages/com.unity.ai.assistant/Runtime/Utils/AccessTokenRefreshUtility.cs
 0.1 kb	 0.0% Packages/com.unity.ai.assistant/Runtime/Socket/Workflows/Chat/ChatResponseFragment.cs
 0.1 kb	 0.0% Packages/com.unity.ai.assistant/Runtime/Socket/Communication/IStreamStatusHook.cs
 0.1 kb	 0.0% Packages/com.unity.ai.assistant/Runtime/FunctionCalling/Permissions/ToolPermissions.UnityObject.cs
 0.1 kb	 0.0% Packages/com.unity.ai.assistant/Runtime/FunctionCalling/Permissions/ToolPermissions.FileSystem.cs
 0.1 kb	 0.0% Packages/com.unity.ai.assistant/Runtime/FunctionCalling/Attributes/ParameterAttribute.cs
 0.1 kb	 0.0% Packages/com.unity.ai.assistant/Runtime/Data/AssistantConversationInfo.cs
 0.1 kb	 0.0% Assets/com.unity.inputsystem@ea5ab5b33a26/InputSystem/State/IInputStateCallbackReceiver.cs
 0.1 kb	 0.0% Assets/com.unity.inputsystem@ea5ab5b33a26/InputSystem/Plugins/InputForUI/InputSystemProvider.cs
 0.1 kb	 0.0% Assets/com.unity.inputsystem@ea5ab5b33a26/InputSystem/Plugins/DualShock/DualShockGamepadHID.cs
 0.1 kb	 0.0% Assets/com.unity.inputsystem@ea5ab5b33a26/InputSystem/Editor/UITKAssetEditor/Views/NameAndParametersListView.cs
 0.1 kb	 0.0% Assets/com.unity.inputsystem@ea5ab5b33a26/InputSystem/Editor/UITKAssetEditor/Views/InputActionMapsTreeViewItem.cs
 0.1 kb	 0.0% Assets/com.unity.inputsystem@ea5ab5b33a26/InputSystem/Editor/UITKAssetEditor/InputActionsEditorConstants.cs
 0.1 kb	 0.0% Assets/com.unity.inputsystem@ea5ab5b33a26/InputSystem/Editor/Settings/InputSettingsBuildProvider.cs
 0.1 kb	 0.0% Assets/com.unity.inputsystem@ea5ab5b33a26/InputSystem/Editor/Settings/EditorPlayerSettingHelpers.cs
 0.1 kb	 0.0% Assets/com.unity.inputsystem@ea5ab5b33a26/InputSystem/Editor/PropertyDrawers/InputActionPropertyDrawer.cs
 0.1 kb	 0.0% Assets/com.unity.inputsystem@ea5ab5b33a26/InputSystem/Editor/PropertyDrawers/GamepadButtonPropertyDrawer.cs
 0.1 kb	 0.0% Assets/com.unity.inputsystem@ea5ab5b33a26/InputSystem/Editor/Internal/SerializedPropertyHelpers.cs
 0.1 kb	 0.0% Assets/com.unity.inputsystem@ea5ab5b33a26/InputSystem/Editor/Internal/AdvancedDropdown/AdvancedDropdownDataSource.cs
 0.1 kb	 0.0% Assets/com.unity.inputsystem@ea5ab5b33a26/InputSystem/Editor/InputSystemPackageControl.cs
 0.1 kb	 0.0% Assets/com.unity.inputsystem@ea5ab5b33a26/InputSystem/Editor/Debugger/InputDeviceDebuggerWindow.cs
 0.1 kb	 0.0% Assets/com.unity.inputsystem@ea5ab5b33a26/InputSystem/Editor/Debugger/InputActionDebuggerWindow.cs
 0.1 kb	 0.0% Assets/com.unity.inputsystem@ea5ab5b33a26/InputSystem/Editor/ControlPicker/InputControlPickerDropdown.cs
 0.1 kb	 0.0% Assets/com.unity.inputsystem@ea5ab5b33a26/InputSystem/Editor/ControlPicker/IInputControlPickerLayout.cs
 0.1 kb	 0.0% Assets/com.unity.inputsystem@ea5ab5b33a26/InputSystem/Editor/AssetImporter/InputActionImporterEditor.cs
 0.1 kb	 0.0% Assets/com.unity.inputsystem@ea5ab5b33a26/InputSystem/Editor/AssetImporter/InputActionAssetIconLoader.cs
 0.1 kb	 0.0% Assets/com.unity.inputsystem@ea5ab5b33a26/InputSystem/Editor/AssetEditor/InputBindingPropertiesView.cs
 0.1 kb	 0.0% Assets/com.unity.inputsystem@ea5ab5b33a26/InputSystem/Editor/AssetEditor/InputActionPropertiesView.cs
 0.1 kb	 0.0% Assets/com.unity.inputsystem@ea5ab5b33a26/InputSystem/Editor/Analytics/PlayerInputEditorAnalytic.cs
 0.1 kb	 0.0% Assets/com.unity.inputsystem@ea5ab5b33a26/InputSystem/Editor/Analytics/OnScreenStickEditorAnalytic.cs
 0.1 kb	 0.0% Assets/com.unity.inputsystem@ea5ab5b33a26/InputSystem/Editor/Analytics/InputExitPlayModeAnalytic.cs
 0.1 kb	 0.0% Assets/com.unity.inputsystem@ea5ab5b33a26/InputSystem/Editor/Analytics/InputComponentEditorAnalytic.cs
 0.1 kb	 0.0% Assets/com.unity.inputsystem@ea5ab5b33a26/InputSystem/Devices/IInputUpdateCallbackReceiver.cs
 0.1 kb	 0.0% Assets/com.unity.inputsystem@ea5ab5b33a26/InputSystem/Devices/Commands/SetSamplingFrequencyCommand.cs
 0.1 kb	 0.0% Assets/com.unity.inputsystem@ea5ab5b33a26/InputSystem/Devices/Commands/SetIMECursorPositionCommand.cs
 0.1 kb	 0.0% Assets/com.unity.inputsystem@ea5ab5b33a26/InputSystem/Devices/Commands/QueryKeyboardLayoutCommand.cs
 0.1 kb	 0.0% Assets/com.unity.inputsystem@ea5ab5b33a26/InputSystem/Devices/Commands/EnableIMECompositionCommand.cs
 0.1 kb	 0.0% Assets/com.unity.inputsystem@ea5ab5b33a26/InputSystem/Controls/InputControlLayoutAttribute.cs
 0.1 kb	 0.0% Assets/com.unity.inputsystem@ea5ab5b33a26/InputSystem/Actions/InputActionRebindingExtensions.cs
 0.1 kb	 0.0% Packages/com.unity.visualscripting/Runtime/VisualScripting.Core/Dependencies/FullSerializer/fsPropertyAttribute.cs
 0.1 kb	 0.0% Packages/com.unity.visualscripting/Runtime/VisualScripting.Core/Dependencies/FullSerializer/fsObjectProcessor.cs
 0.1 kb	 0.0% Packages/com.unity.visualscripting/Runtime/VisualScripting.Core/Dependencies/FullSerializer/fsObjectAttribute.cs
 0.1 kb	 0.0% Packages/com.unity.visualscripting/Runtime/VisualScripting.Core/Dependencies/FullSerializer/fsIgnoreAttribute.cs
 0.1 kb	 0.0% Packages/com.unity.visualscripting/Runtime/VisualScripting.Core/Dependencies/FullSerializer/fsDirectConverter.cs
 0.1 kb	 0.0% Packages/com.unity.visualscripting/Runtime/VisualScripting.Core/Dependencies/FullSerializer/fsConverterRegistrar.cs
 0.1 kb	 0.0% Packages/com.unity.visualscripting/Runtime/VisualScripting.Core/Dependencies/FullSerializer/Reflection/fsReflectionUtility.cs
 0.1 kb	 0.0% Packages/com.unity.visualscripting/Runtime/VisualScripting.Core/Dependencies/FullSerializer/Converters/fsReflectedConverter.cs
 0.1 kb	 0.0% Packages/com.unity.visualscripting/Runtime/VisualScripting.Core/Dependencies/FullSerializer/Converters/fsPrimitiveConverter.cs
 0.1 kb	 0.0% Packages/com.unity.visualscripting/Runtime/VisualScripting.Core/Dependencies/FullSerializer/Converters/fsNullableConverter.cs
 0.1 kb	 0.0% Packages/com.unity.visualscripting/Runtime/VisualScripting.Core/Dependencies/FullSerializer/Converters/fsForwardConverter.cs
 0.1 kb	 0.0% Packages/com.unity.visualscripting/Runtime/VisualScripting.Core/Dependencies/FullSerializer/Converters/Unity/Rect_DirectConverter.cs
 0.1 kb	 0.0% Packages/com.unity.ugui/Runtime/UGUI/EventSystem/UIElements/UIToolkitInteroperabilityBridge.cs
 0.1 kb	 0.0% Packages/com.unity.serialization/Runtime/Unity.Serialization/Utility/Internal/DefaultPropertyBagInitializer.cs
 0.1 kb	 0.0% Packages/com.unity.serialization/Runtime/Unity.Serialization/Binary/Adapters/BinarySerializationContext.cs
 0.1 kb	 0.0% Packages/com.unity.render-pipelines.universal/Runtime/XR/XRPassUniversal.cs
 0.1 kb	 0.0% Packages/com.unity.render-pipelines.universal/Runtime/Tiling/LightMinMaxZJob.cs
 0.1 kb	 0.0% Packages/com.unity.render-pipelines.universal/Runtime/Tiling/InclusiveRange.cs
 0.1 kb	 0.0% Packages/com.unity.render-pipelines.universal/Runtime/ShadowCulling.cs
 0.1 kb	 0.0% Packages/com.unity.render-pipelines.universal/Runtime/ShaderBitArray.cs
 0.1 kb	 0.0% Packages/com.unity.render-pipelines.universal/Runtime/RenderingUtils.cs
 0.1 kb	 0.0% Packages/com.unity.render-pipelines.universal/Runtime/RendererFeatures/RenderObjects.cs
 0.1 kb	 0.0% Packages/com.unity.render-pipelines.universal/Runtime/PostProcessUtils.cs
 0.1 kb	 0.0% Packages/com.unity.render-pipelines.universal/Runtime/Passes/HDRDebugViewPass.cs
 0.1 kb	 0.0% Packages/com.unity.render-pipelines.universal/Runtime/Passes/GBufferPass.cs
 0.1 kb	 0.0% Packages/com.unity.render-pipelines.universal/Runtime/Passes/DrawSkyboxPass.cs
 0.1 kb	 0.0% Packages/com.unity.render-pipelines.universal/Runtime/Passes/DeferredPass.cs
 0.1 kb	 0.0% Packages/com.unity.render-pipelines.universal/Runtime/Overrides/PaniniProjection.cs
 0.1 kb	 0.0% Packages/com.unity.render-pipelines.universal/Runtime/Overrides/LiftGammaGain.cs
 0.1 kb	 0.0% Packages/com.unity.render-pipelines.universal/Runtime/Overrides/LensDistortion.cs
 0.1 kb	 0.0% Packages/com.unity.render-pipelines.universal/Runtime/Overrides/ColorAdjustments.cs
 0.1 kb	 0.0% Packages/com.unity.render-pipelines.universal/Runtime/Memory/BuddyAllocator.cs
 0.1 kb	 0.0% Packages/com.unity.render-pipelines.universal/Runtime/History/RawDepthHistory.cs
 0.1 kb	 0.0% Packages/com.unity.render-pipelines.universal/Runtime/History/RawColorHistory.cs
 0.1 kb	 0.0% Packages/com.unity.render-pipelines.universal/Runtime/Documentation.cs
 0.1 kb	 0.0% Packages/com.unity.render-pipelines.universal/Runtime/Deprecated.cs
 0.1 kb	 0.0% Packages/com.unity.render-pipelines.universal/Runtime/Decal/Entities/DecalDrawSystem.cs
 0.1 kb	 0.0% Packages/com.unity.render-pipelines.universal/Runtime/Decal/DecalProjector.cs
 0.1 kb	 0.0% Packages/com.unity.render-pipelines.universal/Runtime/Decal/DecalPreviewPass.cs
 0.1 kb	 0.0% Packages/com.unity.render-pipelines.universal/Runtime/Debug/DebugRenderSetup.cs
 0.1 kb	 0.0% Packages/com.unity.render-pipelines.universal/Runtime/Data/RenderStateData.cs
 0.1 kb	 0.0% Packages/com.unity.render-pipelines.universal/Runtime/Data/PostProcessData.cs
 0.1 kb	 0.0% Packages/com.unity.render-pipelines.universal/Runtime/ComponentUtility.cs
 0.1 kb	 0.0% Packages/com.unity.render-pipelines.universal/Runtime/2D/Shadows/ShadowProvider/Providers/ShadowShapeProvider2D_Utility.cs
 0.1 kb	 0.0% Packages/com.unity.render-pipelines.core/Runtime/XR/XRVisibleMesh.cs
 0.1 kb	 0.0% Packages/com.unity.render-pipelines.core/Runtime/XR/XROcclusionMesh.cs
 0.1 kb	 0.0% Packages/com.unity.render-pipelines.core/Runtime/XR/XRLayoutStack.cs
 0.1 kb	 0.0% Packages/com.unity.render-pipelines.core/Runtime/UnifiedRayTracing/Compute/RadeonRays/HlbvhTopLevelBuilder.cs
 0.1 kb	 0.0% Packages/com.unity.render-pipelines.core/Runtime/UnifiedRayTracing/Common/Utilities/GraphicsHelpers.cs
 0.1 kb	 0.0% Packages/com.unity.render-pipelines.core/Runtime/UnifiedRayTracing/Common/Utilities/BlockAllocator.cs
 0.1 kb	 0.0% Packages/com.unity.render-pipelines.core/Runtime/UnifiedRayTracing/Common/Utilities/BackendHelpers.cs
 0.1 kb	 0.0% Packages/com.unity.render-pipelines.core/Runtime/UnifiedRayTracing/Common/TerrainToMesh.cs
 0.1 kb	 0.0% Packages/com.unity.render-pipelines.core/Runtime/Lighting/ProbeVolume/ProbeIndexOfIndices.cs
 0.1 kb	 0.0% Packages/com.unity.render-pipelines.core/Runtime/GPUDriven/RenderersParameters.cs
 0.1 kb	 0.0% Packages/com.unity.render-pipelines.core/Runtime/GPUDriven/LODRenderingUtils.cs
 0.1 kb	 0.0% Packages/com.unity.render-pipelines.core/Runtime/GPUDriven/InstanceData/InstanceDataSystem.cs
 0.1 kb	 0.0% Packages/com.unity.render-pipelines.core/Runtime/GPUDriven/InstanceData/InstanceAllocator.cs
 0.1 kb	 0.0% Packages/com.unity.render-pipelines.core/Runtime/GPUDriven/InstanceCullerBurst.cs
 0.1 kb	 0.0% Packages/com.unity.render-pipelines.core/Runtime/GPUDriven/GPUResidentDrawer.cs
 0.1 kb	 0.0% Packages/com.unity.render-pipelines.core/Runtime/GPUDriven/GPUResidentBatcher.cs
 0.1 kb	 0.0% Packages/com.unity.multiplayer.center/Common/IOnboardingSection.cs
 0.1 kb	 0.0% Packages/com.unity.ml-agents/Runtime/Sensors/RayPerceptionSensorComponentBase.cs
 0.1 kb	 0.0% Packages/com.unity.ml-agents/Runtime/Sensors/RayPerceptionSensorComponent3D.cs
 0.1 kb	 0.0% Packages/com.unity.ml-agents/Runtime/Sensors/RayPerceptionSensorComponent2D.cs
 0.1 kb	 0.0% Packages/com.unity.ml-agents/Runtime/Sensors/ArticulationBodySensorComponent.cs
 0.1 kb	 0.0% Packages/com.unity.ml-agents/Runtime/Sensors/ArticulationBodyPoseExtractor.cs
 0.1 kb	 0.0% Packages/com.unity.ml-agents/Runtime/Sensors/ArticulationBodyJointExtractor.cs
 0.1 kb	 0.0% Packages/com.unity.ml-agents/Runtime/Grpc/CommunicatorObjects/UnityInput.cs
 0.1 kb	 0.0% Packages/com.unity.ml-agents/Runtime/Grpc/CommunicatorObjects/SpaceType.cs
 0.1 kb	 0.0% Packages/com.unity.ml-agents/Runtime/Grpc/CommunicatorObjects/AgentInfo.cs
 0.1 kb	 0.0% Packages/com.unity.collections/Unity.Collections/UnsafeScratchAllocator.cs
 0.1 kb	 0.0% Packages/com.unity.collections/Unity.Collections/NativeParallelHashMapExtensions.cs
 0.1 kb	 0.0% Packages/com.unity.cloud.gltfast/Runtime/Scripts/Export/GltfBuiltInShaderMaterialExporter.cs
 0.1 kb	 0.0% Packages/com.unity.cloud.gltfast/DocExamples/MultipleInstances.cs
 0.1 kb	 0.0% Packages/com.unity.cloud.gltfast/DocExamples/LoadGltfFromMemory.cs
 0.1 kb	 0.0% Packages/com.unity.ai.inference/Runtime/Tokenization/Utf8CharSplitter.cs
 0.1 kb	 0.0% Packages/com.unity.ai.inference/Runtime/Tokenization/SubString.Comparer.cs
 0.1 kb	 0.0% Packages/com.unity.ai.inference/Runtime/Tokenization/Padding/RightPadding.cs
 0.1 kb	 0.0% Packages/com.unity.ai.inference/Runtime/Tokenization/Padding/LeftPadding.cs
 0.1 kb	 0.0% Packages/com.unity.ai.inference/Runtime/Tokenization/Mappers/MergePair.cs
 0.1 kb	 0.0% Packages/com.unity.ai.inference/Runtime/Tokenization/Mappers/BpeMapper.cs
 0.1 kb	 0.0% Packages/com.unity.ai.inference/Runtime/Tokenization/Decoders/StripDecoder.cs
 0.1 kb	 0.0% Packages/com.unity.ai.inference/Runtime/Tokenization/Decoders/FuseDecoder.cs
 0.1 kb	 0.0% Packages/com.unity.ai.inference/Runtime/Tokenization/Decoders/BpeDecoder.cs
 0.1 kb	 0.0% Packages/com.unity.ai.inference/Runtime/Tokenization/ByteLevelHelper.cs
 0.1 kb	 0.0% Packages/com.unity.ai.inference/Runtime/Tokenization/AddedVocabulary.cs
 0.1 kb	 0.0% Packages/com.unity.ai.inference/Runtime/Core/Serialization/FlatBuffers/IFlatbufferObject.cs
 0.1 kb	 0.0% Packages/com.unity.ai.inference/Runtime/Core/Serialization/FlatBuffers/FlatBufferConstants.cs
 0.1 kb	 0.0% Packages/com.unity.ai.inference/Runtime/Core/Serialization/FlatBuffers/FlatBufferBuilder.cs
 0.1 kb	 0.0% Packages/com.unity.ai.inference/Runtime/Core/Compiler/Passes/RemoveUnusedPass.cs
 0.1 kb	 0.0% Packages/com.unity.ai.inference/Runtime/Core/Compiler/Passes/RemoveNoOpsPass.cs
 0.1 kb	 0.0% Packages/com.unity.ai.inference/Runtime/Core/Compiler/Analyser/GraphLogicAnalysis.cs
 0.1 kb	 0.0% Packages/com.unity.ai.assistant/Runtime/Socket/Protocol/REST/Model/VersionSupportInfo.cs
 0.1 kb	 0.0% Packages/com.unity.ai.assistant/Runtime/Socket/Protocol/REST/Model/HTTPValidationError.cs
 0.1 kb	 0.0% Packages/com.unity.ai.assistant/Runtime/Socket/Protocol/REST/Model/FeedbackCreationV1.cs
 0.1 kb	 0.0% Packages/com.unity.ai.assistant/Runtime/Socket/Protocol/REST/Model/ConversationInfoV1.cs
 0.1 kb	 0.0% Packages/com.unity.ai.assistant/Runtime/Socket/Protocol/REST/Client/OpenAPIDateConverter.cs
 0.1 kb	 0.0% Packages/com.unity.ai.assistant/Runtime/Socket/Protocol/REST/Client/GlobalConfiguration.cs
 0.1 kb	 0.0% Packages/com.unity.ai.assistant/Runtime/Socket/Protocol/REST/Client/ConnectionException.cs
 0.1 kb	 0.0% Packages/com.unity.ai.assistant/Runtime/FunctionCalling/Permissions/ToolPermissions.State.cs
 0.1 kb	 0.0% Packages/com.unity.ai.assistant/Runtime/FunctionCalling/Permissions/ToolPermissions.PlayMode.cs
 0.1 kb	 0.0% Packages/com.unity.ai.assistant/Runtime/FunctionCalling/Permissions/ToolCallPermissions.cs
 0.1 kb	 0.0% Packages/com.unity.ai.assistant/Runtime/FunctionCalling/Interactions/ToolCallInteractions.cs
 0.1 kb	 0.0% Packages/com.unity.ai.assistant/Runtime/FunctionCalling/Interactions/NoOpToolInteractions.cs
 0.1 kb	 0.0% Packages/com.unity.ai.assistant/Runtime/FunctionCalling/Interactions/IToolInteractions.cs
 0.1 kb	 0.0% Packages/com.unity.ai.assistant/Runtime/FunctionCalling/IAssemblyFunction.cs
 0.1 kb	 0.0% Packages/com.unity.ai.assistant/Runtime/FunctionCalling/FunctionCallUtils.cs
 0.1 kb	 0.0% Packages/com.unity.ai.assistant/Runtime/FunctionCalling/Context/ToolUiContainerUtils.cs
 0.1 kb	 0.0% Packages/com.unity.ai.assistant/Runtime/FunctionCalling/Context/ToolExecutionContext.cs
 0.1 kb	 0.0% Packages/com.unity.ai.assistant/Runtime/FunctionCalling/Context/IApprovalInteraction.cs
 0.1 kb	 0.0% Packages/com.unity.ai.assistant/Runtime/FunctionCalling/Context/ConversationContext.cs
 0.1 kb	 0.0% Packages/com.unity.ai.assistant/Runtime/FunctionCalling/Attributes/AgentToolAttribute.cs
 0.1 kb	 0.0% Packages/com.unity.ai.assistant/Runtime/Backend/IUnityVersionProvider.cs
 0.1 kb	 0.0% Packages/com.unity.ai.assistant/Runtime/Backend/IOrganizationIdProvider.cs
 0.1 kb	 0.0% Packages/com.unity.ai.assistant/Runtime/ApplicationModels/VersionSupportInfo.cs
 0.1 kb	 0.0% Packages/com.unity.ai.assistant/Runtime/ApplicationModels/ParameterDefinition.cs
 0.1 kb	 0.0% Packages/com.unity.ai.assistant/Runtime/ApplicationModels/FunctionDefinition.cs
 0.1 kb	 0.0% Packages/com.unity.ai.assistant/Runtime/ApplicationModels/EditorContextReport.cs
 0.1 kb	 0.0% Packages/com.unity.ai.assistant/Runtime/ApplicationModels/ConversationFragment.cs
 0.1 kb	 0.0% Packages/com.unity.ai.assistant/Runtime/ApplicationModels/ClientConversation.cs
 0.1 kb	 0.0% Assets/com.unity.inputsystem@ea5ab5b33a26/InputSystem/Utilities/Observables/ForDeviceEventObservable.cs
 0.1 kb	 0.0% Assets/com.unity.inputsystem@ea5ab5b33a26/InputSystem/Plugins/XR/Haptics/SendHapticImpulseCommand.cs
 0.1 kb	 0.0% Assets/com.unity.inputsystem@ea5ab5b33a26/InputSystem/Plugins/Android/AndroidSensors.cs
 0.1 kb	 0.0% Assets/com.unity.inputsystem@ea5ab5b33a26/InputSystem/Editor/AssetEditor/NameAndParameterListView.cs
 0.1 kb	 0.0% Assets/com.unity.inputsystem@ea5ab5b33a26/InputSystem/Controls/Processors/StickDeadzoneProcessor.cs
 0.1 kb	 0.0% Assets/com.unity.inputsystem@ea5ab5b33a26/InputSystem/Controls/Processors/ScaleVector3Processor.cs
 0.1 kb	 0.0% Assets/com.unity.inputsystem@ea5ab5b33a26/InputSystem/Controls/Processors/ScaleVector2Processor.cs
 0.1 kb	 0.0% Assets/com.unity.inputsystem@ea5ab5b33a26/InputSystem/Controls/Processors/InvertVector3Processor.cs
 0.1 kb	 0.0% Assets/com.unity.inputsystem@ea5ab5b33a26/InputSystem/Controls/Processors/InvertVector2Processor.cs
 0.1 kb	 0.0% Assets/com.unity.inputsystem@ea5ab5b33a26/InputSystem/Controls/Processors/AxisDeadzoneProcessor.cs
 0.1 kb	 0.0% Assets/com.unity.inputsystem@ea5ab5b33a26/InputSystem/Actions/Composites/TwoModifiersComposite.cs
 0.1 kb	 0.0% Assets/com.unity.inputsystem@ea5ab5b33a26/InputSystem/Actions/Composites/ButtonWithTwoModifiers.cs
 0.1 kb	 0.0% Assets/com.unity.inputsystem@ea5ab5b33a26/InputSystem/Actions/Composites/ButtonWithOneModifier.cs
 0.1 kb	 0.0% Packages/com.unity.visualscripting/Runtime/VisualScripting.State/TriggerStateTransition.cs
 0.1 kb	 0.0% Packages/com.unity.visualscripting/Runtime/VisualScripting.State/INesterStateTransition.cs
 0.1 kb	 0.0% Packages/com.unity.visualscripting/Runtime/VisualScripting.Flow/UnitCategoryConverter.cs
 0.1 kb	 0.0% Packages/com.unity.visualscripting/Runtime/VisualScripting.Flow/Ports/ValueOutputDefinition.cs
 0.1 kb	 0.0% Packages/com.unity.visualscripting/Runtime/VisualScripting.Flow/Ports/IUnitValuePortDefinition.cs
 0.1 kb	 0.0% Packages/com.unity.visualscripting/Runtime/VisualScripting.Flow/Ports/IUnitInputPortDefinition.cs
 0.1 kb	 0.0% Packages/com.unity.visualscripting/Runtime/VisualScripting.Flow/Ports/ControlPortDefinition.cs
 0.1 kb	 0.0% Packages/com.unity.visualscripting/Runtime/VisualScripting.Flow/Ports/ControlOutputDefinition.cs
 0.1 kb	 0.0% Packages/com.unity.visualscripting/Runtime/VisualScripting.Flow/Ports/ControlInputDefinition.cs
 0.1 kb	 0.0% Packages/com.unity.visualscripting/Runtime/VisualScripting.Flow/Framework/Variables/Obsolete/SetApplicationVariable.cs
 0.1 kb	 0.0% Packages/com.unity.visualscripting/Runtime/VisualScripting.Flow/Framework/Variables/Obsolete/IsVariableDefinedUnit.cs
 0.1 kb	 0.0% Packages/com.unity.visualscripting/Runtime/VisualScripting.Flow/Framework/Variables/Obsolete/IsSceneVariableDefined.cs
 0.1 kb	 0.0% Packages/com.unity.visualscripting/Runtime/VisualScripting.Flow/Framework/Variables/Obsolete/IsSavedVariableDefined.cs
 0.1 kb	 0.0% Packages/com.unity.visualscripting/Runtime/VisualScripting.Flow/Framework/Variables/Obsolete/IsObjectVariableDefined.cs
 0.1 kb	 0.0% Packages/com.unity.visualscripting/Runtime/VisualScripting.Flow/Framework/Variables/Obsolete/IsGraphVariableDefined.cs
 0.1 kb	 0.0% Packages/com.unity.visualscripting/Runtime/VisualScripting.Flow/Framework/Variables/Obsolete/IApplicationVariableUnit.cs
 0.1 kb	 0.0% Packages/com.unity.visualscripting/Runtime/VisualScripting.Flow/Framework/Variables/Obsolete/GetApplicationVariable.cs
 0.1 kb	 0.0% Packages/com.unity.visualscripting/Runtime/VisualScripting.Flow/Framework/Time/WaitForEndOfFrameUnit.cs
 0.1 kb	 0.0% Packages/com.unity.visualscripting/Runtime/VisualScripting.Flow/Framework/Logic/NotApproximatelyEqual.cs
 0.1 kb	 0.0% Packages/com.unity.visualscripting/Runtime/VisualScripting.Flow/Framework/Events/Physics/OnControllerColliderHit.cs
 0.1 kb	 0.0% Packages/com.unity.visualscripting/Runtime/VisualScripting.Flow/Framework/Events/Hierarchy/OnTransformParentChanged.cs
 0.1 kb	 0.0% Packages/com.unity.visualscripting/Runtime/VisualScripting.Flow/Framework/Events/GUI/OnScrollbarValueChanged.cs
 0.1 kb	 0.0% Packages/com.unity.visualscripting/Runtime/VisualScripting.Flow/Framework/Events/GUI/OnScrollRectValueChanged.cs
 0.1 kb	 0.0% Packages/com.unity.visualscripting/Runtime/VisualScripting.Flow/Framework/Events/GUI/OnInputFieldValueChanged.cs
 0.1 kb	 0.0% Packages/com.unity.visualscripting/Runtime/VisualScripting.Flow/Framework/Events/GUI/OnDropdownValueChanged.cs
 0.1 kb	 0.0% Packages/com.unity.visualscripting/Runtime/VisualScripting.Flow/Framework/Events/Application/OnApplicationLostFocus.cs
 0.1 kb	 0.0% Packages/com.unity.visualscripting/Runtime/VisualScripting.Flow/Framework/Events/Animation/BoltNamedAnimationEvent.cs
 0.1 kb	 0.0% Packages/com.unity.visualscripting/Runtime/VisualScripting.Flow/Framework/Collections/Dictionaries/DictionaryContainsKey.cs
 0.1 kb	 0.0% Packages/com.unity.visualscripting/Runtime/VisualScripting.Flow/EditorBinding/UnitSurtitleAttribute.cs
 0.1 kb	 0.0% Packages/com.unity.visualscripting/Runtime/VisualScripting.Flow/EditorBinding/UnitSubtitleAttribute.cs
 0.1 kb	 0.0% Packages/com.unity.visualscripting/Runtime/VisualScripting.Flow/EditorBinding/UnitShortTitleAttribute.cs
 0.1 kb	 0.0% Packages/com.unity.visualscripting/Runtime/VisualScripting.Flow/EditorBinding/UnitFooterPortsAttribute.cs
 0.1 kb	 0.0% Packages/com.unity.visualscripting/Runtime/VisualScripting.Flow/EditorBinding/PortLabelHiddenAttribute.cs
 0.1 kb	 0.0% Packages/com.unity.visualscripting/Runtime/VisualScripting.Flow/Dependencies/NCalc/ValueExpression.cs
 0.1 kb	 0.0% Packages/com.unity.visualscripting/Runtime/VisualScripting.Flow/Dependencies/NCalc/UnaryExpression.cs
 0.1 kb	 0.0% Packages/com.unity.visualscripting/Runtime/VisualScripting.Flow/Dependencies/NCalc/ParameterArgs.cs
 0.1 kb	 0.0% Packages/com.unity.visualscripting/Runtime/VisualScripting.Flow/Dependencies/NCalc/BinaryExpression.cs
 0.1 kb	 0.0% Packages/com.unity.visualscripting/Runtime/VisualScripting.Flow/Connections/UnitConnectionDebugData.cs
 0.1 kb	 0.0% Packages/com.unity.visualscripting/Runtime/VisualScripting.Flow/Connections/IUnitConnectionDebugData.cs
 0.1 kb	 0.0% Packages/com.unity.visualscripting/Runtime/VisualScripting.Core/Variables/VariableKindAttribute.cs
 0.1 kb	 0.0% Packages/com.unity.visualscripting/Runtime/VisualScripting.Core/Variables/IGraphDataWithVariables.cs
 0.1 kb	 0.0% Packages/com.unity.visualscripting/Runtime/VisualScripting.Core/Utilities/RuntimeVSUsageUtility.cs
 0.1 kb	 0.0% Packages/com.unity.visualscripting/Runtime/VisualScripting.Core/Utilities/IAnalyticsIdentifiable.cs
 0.1 kb	 0.0% Packages/com.unity.visualscripting/Runtime/VisualScripting.Core/Utilities/ComponentHolderProtocol.cs
 0.1 kb	 0.0% Packages/com.unity.visualscripting/Runtime/VisualScripting.Core/Unity/MacroScriptableObject.cs
 0.1 kb	 0.0% Packages/com.unity.visualscripting/Runtime/VisualScripting.Core/Unity/LudiqScriptableObject.cs
 0.1 kb	 0.0% Packages/com.unity.visualscripting/Runtime/VisualScripting.Core/Serialization/SerializationOperation.cs
 0.1 kb	 0.0% Packages/com.unity.visualscripting/Runtime/VisualScripting.Core/Serialization/ISerializationDepender.cs
 0.1 kb	 0.0% Packages/com.unity.visualscripting/Runtime/VisualScripting.Core/Serialization/ISerializationDependency.cs
 0.1 kb	 0.0% Packages/com.unity.visualscripting/Runtime/VisualScripting.Core/Serialization/DoNotSerializeAttribute.cs
 0.1 kb	 0.0% Packages/com.unity.visualscripting/Runtime/VisualScripting.Core/Reflection/RenamedAssemblyAttribute.cs
 0.1 kb	 0.0% Packages/com.unity.visualscripting/Runtime/VisualScripting.Core/Reflection/Optimization/StaticActionInvokerBase.cs
 0.1 kb	 0.0% Packages/com.unity.visualscripting/Runtime/VisualScripting.Core/Reflection/Optimization/ReflectionFieldAccessor.cs
 0.1 kb	 0.0% Packages/com.unity.visualscripting/Runtime/VisualScripting.Core/Reflection/Operators/NumericNegationHandler.cs
 0.1 kb	 0.0% Packages/com.unity.visualscripting/Runtime/VisualScripting.Core/Reflection/Operators/MultiplicationHandler.cs
 0.1 kb	 0.0% Packages/com.unity.visualscripting/Runtime/VisualScripting.Core/Reflection/Operators/LogicalNegationHandler.cs
 0.1 kb	 0.0% Packages/com.unity.visualscripting/Runtime/VisualScripting.Core/Reflection/Operators/LessThanOrEqualHandler.cs
 0.1 kb	 0.0% Packages/com.unity.visualscripting/Runtime/VisualScripting.Core/Reflection/Operators/InvalidOperatorException.cs
 0.1 kb	 0.0% Packages/com.unity.visualscripting/Runtime/VisualScripting.Core/Reflection/Operators/BinaryOperatorHandler.cs
 0.1 kb	 0.0% Packages/com.unity.visualscripting/Runtime/VisualScripting.Core/Reflection/GenericClosingException.cs
 0.1 kb	 0.0% Packages/com.unity.visualscripting/Runtime/VisualScripting.Core/Platforms/AotIncompatibleAttribute.cs
 0.1 kb	 0.0% Packages/com.unity.visualscripting/Runtime/VisualScripting.Core/Listeners/IGraphEventListenerData.cs
 0.1 kb	 0.0% Packages/com.unity.visualscripting/Runtime/VisualScripting.Core/Listeners/GlobalMessageListener.cs
 0.1 kb	 0.0% Packages/com.unity.visualscripting/Runtime/VisualScripting.Core/Listeners/AnimatorMessageListener.cs
 0.1 kb	 0.0% Packages/com.unity.visualscripting/Runtime/VisualScripting.Core/Graphs/IGraphElementWithData.cs
 0.1 kb	 0.0% Packages/com.unity.visualscripting/Runtime/VisualScripting.Core/Graphs/IGraphElementDebugData.cs
 0.1 kb	 0.0% Packages/com.unity.visualscripting/Runtime/VisualScripting.Core/Graphs/GraphsExceptionUtility.cs
 0.1 kb	 0.0% Packages/com.unity.visualscripting/Runtime/VisualScripting.Core/Graphs/GraphPointerException.cs
 0.1 kb	 0.0% Packages/com.unity.visualscripting/Runtime/VisualScripting.Core/EditorBinding/NullMeansSelfAttribute.cs
 0.1 kb	 0.0% Packages/com.unity.visualscripting/Runtime/VisualScripting.Core/EditorBinding/Inspector/InspectorWideAttribute.cs
 0.1 kb	 0.0% Packages/com.unity.visualscripting/Runtime/VisualScripting.Core/EditorBinding/Inspector/InspectorRangeAttribute.cs
 0.1 kb	 0.0% Packages/com.unity.visualscripting/Runtime/VisualScripting.Core/EditorBinding/Inspector/InspectorLabelAttribute.cs
 0.1 kb	 0.0% Packages/com.unity.visualscripting/Runtime/VisualScripting.Core/EditorBinding/InspectableIfAttribute.cs
 0.1 kb	 0.0% Packages/com.unity.visualscripting/Runtime/VisualScripting.Core/EditorBinding/IInspectableAttribute.cs
 0.1 kb	 0.0% Packages/com.unity.visualscripting/Runtime/VisualScripting.Core/EditorBinding/ExpectedTypeAttribute.cs
 0.1 kb	 0.0% Packages/com.unity.visualscripting/Runtime/VisualScripting.Core/Collections/INotifiedCollectionItem.cs
 0.1 kb	 0.0% Packages/com.unity.visualscripting/Runtime/VisualScripting.Core/Cloning/Cloners/FakeSerializationCloner.cs
 0.1 kb	 0.0% Packages/com.unity.ugui/Runtime/TMP/TMP_SpriteAssetImportFormats.cs
 0.1 kb	 0.0% Packages/com.unity.timeline/Runtime/Animation/AnimationPreviewUpdateCallback.cs
 0.1 kb	 0.0% Packages/com.unity.timeline/Runtime/Animation/AnimationOutputWeightProcessor.cs
 0.1 kb	 0.0% Packages/com.unity.shadergraph/ShaderGraphLibrary/DummyShaderGraphLibrary.cs
 0.1 kb	 0.0% Packages/com.unity.serialization/Runtime/Unity.Serialization/Json/Parser/UnsafeSerializedObjectReader.cs
 0.1 kb	 0.0% Packages/com.unity.serialization/Runtime/Unity.Serialization/Json/Parser/Internal/SerializationConfiguration.cs
 0.1 kb	 0.0% Packages/com.unity.serialization/Runtime/Unity.Serialization/Binary/BinarySerialization+FromBinary.cs
 0.1 kb	 0.0% Packages/com.unity.render-pipelines.universal/ShaderLibrary/ShaderTypes.cs
 0.1 kb	 0.0% Packages/com.unity.render-pipelines.universal/ShaderLibrary/Deprecated.cs
 0.1 kb	 0.0% Packages/com.unity.render-pipelines.universal/Runtime/Tiling/TileSize.cs
 0.1 kb	 0.0% Packages/com.unity.render-pipelines.universal/Runtime/2D/UTess2D/UTess.cs
 0.1 kb	 0.0% Packages/com.unity.render-pipelines.universal/Runtime/2D/Shadows/ShadowProvider/ShadowMesh2D.cs
 0.1 kb	 0.0% Packages/com.unity.render-pipelines.universal/Runtime/2D/Shadows/ShadowProvider/ShadowEdge.cs
 0.1 kb	 0.0% Packages/com.unity.render-pipelines.universal/Runtime/2D/Shadows/ShadowProvider/IEdgeStore.cs
 0.1 kb	 0.0% Packages/com.unity.render-pipelines.universal/Runtime/2D/Rendergraph/UpscalePass.cs
 0.1 kb	 0.0% Packages/com.unity.render-pipelines.universal/Runtime/2D/Passes/Utility/LightBatch.cs
 0.1 kb	 0.0% Packages/com.unity.render-pipelines.universal/Runtime/2D/Passes/Utility/LayerUtility.cs
 0.1 kb	 0.0% Packages/com.unity.render-pipelines.universal/Runtime/2D/LightUtility.cs
 0.1 kb	 0.0% Packages/com.unity.render-pipelines.core/Runtime/Utilities/SweepLineRectUtils.cs
 0.1 kb	 0.0% Packages/com.unity.render-pipelines.core/Runtime/Utilities/SceneRenderPipeline.cs
 0.1 kb	 0.0% Packages/com.unity.render-pipelines.core/Runtime/Utilities/MaterialQuality.cs
 0.1 kb	 0.0% Packages/com.unity.render-pipelines.core/Runtime/Utilities/CullContextData.cs
 0.1 kb	 0.0% Packages/com.unity.render-pipelines.core/Runtime/Utilities/CameraCaptureBridge.cs
 0.1 kb	 0.0% Packages/com.unity.render-pipelines.core/Runtime/ShaderGenerator/ShaderGeneratorAttributes.cs
 0.1 kb	 0.0% Packages/com.unity.render-pipelines.core/Runtime/RenderGraph/RenderGraph.cs
 0.1 kb	 0.0% Packages/com.unity.render-pipelines.core/Runtime/PostProcessing/LensFlareCommonSRP.cs
 0.1 kb	 0.0% Packages/com.unity.render-pipelines.core/Runtime/LookDev/IDataProvider.cs
 0.1 kb	 0.0% Packages/com.unity.render-pipelines.core/Runtime/Lighting/SphericalHarmonics.cs
 0.1 kb	 0.0% Packages/com.unity.render-pipelines.core/Runtime/Lighting/ProbeVolume/ProbeVolumesOptions.cs
 0.1 kb	 0.0% Packages/com.unity.render-pipelines.core/Runtime/Lighting/ProbeVolume/ProbeVolumeSceneData.cs
 0.1 kb	 0.0% Packages/com.unity.render-pipelines.core/Runtime/Lighting/ProbeVolume/ProbeVolumeGIContributor.cs
 0.1 kb	 0.0% Packages/com.unity.render-pipelines.core/Runtime/Lighting/ProbeVolume/ProbeVolumeBakingSet.cs
 0.1 kb	 0.0% Packages/com.unity.render-pipelines.core/Runtime/Lighting/ProbeVolume/ProbeVolumeAsset.cs
 0.1 kb	 0.0% Packages/com.unity.render-pipelines.core/Runtime/Lighting/ProbeVolume/ProbeReferenceVolume.cs
 0.1 kb	 0.0% Packages/com.unity.render-pipelines.core/Runtime/Documentation.cs
 0.1 kb	 0.0% Packages/com.unity.render-pipelines.core/Runtime/Debugging/Prefabs/Scripts/DebugUIHandlerWidget.cs
 0.1 kb	 0.0% Packages/com.unity.render-pipelines.core/Runtime/Debugging/Prefabs/Scripts/DebugUIHandlerValue.cs
 0.1 kb	 0.0% Packages/com.unity.render-pipelines.core/Runtime/Debugging/Prefabs/Scripts/DebugUIHandlerVBox.cs
 0.1 kb	 0.0% Packages/com.unity.render-pipelines.core/Runtime/Debugging/Prefabs/Scripts/DebugUIHandlerToggle.cs
 0.1 kb	 0.0% Packages/com.unity.render-pipelines.core/Runtime/Debugging/Prefabs/Scripts/DebugUIHandlerRow.cs
 0.1 kb	 0.0% Packages/com.unity.render-pipelines.core/Runtime/Debugging/Prefabs/Scripts/DebugUIHandlerPanel.cs
 0.1 kb	 0.0% Packages/com.unity.render-pipelines.core/Runtime/Debugging/Prefabs/Scripts/DebugUIHandlerObject.cs
 0.1 kb	 0.0% Packages/com.unity.render-pipelines.core/Runtime/Debugging/Prefabs/Scripts/DebugUIHandlerHBox.cs
 0.1 kb	 0.0% Packages/com.unity.render-pipelines.core/Runtime/Debugging/Prefabs/Scripts/DebugUIHandlerGroup.cs
 0.1 kb	 0.0% Packages/com.unity.render-pipelines.core/Runtime/Debugging/Prefabs/Scripts/DebugUIHandlerColor.cs
 0.1 kb	 0.0% Packages/com.unity.render-pipelines.core/Runtime/Debugging/Prefabs/Scripts/DebugUIHandlerCanvas.cs
 0.1 kb	 0.0% Packages/com.unity.render-pipelines.core/Runtime/Debugging/Prefabs/Scripts/DebugUIHandlerButton.cs
 0.1 kb	 0.0% Packages/com.unity.render-pipelines.core/Runtime/Debugging/MousePositionDebug.cs
 0.1 kb	 0.0% Packages/com.unity.render-pipelines.core/Runtime/Debugging/IVolumeDebugSettings.cs
 0.1 kb	 0.0% Packages/com.unity.render-pipelines.core/Runtime/Debugging/FrameTiming/FrameTimeBottleneck.cs
 0.1 kb	 0.0% Packages/com.unity.render-pipelines.core/Runtime/Common/Swap.Extensions.cs
 0.1 kb	 0.0% Packages/com.unity.render-pipelines.core/Runtime/Common/ReloadGroupAttribute.cs
 0.1 kb	 0.0% Packages/com.unity.render-pipelines.core/Runtime/Common/CommandBufferPool.cs
 0.1 kb	 0.0% Packages/com.unity.render-pipelines.core/Runtime/CommandBuffers/UnsafeCommandBuffer.cs
 0.1 kb	 0.0% Packages/com.unity.render-pipelines.core/Runtime/CommandBuffers/RasterCommandBuffer.cs
 0.1 kb	 0.0% Packages/com.unity.render-pipelines.core/Runtime/CommandBuffers/IUnsafeCommandBuffer.cs
 0.1 kb	 0.0% Packages/com.unity.render-pipelines.core/Runtime/CommandBuffers/IRasterCommandBuffer.cs
 0.1 kb	 0.0% Packages/com.unity.render-pipelines.core/Runtime/CommandBuffers/IBaseCommandBuffer.cs
 0.1 kb	 0.0% Packages/com.unity.render-pipelines.core/Runtime/CommandBuffers/ComputeCommandBuffer.cs
 0.1 kb	 0.0% Packages/com.unity.render-pipelines.core/Runtime/CommandBuffers/CommandBufferHelpers.cs
 0.1 kb	 0.0% Packages/com.unity.multiplayer.center/Common/StyleConstants.cs
 0.1 kb	 0.0% Packages/com.unity.ml-agents/Runtime/SideChannels/TrainingAnalyticsSideChannel.cs
 0.1 kb	 0.0% Packages/com.unity.ml-agents/Runtime/SideChannels/EnvironmentParametersChannel.cs
 0.1 kb	 0.0% Packages/com.unity.ml-agents/Runtime/SideChannels/EngineConfigurationChannel.cs
 0.1 kb	 0.0% Packages/com.unity.ml-agents/Runtime/Sensors/Reflection/Vector4ReflectionSensor.cs
 0.1 kb	 0.0% Packages/com.unity.ml-agents/Runtime/Sensors/Reflection/Vector3ReflectionSensor.cs
 0.1 kb	 0.0% Packages/com.unity.ml-agents/Runtime/Sensors/Reflection/Vector2ReflectionSensor.cs
 0.1 kb	 0.0% Packages/com.unity.ml-agents/Runtime/Sensors/Reflection/FloatReflectionSensor.cs
 0.1 kb	 0.0% Packages/com.unity.ml-agents/Runtime/Integrations/Match3/Match3SensorComponent.cs
 0.1 kb	 0.0% Packages/com.unity.ml-agents/Runtime/Integrations/Match3/Match3ActuatorComponent.cs
 0.1 kb	 0.0% Packages/com.unity.ml-agents/Runtime/Grpc/CommunicatorObjects/Command.cs
 0.1 kb	 0.0% Packages/com.unity.collections/Unity.Collections/UnsafeAtomicCounter.cs
 0.1 kb	 0.0% Packages/com.unity.ai.inference/Runtime/Tokenization/Direction.cs
 0.1 kb	 0.0% Packages/com.unity.ai.inference/Runtime/Core/Graph/GraphModuleExtensions.cs
 0.1 kb	 0.0% Packages/com.unity.ai.inference/Runtime/Core/Compiler/Validation/IValidationPass.cs
 0.1 kb	 0.0% Packages/com.unity.ai.inference/Runtime/Core/Compiler/Passes/ValidatePasses.cs
 0.1 kb	 0.0% Packages/com.unity.ai.assistant/Runtime/Utils/FunctionDefinitionUtils.cs
 0.1 kb	 0.0% Packages/com.unity.ai.assistant/Runtime/Socket/Workflows/Chat/IChatWorkflow.cs
 0.1 kb	 0.0% Packages/com.unity.ai.assistant/Runtime/Socket/Workflows/Chat/BaseChatWorkflow.cs
 0.1 kb	 0.0% Packages/com.unity.ai.assistant/Runtime/Socket/ErrorHandling/BackendResult.cs
 0.1 kb	 0.0% Packages/com.unity.ai.assistant/Runtime/Socket/Communication/ReceiveResult.cs
 0.1 kb	 0.0% Packages/com.unity.ai.assistant/Runtime/Socket/Communication/IClientWebSocket.cs
 0.1 kb	 0.0% Packages/com.unity.ai.assistant/Runtime/Socket/Communication/ConnectResult.cs
 0.1 kb	 0.0% Packages/com.unity.ai.assistant/Runtime/FunctionCalling/Context/PersistentState.cs
 0.1 kb	 0.0% Packages/com.unity.ai.assistant/Runtime/Data/AssistantMessageBlock.cs
 0.1 kb	 0.0% Packages/com.unity.ai.assistant/Runtime/Data/AssistantFunctionCall.cs
 0.1 kb	 0.0% Packages/com.unity.ai.assistant/Runtime/Data/AssistantConversationId.cs
 0.1 kb	 0.0% Packages/com.unity.ai.assistant/Runtime/Data/AssistantConversation.cs
 0.1 kb	 0.0% Packages/com.unity.ai.assistant/Runtime/Data/AssistantContextEntry.cs
 0.1 kb	 0.0% Packages/com.unity.ai.assistant/Runtime/Data/AcknowledgePromptInfo.cs
 0.1 kb	 0.0% Assets/com.unity.inputsystem@ea5ab5b33a26/InputSystem/State/IInputStateChangeMonitor.cs
 0.1 kb	 0.0% Assets/com.unity.inputsystem@ea5ab5b33a26/InputSystem/Plugins/iOS/IOSGameController.cs
 0.1 kb	 0.0% Assets/com.unity.inputsystem@ea5ab5b33a26/InputSystem/Plugins/XInput/XInputControllerWindows.cs
 0.1 kb	 0.0% Assets/com.unity.inputsystem@ea5ab5b33a26/InputSystem/Plugins/Users/InputUserAccountHandle.cs
 0.1 kb	 0.0% Assets/com.unity.inputsystem@ea5ab5b33a26/InputSystem/Plugins/Switch/SwitchProControllerHID.cs
 0.1 kb	 0.0% Assets/com.unity.inputsystem@ea5ab5b33a26/InputSystem/Plugins/PlayerInput/PlayerInputManagerEditor.cs
 0.1 kb	 0.0% Assets/com.unity.inputsystem@ea5ab5b33a26/InputSystem/Plugins/OSX/OSXGameController.cs
 0.1 kb	 0.0% Assets/com.unity.inputsystem@ea5ab5b33a26/InputSystem/Plugins/EnhancedTouch/EnhancedTouchSupport.cs
 0.1 kb	 0.0% Assets/com.unity.inputsystem@ea5ab5b33a26/InputSystem/Events/DeviceConfigurationEvent.cs
 0.1 kb	 0.0% Assets/com.unity.inputsystem@ea5ab5b33a26/InputSystem/Editor/UITKAssetEditor/Views/VisualElementExtensions.cs
 0.1 kb	 0.0% Assets/com.unity.inputsystem@ea5ab5b33a26/InputSystem/Editor/UITKAssetEditor/Views/InputActionsTreeViewItem.cs
 0.1 kb	 0.0% Assets/com.unity.inputsystem@ea5ab5b33a26/InputSystem/Editor/UITKAssetEditor/Views/InputActionsEditorView.cs
 0.1 kb	 0.0% Assets/com.unity.inputsystem@ea5ab5b33a26/InputSystem/Editor/UITKAssetEditor/Views/BindingPropertiesView.cs
 0.1 kb	 0.0% Assets/com.unity.inputsystem@ea5ab5b33a26/InputSystem/Editor/UITKAssetEditor/SerializedInputBinding.cs
 0.1 kb	 0.0% Assets/com.unity.inputsystem@ea5ab5b33a26/InputSystem/Editor/UITKAssetEditor/SerializedInputActionMap.cs
 0.1 kb	 0.0% Assets/com.unity.inputsystem@ea5ab5b33a26/InputSystem/Editor/UITKAssetEditor/SerializedInputAction.cs
 0.1 kb	 0.0% Assets/com.unity.inputsystem@ea5ab5b33a26/InputSystem/Editor/UITKAssetEditor/InputActionsEditorWindow.cs
 0.1 kb	 0.0% Assets/com.unity.inputsystem@ea5ab5b33a26/InputSystem/Editor/UITKAssetEditor/InputActionsEditorState.cs
 0.1 kb	 0.0% Assets/com.unity.inputsystem@ea5ab5b33a26/InputSystem/Editor/UITKAssetEditor/Commands/ControlSchemeCommands.cs
 0.1 kb	 0.0% Assets/com.unity.inputsystem@ea5ab5b33a26/InputSystem/Editor/Settings/InputSettingsProvider.cs
 0.1 kb	 0.0% Assets/com.unity.inputsystem@ea5ab5b33a26/InputSystem/Editor/Settings/InputEditorUserSettings.cs
 0.1 kb	 0.0% Assets/com.unity.inputsystem@ea5ab5b33a26/InputSystem/Editor/PropertyDrawers/InputControlPathDrawer.cs
 0.1 kb	 0.0% Assets/com.unity.inputsystem@ea5ab5b33a26/InputSystem/Editor/PropertyDrawers/InputActionDrawerBase.cs
 0.1 kb	 0.0% Assets/com.unity.inputsystem@ea5ab5b33a26/InputSystem/Editor/PropertyDrawers/InputActionAssetDrawer.cs
 0.1 kb	 0.0% Assets/com.unity.inputsystem@ea5ab5b33a26/InputSystem/Editor/ProjectWideActions/ProjectWideActionsAsset.cs
 0.1 kb	 0.0% Assets/com.unity.inputsystem@ea5ab5b33a26/InputSystem/Editor/Internal/AdvancedDropdown/AdvancedDropdownWindow.cs
 0.1 kb	 0.0% Assets/com.unity.inputsystem@ea5ab5b33a26/InputSystem/Editor/Internal/AdvancedDropdown/AdvancedDropdownState.cs
 0.1 kb	 0.0% Assets/com.unity.inputsystem@ea5ab5b33a26/InputSystem/Editor/InputSystemPluginControl.cs
 0.1 kb	 0.0% Assets/com.unity.inputsystem@ea5ab5b33a26/InputSystem/Editor/InputLayoutCodeGenerator.cs
 0.1 kb	 0.0% Assets/com.unity.inputsystem@ea5ab5b33a26/InputSystem/Editor/InputAssetEditorUtils.cs
 0.1 kb	 0.0% Assets/com.unity.inputsystem@ea5ab5b33a26/InputSystem/Editor/ControlPicker/InputControlPickerState.cs
 0.1 kb	 0.0% Assets/com.unity.inputsystem@ea5ab5b33a26/InputSystem/Editor/ControlPicker/InputControlPathEditor.cs
 0.1 kb	 0.0% Assets/com.unity.inputsystem@ea5ab5b33a26/InputSystem/Editor/ControlPicker/InputControlDropdownItem.cs
 0.1 kb	 0.0% Assets/com.unity.inputsystem@ea5ab5b33a26/InputSystem/Editor/AssetImporter/InputActionCodeGenerator.cs
 0.1 kb	 0.0% Assets/com.unity.inputsystem@ea5ab5b33a26/InputSystem/Editor/AssetImporter/InputActionAssetEditor.cs
 0.1 kb	 0.0% Assets/com.unity.inputsystem@ea5ab5b33a26/InputSystem/Editor/AssetImporter/IInputActionAssetEditor.cs
 0.1 kb	 0.0% Assets/com.unity.inputsystem@ea5ab5b33a26/InputSystem/Editor/AssetEditor/InputActionEditorWindow.cs
 0.1 kb	 0.0% Assets/com.unity.inputsystem@ea5ab5b33a26/InputSystem/Editor/AssetEditor/InputActionEditorToolbar.cs
 0.1 kb	 0.0% Assets/com.unity.inputsystem@ea5ab5b33a26/InputSystem/Editor/AssetEditor/InputActionAssetManager.cs
 0.1 kb	 0.0% Assets/com.unity.inputsystem@ea5ab5b33a26/InputSystem/Devices/Remote/RemoteInputPlayerConnection.cs
 0.1 kb	 0.0% Assets/com.unity.inputsystem@ea5ab5b33a26/InputSystem/Devices/InputDeviceDescription.cs
 0.1 kb	 0.0% Assets/com.unity.inputsystem@ea5ab5b33a26/InputSystem/Devices/Haptics/DualMotorRumbleCommand.cs
 0.1 kb	 0.0% Assets/com.unity.inputsystem@ea5ab5b33a26/InputSystem/Devices/Commands/WarpMousePositionCommand.cs
 0.1 kb	 0.0% Assets/com.unity.inputsystem@ea5ab5b33a26/InputSystem/Devices/Commands/QueryEnabledStateCommand.cs
 0.1 kb	 0.0% Assets/com.unity.inputsystem@ea5ab5b33a26/InputSystem/Devices/Commands/QueryDimensionsCommand.cs
 0.1 kb	 0.0% Assets/com.unity.inputsystem@ea5ab5b33a26/InputSystem/Devices/Commands/QueryCanRunInBackground.cs
 0.1 kb	 0.0% Assets/com.unity.inputsystem@ea5ab5b33a26/InputSystem/Devices/Commands/IInputDeviceCommandInfo.cs
 0.1 kb	 0.0% Assets/com.unity.inputsystem@ea5ab5b33a26/InputSystem/Controls/InputControlAttribute.cs
 0.1 kb	 0.0% Assets/com.unity.inputsystem@ea5ab5b33a26/InputSystem/Controls/DiscreteButtonControl.cs
 0.1 kb	 0.0% Assets/com.unity.inputsystem@ea5ab5b33a26/InputSystem/Actions/InputBindingCompositeContext.cs
 0.1 kb	 0.0% Assets/com.unity.inputsystem@ea5ab5b33a26/InputSystem/Actions/InputActionSetupExtensions.cs
 0.1 kb	 0.0% Assets/com.unity.inputsystem@ea5ab5b33a26/InputSystem/Actions/InputActionParameters.cs
 0.1 kb	 0.0% Assets/Collaboration/TextMesh Pro/Resources/LineBreaking Leading Characters.txt
 0.1 kb	 0.0% Packages/com.unity.visualscripting/Runtime/VisualScripting.Core/Reflection/Optimization/StaticActionInvoker_5.cs
 0.1 kb	 0.0% Packages/com.unity.visualscripting/Runtime/VisualScripting.Core/Reflection/Optimization/StaticActionInvoker_4.cs
 0.1 kb	 0.0% Packages/com.unity.visualscripting/Runtime/VisualScripting.Core/Reflection/Optimization/StaticActionInvoker_3.cs
 0.1 kb	 0.0% Packages/com.unity.visualscripting/Runtime/VisualScripting.Core/Reflection/Optimization/StaticActionInvoker_2.cs
 0.1 kb	 0.0% Packages/com.unity.visualscripting/Runtime/VisualScripting.Core/Reflection/Optimization/StaticActionInvoker_1.cs
 0.1 kb	 0.0% Packages/com.unity.visualscripting/Runtime/VisualScripting.Core/Reflection/Optimization/StaticActionInvoker_0.cs
 0.1 kb	 0.0% Packages/com.unity.visualscripting/Runtime/VisualScripting.Core/Ensure/EnsureThat.NullableValueTypes.cs
 0.1 kb	 0.0% Packages/com.unity.visualscripting/Runtime/VisualScripting.Core/Dependencies/FullSerializer/fsJsonPrinter.cs
 0.1 kb	 0.0% Packages/com.unity.visualscripting/Runtime/VisualScripting.Core/Dependencies/FullSerializer/fsBaseConverter.cs
 0.1 kb	 0.0% Packages/com.unity.visualscripting/Runtime/VisualScripting.Core/Dependencies/FullSerializer/Reflection/fsMetaProperty.cs
 0.1 kb	 0.0% Packages/com.unity.visualscripting/Runtime/VisualScripting.Core/Dependencies/FullSerializer/Converters/fsTypeConverter.cs
 0.1 kb	 0.0% Packages/com.unity.visualscripting/Runtime/VisualScripting.Core/Dependencies/FullSerializer/Converters/fsGuidConverter.cs
 0.1 kb	 0.0% Packages/com.unity.visualscripting/Runtime/VisualScripting.Core/Dependencies/FullSerializer/Converters/fsEnumConverter.cs
 0.1 kb	 0.0% Packages/com.unity.visualscripting/Runtime/VisualScripting.Core/Dependencies/FullSerializer/Converters/fsDateConverter.cs
 0.1 kb	 0.0% Packages/com.unity.visualscripting/Runtime/VisualScripting.Core/Dependencies/FullSerializer/Converters/fsArrayConverter.cs
 0.1 kb	 0.0% Packages/com.unity.ugui/Runtime/UGUI/UI/Core/Layout/HorizontalOrVerticalLayoutGroup.cs
 0.1 kb	 0.0% Packages/com.unity.serialization/Runtime/Unity.Serialization/Utility/Internal/SerializedReferenceVisitor.cs
 0.1 kb	 0.0% Packages/com.unity.serialization/Runtime/Unity.Serialization/Json/Adapters/JsonSerializationContext.cs
 0.1 kb	 0.0% Packages/com.unity.serialization/Runtime/Unity.Serialization/Binary/Properties/Internal/BinaryPropertyVisitor.cs
 0.1 kb	 0.0% Packages/com.unity.serialization/Runtime/Unity.Serialization/Binary/BinarySerialization+ToBinary.cs
 0.1 kb	 0.0% Packages/com.unity.serialization/Runtime/Unity.Serialization/Binary/Adapters/Internal/BinaryAdapterCollection.cs
 0.1 kb	 0.0% Packages/com.unity.render-pipelines.universal/Runtime/Tiling/ZBinningJob.cs
 0.1 kb	 0.0% Packages/com.unity.render-pipelines.universal/Runtime/Tiling/TilingJob.cs
 0.1 kb	 0.0% Packages/com.unity.render-pipelines.universal/Runtime/TemporalAA.cs
 0.1 kb	 0.0% Packages/com.unity.render-pipelines.universal/Runtime/ShadowUtils.cs
 0.1 kb	 0.0% Packages/com.unity.render-pipelines.universal/Runtime/ShaderUtils.cs
 0.1 kb	 0.0% Packages/com.unity.render-pipelines.universal/Runtime/ShaderData.cs
 0.1 kb	 0.0% Packages/com.unity.render-pipelines.universal/Runtime/Passes/CapturePass.cs
 0.1 kb	 0.0% Packages/com.unity.render-pipelines.universal/Runtime/Overrides/WhiteBalance.cs
 0.1 kb	 0.0% Packages/com.unity.render-pipelines.universal/Runtime/Overrides/Tonemapping.cs
 0.1 kb	 0.0% Packages/com.unity.render-pipelines.universal/Runtime/Overrides/SplitToning.cs
 0.1 kb	 0.0% Packages/com.unity.render-pipelines.universal/Runtime/Overrides/MotionBlur.cs
 0.1 kb	 0.0% Packages/com.unity.render-pipelines.universal/Runtime/Overrides/FilmGrain.cs
 0.1 kb	 0.0% Packages/com.unity.render-pipelines.universal/Runtime/Overrides/DepthOfField.cs
 0.1 kb	 0.0% Packages/com.unity.render-pipelines.universal/Runtime/Overrides/ColorLookup.cs
 0.1 kb	 0.0% Packages/com.unity.render-pipelines.universal/Runtime/Overrides/ColorCurves.cs
 0.1 kb	 0.0% Packages/com.unity.render-pipelines.universal/Runtime/Overrides/ChannelMixer.cs
 0.1 kb	 0.0% Packages/com.unity.render-pipelines.universal/Runtime/History/TaaHistory.cs
 0.1 kb	 0.0% Packages/com.unity.render-pipelines.universal/Runtime/History/StpHistory.cs
 0.1 kb	 0.0% Packages/com.unity.render-pipelines.universal/Runtime/Decal/Entities/DecalChunk.cs
 0.1 kb	 0.0% Packages/com.unity.render-pipelines.universal/Runtime/Debug/DebugHandler.cs
 0.1 kb	 0.0% Packages/com.unity.render-pipelines.core/Runtime/XR/XRMirrorView.cs
 0.1 kb	 0.0% Packages/com.unity.render-pipelines.core/Runtime/Utilities/GPUPrefixSum/GPUPrefixSum.ShaderIDs.cs
 0.1 kb	 0.0% Packages/com.unity.render-pipelines.core/Runtime/UnifiedRayTracing/Compute/RadeonRays/RestructureBvh.cs
 0.1 kb	 0.0% Packages/com.unity.render-pipelines.core/Runtime/UnifiedRayTracing/Compute/RadeonRays/RadeonRaysAPI.cs
 0.1 kb	 0.0% Packages/com.unity.render-pipelines.core/Runtime/UnifiedRayTracing/Common/GeometryPool/GeometryPool.cs
 0.1 kb	 0.0% Packages/com.unity.render-pipelines.core/Runtime/GPUDriven/Utilities/ParallelBitArray.cs
 0.1 kb	 0.0% Packages/com.unity.render-pipelines.core/Runtime/GPUDriven/Utilities/MemoryUtilities.cs
 0.1 kb	 0.0% Packages/com.unity.render-pipelines.core/Runtime/GPUDriven/LODGroupDataPool.cs
 0.1 kb	 0.0% Packages/com.unity.render-pipelines.core/Runtime/GPUDriven/InstanceCuller.cs
 0.1 kb	 0.0% Packages/com.unity.render-pipelines.core/Runtime/Deprecated.cs
 0.1 kb	 0.0% Packages/com.unity.render-pipelines.core/Runtime/Common/CoreAttributes.cs
 0.1 kb	 0.0% Packages/com.unity.render-pipelines.core/Runtime/CommandBuffers/BaseCommandBufer.cs
 0.1 kb	 0.0% Packages/com.unity.ml-agents/Runtime/Sensors/RenderTextureSensorComponent.cs
 0.1 kb	 0.0% Packages/com.unity.ml-agents/Runtime/Inference/DynamicTensorShapeExtensions.cs
 0.1 kb	 0.0% Packages/com.unity.ml-agents/Runtime/Grpc/CommunicatorObjects/Header.cs
 0.1 kb	 0.0% Packages/com.unity.ml-agents/Runtime/Demonstrations/DemonstrationRecorder.cs
 0.1 kb	 0.0% Packages/com.unity.ml-agents/Runtime/Demonstrations/DemonstrationMetaData.cs
 0.1 kb	 0.0% Packages/com.unity.ml-agents/Runtime/Actuators/ActuatorDiscreteActionMask.cs
 0.1 kb	 0.0% Packages/com.unity.collections/Unity.Collections/UnsafeUtilityEx.cs
 0.1 kb	 0.0% Packages/com.unity.collections/Unity.Collections/UnsafeAppendBuffer.cs
 0.1 kb	 0.0% Packages/com.unity.collections/Unity.Collections/NativeParallelHashSetExtensions.gen.cs
 0.1 kb	 0.0% Packages/com.unity.collections/Unity.Collections/Jobs/RegisterGenericJobTypeAttribute.cs
 0.1 kb	 0.0% Packages/com.unity.collections/Unity.Collections/DoubleRewindableAllocators.cs
 0.1 kb	 0.0% Packages/com.unity.collections/Unity.Collections/DataStreamExtensions.cs
 0.1 kb	 0.0% Packages/com.unity.cloud.gltfast/Runtime/Scripts/Newtonsoft/Schema/TextureInfoExtensions.cs
 0.1 kb	 0.0% Packages/com.unity.cloud.gltfast/Runtime/Scripts/Newtonsoft/Schema/MeshPrimitiveExtensions.cs
 0.1 kb	 0.0% Packages/com.unity.cloud.gltfast/Runtime/Scripts/Newtonsoft/Schema/AnimationChannelTarget.cs
 0.1 kb	 0.0% Packages/com.unity.cloud.gltfast/Runtime/Scripts/Newtonsoft/Schema/AccessorSparseIndices.cs
 0.1 kb	 0.0% Packages/com.unity.cloud.gltfast/Runtime/Scripts/Export/GltfShaderGraphMaterialExporter.cs
 0.1 kb	 0.0% Packages/com.unity.cloud.gltfast/DocExamples/ExportSamples.cs
 0.1 kb	 0.0% Packages/com.unity.cloud.gltfast/DocExamples/CustomGltfImport.cs
 0.1 kb	 0.0% Packages/com.unity.ai.inference/Runtime/Tokenization/Tokenizer.cs
 0.1 kb	 0.0% Packages/com.unity.ai.inference/Runtime/Tokenization/SubString.cs
 0.1 kb	 0.0% Packages/com.unity.ai.inference/Runtime/Tokenization/Padding/IPadding.cs
 0.1 kb	 0.0% Packages/com.unity.ai.inference/Runtime/Tokenization/Mappers/IMapper.cs
 0.1 kb	 0.0% Packages/com.unity.ai.inference/Runtime/Tokenization/ITokenizer.cs
 0.1 kb	 0.0% Packages/com.unity.ai.inference/Runtime/Tokenization/IEncoding.cs
 0.1 kb	 0.0% Packages/com.unity.ai.inference/Runtime/Tokenization/Gpt2Splitter.cs
 0.1 kb	 0.0% Packages/com.unity.ai.inference/Runtime/Tokenization/Decoders/IDecoder.cs
 0.1 kb	 0.0% Packages/com.unity.ai.inference/Runtime/Core/SourceGenerator/SourceGeneratorAttributes.cs
 0.1 kb	 0.0% Packages/com.unity.ai.inference/Runtime/Core/ShapeInference/TensorShapeInferenceHelper.cs
 0.1 kb	 0.0% Packages/com.unity.ai.inference/Runtime/Core/ShapeInference/PartialInferenceContext.cs
 0.1 kb	 0.0% Packages/com.unity.ai.inference/Runtime/Core/Serialization/FlatBuffers/ByteBufferUtil.cs
 0.1 kb	 0.0% Packages/com.unity.ai.inference/Runtime/Core/Quantization/QuantizeConstantsPass.cs
 0.1 kb	 0.0% Packages/com.unity.ai.inference/Runtime/Core/Layers/Layer.ObjectDetection.cs
 0.1 kb	 0.0% Packages/com.unity.ai.inference/Runtime/Core/Internals/ModelAssetWeightsData.cs
 0.1 kb	 0.0% Packages/com.unity.ai.inference/Runtime/Core/Functional/Functional.NN.NonLinearActivation.cs
 0.1 kb	 0.0% Packages/com.unity.ai.inference/Runtime/Core/BurstJobsQuantizeTensor.cs
 0.1 kb	 0.0% Packages/com.unity.ai.inference/Runtime/Core/Backends/GPUCompute/ComputeHelper.ComputeFunctions.cs
 0.1 kb	 0.0% Packages/com.unity.ai.inference/Runtime/Core/Backends/CPUFallbackCalculator.cs
 0.1 kb	 0.0% Packages/com.unity.ai.assistant/Runtime/Socket/Protocol/REST/Model/ValidationError.cs
 0.1 kb	 0.0% Packages/com.unity.ai.assistant/Runtime/Socket/Protocol/REST/Model/ModelConfigInfo.cs
 0.1 kb	 0.0% Packages/com.unity.ai.assistant/Runtime/Socket/Protocol/REST/Model/MessageCostV1.cs
 0.1 kb	 0.0% Packages/com.unity.ai.assistant/Runtime/Socket/Protocol/REST/Model/InspirationV1.cs
 0.1 kb	 0.0% Packages/com.unity.ai.assistant/Runtime/Socket/Protocol/REST/Model/FewShotExample.cs
 0.1 kb	 0.0% Packages/com.unity.ai.assistant/Runtime/Socket/Protocol/REST/Model/ErrorResponseV1.cs
 0.1 kb	 0.0% Packages/com.unity.ai.assistant/Runtime/Socket/Protocol/REST/Model/ConversationV1.cs
 0.1 kb	 0.0% Packages/com.unity.ai.assistant/Runtime/Socket/Protocol/REST/Client/RequestOptions.cs
 0.1 kb	 0.0% Packages/com.unity.ai.assistant/Runtime/Socket/Protocol/REST/Client/Configuration.cs
 0.1 kb	 0.0% Packages/com.unity.ai.assistant/Runtime/Socket/Protocol/ProtocolUtility.cs
 0.1 kb	 0.0% Packages/com.unity.ai.assistant/Runtime/Skills/MemorySkillResource.cs
 0.1 kb	 0.0% Packages/com.unity.ai.assistant/Runtime/Skills/FileSkillResource.cs
 0.1 kb	 0.0% Packages/com.unity.ai.assistant/Runtime/FunctionCalling/Permissions/ToolPermissions.cs
 0.1 kb	 0.0% Packages/com.unity.ai.assistant/Runtime/FunctionCalling/Permissions/IToolPermissions.cs
 0.1 kb	 0.0% Packages/com.unity.ai.assistant/Runtime/FunctionCalling/Interactions/ToolInteractions.cs
 0.1 kb	 0.0% Packages/com.unity.ai.assistant/Runtime/FunctionCalling/IFunctionToolbox.cs
 0.1 kb	 0.0% Packages/com.unity.ai.assistant/Runtime/FunctionCalling/IFunctionSource.cs
 0.1 kb	 0.0% Packages/com.unity.ai.assistant/Runtime/FunctionCalling/ICachedFunction.cs
 0.1 kb	 0.0% Packages/com.unity.ai.assistant/Runtime/FunctionCalling/FunctionToolbox.cs
 0.1 kb	 0.0% Packages/com.unity.ai.assistant/Runtime/FunctionCalling/FunctionCache.cs
 0.1 kb	 0.0% Packages/com.unity.ai.assistant/Runtime/FunctionCalling/Container/IToolUiContainer.cs
 0.1 kb	 0.0% Packages/com.unity.ai.assistant/Runtime/Backend/UnityVersionProvider.cs
 0.1 kb	 0.0% Packages/com.unity.ai.assistant/Runtime/Backend/IAssistantBackend.cs
 0.1 kb	 0.0% Packages/com.unity.ai.assistant/Runtime/Backend/FunctionCallResult.cs
 0.1 kb	 0.0% Packages/com.unity.ai.assistant/Runtime/Backend/CapabilityRegistry.cs
 0.1 kb	 0.0% Packages/com.unity.ai.assistant/Runtime/ApplicationModels/ConversationData.cs
 0.1 kb	 0.0% Packages/com.unity.ai.assistant/Runtime/Agents/Utils/AgentProtocolUtils.cs
 0.1 kb	 0.0% Assets/com.unity.inputsystem@ea5ab5b33a26/InputSystem/Utilities/NameAndParameters.cs
 0.1 kb	 0.0% Assets/com.unity.inputsystem@ea5ab5b33a26/InputSystem/Utilities/CSharpCodeHelpers.cs
 0.1 kb	 0.0% Assets/com.unity.inputsystem@ea5ab5b33a26/InputSystem/Plugins/UI/TrackedDeviceRaycaster.cs
 0.1 kb	 0.0% Assets/com.unity.inputsystem@ea5ab5b33a26/InputSystem/Plugins/UI/MultiplayerEventSystem.cs
 0.1 kb	 0.0% Assets/com.unity.inputsystem@ea5ab5b33a26/InputSystem/Plugins/UI/InputSystemUIInputModule.cs
 0.1 kb	 0.0% Assets/com.unity.inputsystem@ea5ab5b33a26/InputSystem/Plugins/UI/ExtendedPointerEventData.cs
 0.1 kb	 0.0% Assets/com.unity.inputsystem@ea5ab5b33a26/InputSystem/Plugins/UI/ExtendedAxisEventData.cs
 0.1 kb	 0.0% Assets/com.unity.inputsystem@ea5ab5b33a26/InputSystem/Plugins/HID/HIDDescriptorWindow.cs
 0.1 kb	 0.0% Assets/com.unity.inputsystem@ea5ab5b33a26/InputSystem/Plugins/DualShock/IDualShockHaptics.cs
 0.1 kb	 0.0% Assets/com.unity.inputsystem@ea5ab5b33a26/InputSystem/Editor/AssetEditor/ParameterListView.cs
 0.1 kb	 0.0% Assets/com.unity.inputsystem@ea5ab5b33a26/InputSystem/Editor/AssetEditor/InputActionTreeViewItems.cs
 0.1 kb	 0.0% Assets/com.unity.inputsystem@ea5ab5b33a26/InputSystem/Controls/Processors/NormalizeProcessor.cs
 0.1 kb	 0.0% Assets/com.unity.inputsystem@ea5ab5b33a26/InputSystem/Actions/Interactions/SlowTapInteraction.cs
 0.1 kb	 0.0% Assets/com.unity.inputsystem@ea5ab5b33a26/InputSystem/Actions/Interactions/MultiTapInteraction.cs
 0.1 kb	 0.0% Assets/com.unity.inputsystem@ea5ab5b33a26/InputSystem/Actions/Composites/OneModifierComposite.cs
 0.1 kb	 0.0% Packages/com.unity.visualscripting/Runtime/VisualScripting.State/FlowStateTransition.cs
 0.1 kb	 0.0% Packages/com.unity.visualscripting/Runtime/VisualScripting.Flow/Ports/ValuePortDefinition.cs
 0.1 kb	 0.0% Packages/com.unity.visualscripting/Runtime/VisualScripting.Flow/Ports/ValueInputDefinition.cs
 0.1 kb	 0.0% Packages/com.unity.visualscripting/Runtime/VisualScripting.Flow/Ports/UnitPortDefinition.cs
 0.1 kb	 0.0% Packages/com.unity.visualscripting/Runtime/VisualScripting.Flow/Ports/IUnitPortDefinition.cs
 0.1 kb	 0.0% Packages/com.unity.visualscripting/Runtime/VisualScripting.Flow/Framework/Variables/UnifiedVariableUnit.cs
 0.1 kb	 0.0% Packages/com.unity.visualscripting/Runtime/VisualScripting.Flow/Framework/Variables/Obsolete/SetObjectVariable.cs
 0.1 kb	 0.0% Packages/com.unity.visualscripting/Runtime/VisualScripting.Flow/Framework/Variables/Obsolete/ISceneVariableUnit.cs
 0.1 kb	 0.0% Packages/com.unity.visualscripting/Runtime/VisualScripting.Flow/Framework/Variables/Obsolete/ISavedVariableUnit.cs
 0.1 kb	 0.0% Packages/com.unity.visualscripting/Runtime/VisualScripting.Flow/Framework/Variables/Obsolete/IObjectVariableUnit.cs
 0.1 kb	 0.0% Packages/com.unity.visualscripting/Runtime/VisualScripting.Flow/Framework/Variables/Obsolete/IGraphVariableUnit.cs
 0.1 kb	 0.0% Packages/com.unity.visualscripting/Runtime/VisualScripting.Flow/Framework/Variables/Obsolete/GetObjectVariable.cs
 0.1 kb	 0.0% Packages/com.unity.visualscripting/Runtime/VisualScripting.Flow/Framework/Variables/IsVariableDefined.cs
 0.1 kb	 0.0% Packages/com.unity.visualscripting/Runtime/VisualScripting.Flow/Framework/Variables/IUnifiedVariableUnit.cs
 0.1 kb	 0.0% Packages/com.unity.visualscripting/Runtime/VisualScripting.Flow/Framework/Time/WaitForSecondsUnit.cs
 0.1 kb	 0.0% Packages/com.unity.visualscripting/Runtime/VisualScripting.Flow/Framework/Time/WaitForNextFrameUnit.cs
 0.1 kb	 0.0% Packages/com.unity.visualscripting/Runtime/VisualScripting.Flow/Framework/Math/Vector4/Vector4MoveTowards.cs
 0.1 kb	 0.0% Packages/com.unity.visualscripting/Runtime/VisualScripting.Flow/Framework/Math/Vector4/Vector4DotProduct.cs
 0.1 kb	 0.0% Packages/com.unity.visualscripting/Runtime/VisualScripting.Flow/Framework/Math/Vector4/DeprecatedVector4Add.cs
 0.1 kb	 0.0% Packages/com.unity.visualscripting/Runtime/VisualScripting.Flow/Framework/Math/Vector3/Vector3MoveTowards.cs
 0.1 kb	 0.0% Packages/com.unity.visualscripting/Runtime/VisualScripting.Flow/Framework/Math/Vector3/Vector3DotProduct.cs
 0.1 kb	 0.0% Packages/com.unity.visualscripting/Runtime/VisualScripting.Flow/Framework/Math/Vector3/Vector3CrossProduct.cs
 0.1 kb	 0.0% Packages/com.unity.visualscripting/Runtime/VisualScripting.Flow/Framework/Math/Vector3/DeprecatedVector3Add.cs
 0.1 kb	 0.0% Packages/com.unity.visualscripting/Runtime/VisualScripting.Flow/Framework/Math/Vector2/Vector2MoveTowards.cs
 0.1 kb	 0.0% Packages/com.unity.visualscripting/Runtime/VisualScripting.Flow/Framework/Math/Vector2/Vector2DotProduct.cs
 0.1 kb	 0.0% Packages/com.unity.visualscripting/Runtime/VisualScripting.Flow/Framework/Math/Vector2/DeprecatedVector2Add.cs
 0.1 kb	 0.0% Packages/com.unity.visualscripting/Runtime/VisualScripting.Flow/Framework/Math/Scalar/ScalarMoveTowards.cs
 0.1 kb	 0.0% Packages/com.unity.visualscripting/Runtime/VisualScripting.Flow/Framework/Math/Scalar/ScalarExponentiate.cs
 0.1 kb	 0.0% Packages/com.unity.visualscripting/Runtime/VisualScripting.Flow/Framework/Math/Scalar/DeprecatedScalarAdd.cs
 0.1 kb	 0.0% Packages/com.unity.visualscripting/Runtime/VisualScripting.Flow/Framework/Math/Generic/DeprecatedGenericAdd.cs
 0.1 kb	 0.0% Packages/com.unity.visualscripting/Runtime/VisualScripting.Flow/Framework/Logic/NumericComparison.cs
 0.1 kb	 0.0% Packages/com.unity.visualscripting/Runtime/VisualScripting.Flow/Framework/Logic/EqualityComparison.cs
 0.1 kb	 0.0% Packages/com.unity.visualscripting/Runtime/VisualScripting.Flow/Framework/Logic/BinaryComparisonUnit.cs
 0.1 kb	 0.0% Packages/com.unity.visualscripting/Runtime/VisualScripting.Flow/Framework/Logic/ApproximatelyEqual.cs
 0.1 kb	 0.0% Packages/com.unity.visualscripting/Runtime/VisualScripting.Flow/Framework/Events/TriggerCustomEvent.cs
 0.1 kb	 0.0% Packages/com.unity.visualscripting/Runtime/VisualScripting.Flow/Framework/Events/Rendering/OnBecameInvisible.cs
 0.1 kb	 0.0% Packages/com.unity.visualscripting/Runtime/VisualScripting.Flow/Framework/Events/Physics2D/TriggerEvent2DUnit.cs
 0.1 kb	 0.0% Packages/com.unity.visualscripting/Runtime/VisualScripting.Flow/Framework/Events/Physics2D/OnCollisionStay2D.cs
 0.1 kb	 0.0% Packages/com.unity.visualscripting/Runtime/VisualScripting.Flow/Framework/Events/Physics2D/OnCollisionExit2D.cs
 0.1 kb	 0.0% Packages/com.unity.visualscripting/Runtime/VisualScripting.Flow/Framework/Events/Physics2D/OnCollisionEnter2D.cs
 0.1 kb	 0.0% Packages/com.unity.visualscripting/Runtime/VisualScripting.Flow/Framework/Events/Physics2D/CollisionEvent2DUnit.cs
 0.1 kb	 0.0% Packages/com.unity.visualscripting/Runtime/VisualScripting.Flow/Framework/Events/Physics/OnParticleCollision.cs
 0.1 kb	 0.0% Packages/com.unity.visualscripting/Runtime/VisualScripting.Flow/Framework/Events/Physics/CollisionEventUnit.cs
 0.1 kb	 0.0% Packages/com.unity.visualscripting/Runtime/VisualScripting.Flow/Framework/Events/Navigation/OnDestinationReached.cs
 0.1 kb	 0.0% Packages/com.unity.visualscripting/Runtime/VisualScripting.Flow/Framework/Events/Input/OnMouseUpAsButton.cs
 0.1 kb	 0.0% Packages/com.unity.visualscripting/Runtime/VisualScripting.Flow/Framework/Events/GUI/OnToggleValueChanged.cs
 0.1 kb	 0.0% Packages/com.unity.visualscripting/Runtime/VisualScripting.Flow/Framework/Events/GUI/OnSliderValueChanged.cs
 0.1 kb	 0.0% Packages/com.unity.visualscripting/Runtime/VisualScripting.Flow/Framework/Events/GUI/OnInputFieldEndEdit.cs
 0.1 kb	 0.0% Packages/com.unity.visualscripting/Runtime/VisualScripting.Flow/Framework/Events/GUI/GenericGuiEventUnit.cs
 0.1 kb	 0.0% Packages/com.unity.visualscripting/Runtime/VisualScripting.Flow/Framework/Events/Editor/OnDrawGizmosSelected.cs
 0.1 kb	 0.0% Packages/com.unity.visualscripting/Runtime/VisualScripting.Flow/Framework/Events/Application/OnApplicationResume.cs
 0.1 kb	 0.0% Packages/com.unity.visualscripting/Runtime/VisualScripting.Flow/Framework/Events/Application/OnApplicationQuit.cs
 0.1 kb	 0.0% Packages/com.unity.visualscripting/Runtime/VisualScripting.Flow/Framework/Events/Application/OnApplicationPause.cs
 0.1 kb	 0.0% Packages/com.unity.visualscripting/Runtime/VisualScripting.Flow/Framework/Events/Application/OnApplicationFocus.cs
 0.1 kb	 0.0% Packages/com.unity.visualscripting/Runtime/VisualScripting.Flow/Framework/Events/Animation/BoltAnimationEvent.cs
 0.1 kb	 0.0% Packages/com.unity.visualscripting/Runtime/VisualScripting.Flow/Framework/Collections/Dictionaries/SetDictionaryItem.cs
 0.1 kb	 0.0% Packages/com.unity.visualscripting/Runtime/VisualScripting.Flow/Framework/Collections/Dictionaries/RemoveDictionaryItem.cs
 0.1 kb	 0.0% Packages/com.unity.visualscripting/Runtime/VisualScripting.Flow/Framework/Collections/Dictionaries/MergeDictionaries.cs
 0.1 kb	 0.0% Packages/com.unity.visualscripting/Runtime/VisualScripting.Flow/Framework/Collections/Dictionaries/GetDictionaryItem.cs
 0.1 kb	 0.0% Packages/com.unity.visualscripting/Runtime/VisualScripting.Flow/Framework/Collections/Dictionaries/AddDictionaryItem.cs
 0.1 kb	 0.0% Packages/com.unity.visualscripting/Runtime/VisualScripting.Flow/EditorBinding/UnitTitleAttribute.cs
 0.1 kb	 0.0% Packages/com.unity.visualscripting/Runtime/VisualScripting.Flow/EditorBinding/UnitOrderAttribute.cs
 0.1 kb	 0.0% Packages/com.unity.visualscripting/Runtime/VisualScripting.Flow/EditorBinding/SpecialUnitAttribute.cs
 0.1 kb	 0.0% Packages/com.unity.visualscripting/Runtime/VisualScripting.Flow/EditorBinding/PortLabelAttribute.cs
 0.1 kb	 0.0% Packages/com.unity.visualscripting/Runtime/VisualScripting.Flow/Dependencies/NCalc/NCalcParser.cs
 0.1 kb	 0.0% Packages/com.unity.visualscripting/Runtime/VisualScripting.Flow/Dependencies/NCalc/NCalcLexer.cs
 0.1 kb	 0.0% Packages/com.unity.visualscripting/Runtime/VisualScripting.Flow/Dependencies/NCalc/FunctionArgs.cs
 0.1 kb	 0.0% Packages/com.unity.visualscripting/Runtime/VisualScripting.Flow/Dependencies/NCalc/Expression.cs
 0.1 kb	 0.0% Packages/com.unity.visualscripting/Runtime/VisualScripting.Flow/Connections/InvalidConnection.cs
 0.1 kb	 0.0% Packages/com.unity.visualscripting/Runtime/VisualScripting.Flow/Connections/ControlConnection.cs
 0.1 kb	 0.0% Packages/com.unity.visualscripting/Runtime/VisualScripting.Core/Variables/VariableDeclarations.cs
 0.1 kb	 0.0% Packages/com.unity.visualscripting/Runtime/VisualScripting.Core/Variables/VariableDeclaration.cs
 0.1 kb	 0.0% Packages/com.unity.visualscripting/Runtime/VisualScripting.Core/Variables/IGraphWithVariables.cs
 0.1 kb	 0.0% Packages/com.unity.visualscripting/Runtime/VisualScripting.Core/Variables/ApplicationVariables.cs
 0.1 kb	 0.0% Packages/com.unity.visualscripting/Runtime/VisualScripting.Core/Utilities/UnityObjectUtility.cs
 0.1 kb	 0.0% Packages/com.unity.visualscripting/Runtime/VisualScripting.Core/Utilities/ReferenceCollector.cs
 0.1 kb	 0.0% Packages/com.unity.visualscripting/Runtime/VisualScripting.Core/Utilities/CSharpNameUtility.cs
 0.1 kb	 0.0% Packages/com.unity.visualscripting/Runtime/VisualScripting.Core/Unity/SingletonAttribute.cs
 0.1 kb	 0.0% Packages/com.unity.visualscripting/Runtime/VisualScripting.Core/Unity/IUnityObjectOwnable.cs
 0.1 kb	 0.0% Packages/com.unity.visualscripting/Runtime/VisualScripting.Core/Serialization/SerializeAttribute.cs
 0.1 kb	 0.0% Packages/com.unity.visualscripting/Runtime/VisualScripting.Core/Serialization/SerializeAsAttribute.cs
 0.1 kb	 0.0% Packages/com.unity.visualscripting/Runtime/VisualScripting.Core/Serialization/SerializationData.cs
 0.1 kb	 0.0% Packages/com.unity.visualscripting/Runtime/VisualScripting.Core/Serialization/Converters/UnityObjectConverter.cs
 0.1 kb	 0.0% Packages/com.unity.visualscripting/Runtime/VisualScripting.Core/Serialization/Converters/NamespaceConverter.cs
 0.1 kb	 0.0% Packages/com.unity.visualscripting/Runtime/VisualScripting.Core/Reflection/RenamedFromAttribute.cs
 0.1 kb	 0.0% Packages/com.unity.visualscripting/Runtime/VisualScripting.Core/Reflection/Optimization/StaticInvokerBase.cs
 0.1 kb	 0.0% Packages/com.unity.visualscripting/Runtime/VisualScripting.Core/Reflection/Optimization/ReflectionInvoker.cs
 0.1 kb	 0.0% Packages/com.unity.visualscripting/Runtime/VisualScripting.Core/Reflection/Optimization/OptimizedReflection.cs
 0.1 kb	 0.0% Packages/com.unity.visualscripting/Runtime/VisualScripting.Core/Reflection/Optimization/IOptimizedInvoker.cs
 0.1 kb	 0.0% Packages/com.unity.visualscripting/Runtime/VisualScripting.Core/Reflection/Optimization/IOptimizedAccessor.cs
 0.1 kb	 0.0% Packages/com.unity.visualscripting/Runtime/VisualScripting.Core/Reflection/Operators/UnaryOperatorHandler.cs
 0.1 kb	 0.0% Packages/com.unity.visualscripting/Runtime/VisualScripting.Core/Reflection/Operators/SubtractionHandler.cs
 0.1 kb	 0.0% Packages/com.unity.visualscripting/Runtime/VisualScripting.Core/Reflection/Operators/RightShiftHandler.cs
 0.1 kb	 0.0% Packages/com.unity.visualscripting/Runtime/VisualScripting.Core/Reflection/Operators/OperatorException.cs
 0.1 kb	 0.0% Packages/com.unity.visualscripting/Runtime/VisualScripting.Core/Reflection/Operators/InequalityHandler.cs
 0.1 kb	 0.0% Packages/com.unity.visualscripting/Runtime/VisualScripting.Core/Reflection/Operators/GreaterThanHandler.cs
 0.1 kb	 0.0% Packages/com.unity.visualscripting/Runtime/VisualScripting.Core/Reflection/Operators/ExclusiveOrHandler.cs
 0.1 kb	 0.0% Packages/com.unity.visualscripting/Runtime/VisualScripting.Core/Reflection/MemberInfoComparer.cs
 0.1 kb	 0.0% Packages/com.unity.visualscripting/Runtime/VisualScripting.Core/Reflection/LooseAssemblyName.cs
 0.1 kb	 0.0% Packages/com.unity.visualscripting/Runtime/VisualScripting.Core/Reflection/IAttributeProvider.cs
 0.1 kb	 0.0% Packages/com.unity.visualscripting/Runtime/VisualScripting.Core/Reflection/ConversionUtility.cs
 0.1 kb	 0.0% Packages/com.unity.visualscripting/Runtime/VisualScripting.Core/Listeners/UnityMessageListener.cs
 0.1 kb	 0.0% Packages/com.unity.visualscripting/Runtime/VisualScripting.Core/Listeners/IGraphEventListener.cs
 0.1 kb	 0.0% Packages/com.unity.visualscripting/Runtime/VisualScripting.Core/Graphs/IGraphParentElement.cs
 0.1 kb	 0.0% Packages/com.unity.visualscripting/Runtime/VisualScripting.Core/Graphs/IGraphNesterElement.cs
 0.1 kb	 0.0% Packages/com.unity.visualscripting/Runtime/VisualScripting.Core/Graphs/IGraphElementData.cs
 0.1 kb	 0.0% Packages/com.unity.visualscripting/Runtime/VisualScripting.Core/Events/FrameDelayedCallback.cs
 0.1 kb	 0.0% Packages/com.unity.visualscripting/Runtime/VisualScripting.Core/Events/EventHookComparer.cs
 0.1 kb	 0.0% Packages/com.unity.visualscripting/Runtime/VisualScripting.Core/Ensure/ExceptionMessages.cs
 0.1 kb	 0.0% Packages/com.unity.visualscripting/Runtime/VisualScripting.Core/EditorBinding/TypeIconAttribute.cs
 0.1 kb	 0.0% Packages/com.unity.visualscripting/Runtime/VisualScripting.Core/EditorBinding/PredictableAttribute.cs
 0.1 kb	 0.0% Packages/com.unity.visualscripting/Runtime/VisualScripting.Core/EditorBinding/InspectableAttribute.cs
 0.1 kb	 0.0% Packages/com.unity.visualscripting/Runtime/VisualScripting.Core/EditorBinding/EditorTimeBinding.cs
 0.1 kb	 0.0% Packages/com.unity.visualscripting/Runtime/VisualScripting.Core/EditorBinding/EditorBindingUtility.cs
 0.1 kb	 0.0% Packages/com.unity.visualscripting/Runtime/VisualScripting.Core/EditorBinding/AllowsNullAttribute.cs
 0.1 kb	 0.0% Packages/com.unity.visualscripting/Runtime/VisualScripting.Core/Dependencies/FullSerializer/Internal/fsOption.cs
 0.1 kb	 0.0% Packages/com.unity.visualscripting/Runtime/VisualScripting.Core/Decorators/IDecoratorAttribute.cs
 0.1 kb	 0.0% Packages/com.unity.visualscripting/Runtime/VisualScripting.Core/Cloning/Cloners/AnimationCurveCloner.cs
 0.1 kb	 0.0% Packages/com.unity.ugui/Runtime/TMP/TMP_DynamicFontAssetUtilities.cs
 0.1 kb	 0.0% Packages/com.unity.timeline/Runtime/Utilities/AnimationPreviewUtilities.cs
 0.1 kb	 0.0% Packages/com.unity.timeline/Runtime/Playables/TimeNotificationBehaviour.cs
 0.1 kb	 0.0% Packages/com.unity.timeline/Runtime/Playables/ActivationControlPlayable.cs
 0.1 kb	 0.0% Packages/com.unity.timeline/Runtime/Events/INotificationOptionProvider.cs
 0.1 kb	 0.0% Packages/com.unity.serialization/Runtime/Unity.Serialization/Json/Views/SerializedPrimitiveView.cs
 0.1 kb	 0.0% Packages/com.unity.serialization/Runtime/Unity.Serialization/Json/Views/Internal/UnsafePrimitiveView.cs
 0.1 kb	 0.0% Packages/com.unity.serialization/Runtime/Unity.Serialization/Json/Parser/SerializedObjectReader.cs
 0.1 kb	 0.0% Packages/com.unity.serialization/Runtime/Unity.Serialization/Json/Migration/Internal/JsonMigrationCollection.cs
 0.1 kb	 0.0% Packages/com.unity.serialization/Runtime/Unity.Serialization/Json/JsonSerialization+FromJson.cs
 0.1 kb	 0.0% Packages/com.unity.serialization/Runtime/Unity.Serialization/Json/Adapters/Internal/JsonAdapterCollection.cs
 0.1 kb	 0.0% Packages/com.unity.serialization/Runtime/Unity.Serialization/Binary/Adapters/Internal/BinaryAdapter+UnityEngine.cs
 0.1 kb	 0.0% Packages/com.unity.serialization/Runtime/Unity.Serialization/Binary/Adapters/Internal/BinaryAdapter+UnityEditor.cs
 0.1 kb	 0.0% Packages/com.unity.render-pipelines.universal/Runtime/NoAllocUtils.cs
 0.1 kb	 0.0% Packages/com.unity.render-pipelines.universal/Runtime/2D/Light2D.cs
 0.1 kb	 0.0% Packages/com.unity.render-pipelines.universal/Runtime/2D/Clipper.cs
 0.1 kb	 0.0% Packages/com.unity.render-pipelines.core/Runtime/XR/XRSRPSettings.cs
 0.1 kb	 0.0% Packages/com.unity.render-pipelines.core/Runtime/Volume/VolumeProfile.cs
 0.1 kb	 0.0% Packages/com.unity.render-pipelines.core/Runtime/Volume/VolumeParameter.cs
 0.1 kb	 0.0% Packages/com.unity.render-pipelines.core/Runtime/Volume/VolumeManager.cs
 0.1 kb	 0.0% Packages/com.unity.render-pipelines.core/Runtime/Volume/VolumeDebugData.cs
 0.1 kb	 0.0% Packages/com.unity.render-pipelines.core/Runtime/Volume/VolumeComponent.cs
 0.1 kb	 0.0% Packages/com.unity.render-pipelines.core/Runtime/Volume/VolumeCollection.cs
 0.1 kb	 0.0% Packages/com.unity.render-pipelines.core/Runtime/Volume/KeyframeUtility.cs
 0.1 kb	 0.0% Packages/com.unity.render-pipelines.core/Runtime/Utilities/TileLayoutUtils.cs
 0.1 kb	 0.0% Packages/com.unity.render-pipelines.core/Runtime/Utilities/TextureGradient.cs
 0.1 kb	 0.0% Packages/com.unity.render-pipelines.core/Runtime/Utilities/ResourceReloader.cs
 0.1 kb	 0.0% Packages/com.unity.render-pipelines.core/Runtime/Utilities/LightUnitUtils.cs
 0.1 kb	 0.0% Packages/com.unity.render-pipelines.core/Runtime/Utilities/HaltonSequence.cs
 0.1 kb	 0.0% Packages/com.unity.render-pipelines.core/Runtime/Utilities/HDROutputUtils.cs
 0.1 kb	 0.0% Packages/com.unity.render-pipelines.core/Runtime/Utilities/GPUPrefixSum/GPUPrefixSum.Data.cs
 0.1 kb	 0.0% Packages/com.unity.render-pipelines.core/Runtime/Utilities/DelegateUtility.cs
 0.1 kb	 0.0% Packages/com.unity.render-pipelines.core/Runtime/Utilities/CoreMatrixUtils.cs
 0.1 kb	 0.0% Packages/com.unity.render-pipelines.core/Runtime/Utilities/ColorSpaceUtils.cs
 0.1 kb	 0.0% Packages/com.unity.render-pipelines.core/Runtime/Utilities/ArrayExtensions.cs
 0.1 kb	 0.0% Packages/com.unity.render-pipelines.core/Runtime/Textures/Texture2DAtlas.cs
 0.1 kb	 0.0% Packages/com.unity.render-pipelines.core/Runtime/Textures/RTHandleSystem.cs
 0.1 kb	 0.0% Packages/com.unity.render-pipelines.core/Runtime/Sampling/SobolData.cs
 0.1 kb	 0.0% Packages/com.unity.render-pipelines.core/Runtime/RenderPipeline/IVolumetricCloud.cs
 0.1 kb	 0.0% Packages/com.unity.render-pipelines.core/Runtime/RenderPipeline/ICloudBackground.cs
 0.1 kb	 0.0% Packages/com.unity.render-pipelines.core/Runtime/RenderGraph/RenderGraphCompilationCache.cs
 0.1 kb	 0.0% Packages/com.unity.render-pipelines.core/Runtime/PostProcessing/LensFlareDataSRP.cs
 0.1 kb	 0.0% Packages/com.unity.render-pipelines.core/Runtime/Lighting/ProbeVolume/ProbeVolumeUtil.cs
 0.1 kb	 0.0% Packages/com.unity.render-pipelines.core/Runtime/Lighting/ProbeVolume/ProbeBrickPool.cs
 0.1 kb	 0.0% Packages/com.unity.render-pipelines.core/Runtime/Lighting/ProbeVolume/ProbeBrickIndex.cs
 0.1 kb	 0.0% Packages/com.unity.render-pipelines.core/Runtime/GPUDriven/InstanceData/InstanceType.cs
 0.1 kb	 0.0% Packages/com.unity.render-pipelines.core/Runtime/GPUDriven/InstanceData/InstanceData.cs
 0.1 kb	 0.0% Packages/com.unity.render-pipelines.core/Runtime/Debugging/ProfilingScope.cs
 0.1 kb	 0.0% Packages/com.unity.render-pipelines.core/Runtime/Debugging/FrameTiming/FrameTimeSample.cs
 0.1 kb	 0.0% Packages/com.unity.render-pipelines.core/Runtime/Debugging/DebugManager.UIState.cs
 0.1 kb	 0.0% Packages/com.unity.render-pipelines.core/Runtime/Debugging/DebugManager.Actions.cs
 0.1 kb	 0.0% Packages/com.unity.render-pipelines.core/Runtime/Debugging/DebugFrameTiming.cs
 0.1 kb	 0.0% Packages/com.unity.render-pipelines.core/Runtime/Common/SerializableEnum.cs
 0.1 kb	 0.0% Packages/com.unity.render-pipelines.core/Runtime/Common/ReloadAttribute.cs
 0.1 kb	 0.0% Packages/com.unity.render-pipelines.core/Runtime/Common/IAdditionalData.cs
 0.1 kb	 0.0% Packages/com.unity.render-pipelines.core/Runtime/Common/DynamicString.cs
 0.1 kb	 0.0% Packages/com.unity.render-pipelines.core/Runtime/Common/CoreUnsafeUtils.cs
 0.1 kb	 0.0% Packages/com.unity.render-pipelines.core/Runtime/Common/ContextContainer.cs
 0.1 kb	 0.0% Packages/com.unity.render-pipelines.core/Runtime/Common/ConstantBuffer.cs
 0.1 kb	 0.0% Packages/com.unity.render-pipelines.core/Runtime/Camera/CameraSwitcher.cs
 0.1 kb	 0.0% Packages/com.unity.ml-agents/Runtime/SideChannels/FloatPropertiesChannel.cs
 0.1 kb	 0.0% Packages/com.unity.ml-agents/Runtime/Sensors/Reflection/ReflectionSensorBase.cs
 0.1 kb	 0.0% Packages/com.unity.ml-agents/Runtime/Sensors/Reflection/ObservableAttribute.cs
 0.1 kb	 0.0% Packages/com.unity.ml-agents/Runtime/Sensors/Reflection/IntReflectionSensor.cs
 0.1 kb	 0.0% Packages/com.unity.ml-agents/Runtime/Sensors/Reflection/EnumReflectionSensor.cs
 0.1 kb	 0.0% Packages/com.unity.ml-agents/Runtime/Sensors/Reflection/BoolReflectionSensor.cs
 0.1 kb	 0.0% Packages/com.unity.collections/Unity.Collections/NativeNotBurstCompatible.cs
 0.1 kb	 0.0% Packages/com.unity.ai.inference/Runtime/Core/Serialization/Safetensors/SafetensorsHeader.cs
 0.1 kb	 0.0% Packages/com.unity.ai.inference/Runtime/Core/Layers/Layer.ActivationNonLinear.cs
 0.1 kb	 0.0% Packages/com.unity.ai.inference/Runtime/Core/Graph/FindNodesLookupTable.cs
 0.1 kb	 0.0% Packages/com.unity.ai.inference/Runtime/Core/Functional/FunctionalTensor.Operator.cs
 0.1 kb	 0.0% Packages/com.unity.ai.inference/Runtime/Core/Functional/Functional.Tensor.Transformation.cs
 0.1 kb	 0.0% Packages/com.unity.ai.inference/Runtime/Core/Functional/Functional.Math.LinearAlgebra.cs
 0.1 kb	 0.0% Packages/com.unity.ai.inference/Runtime/Core/Functional/Functional.Extensions.cs
 0.1 kb	 0.0% Packages/com.unity.ai.inference/Runtime/Core/Backends/CPU/BurstCPU.Jobs.PointwiseUnary.gen.cs
 0.1 kb	 0.0% Packages/com.unity.ai.assistant/Runtime/Utils/ProjectVersionUtils.cs
 0.1 kb	 0.0% Packages/com.unity.ai.assistant/Runtime/Utils/AssistantModeUtils.cs
 0.1 kb	 0.0% Packages/com.unity.ai.assistant/Runtime/Utils/AssistantJsonHelper.cs
 0.1 kb	 0.0% Packages/com.unity.ai.assistant/Runtime/Utils/AssemblyUtils.cs
 0.1 kb	 0.0% Packages/com.unity.ai.assistant/Runtime/Socket/Workflows/Chat/CloseReason.cs
 0.1 kb	 0.0% Packages/com.unity.ai.assistant/Runtime/Socket/Workflows/Chat/ChatWorkflow.cs
 0.1 kb	 0.0% Packages/com.unity.ai.assistant/Runtime/Socket/Protocol/REST/Api/AiAssistantApi.cs
 0.1 kb	 0.0% Packages/com.unity.ai.assistant/Runtime/Socket/ErrorHandling/ErrorInfo.cs
 0.1 kb	 0.0% Packages/com.unity.ai.assistant/Runtime/Socket/Communication/SendResult.cs
 0.1 kb	 0.0% Packages/com.unity.ai.assistant/Runtime/Data/ICredentialsContext.cs
 0.1 kb	 0.0% Packages/com.unity.ai.assistant/Runtime/Data/AssistantMessageId.cs
 0.1 kb	 0.0% Packages/com.unity.ai.assistant/Runtime/Data/AssistantContextList.cs
 0.1 kb	 0.0% Packages/com.unity.ai.assistant/Modules/Unity.AI.MCP.Runtime/Serialization/UnityTypeConverters.cs
 0.1 kb	 0.0% Assets/com.unity.inputsystem@ea5ab5b33a26/InputSystem/Utilities/Comparers.cs
 0.1 kb	 0.0% Assets/com.unity.inputsystem@ea5ab5b33a26/InputSystem/State/InputStateHistory.cs
 0.1 kb	 0.0% Assets/com.unity.inputsystem@ea5ab5b33a26/InputSystem/State/InputStateBuffers.cs
 0.1 kb	 0.0% Assets/com.unity.inputsystem@ea5ab5b33a26/InputSystem/State/IInputStateTypeInfo.cs
 0.1 kb	 0.0% Assets/com.unity.inputsystem@ea5ab5b33a26/InputSystem/Plugins/iOS/InputSettingsiOSProvider.cs
 0.1 kb	 0.0% Assets/com.unity.inputsystem@ea5ab5b33a26/InputSystem/Plugins/Users/InputUserSettings.cs
 0.1 kb	 0.0% Assets/com.unity.inputsystem@ea5ab5b33a26/InputSystem/Plugins/PlayerInput/PlayerInputEditor.cs
 0.1 kb	 0.0% Assets/com.unity.inputsystem@ea5ab5b33a26/InputSystem/Plugins/EnhancedTouch/TouchSimulation.cs
 0.1 kb	 0.0% Assets/com.unity.inputsystem@ea5ab5b33a26/InputSystem/NativeInputRuntime.cs
 0.1 kb	 0.0% Assets/com.unity.inputsystem@ea5ab5b33a26/InputSystem/Events/InputEventListener.cs
 0.1 kb	 0.0% Assets/com.unity.inputsystem@ea5ab5b33a26/InputSystem/Events/IMECompositionEvent.cs
 0.1 kb	 0.0% Assets/com.unity.inputsystem@ea5ab5b33a26/InputSystem/Events/IInputEventTypeInfo.cs
 0.1 kb	 0.0% Assets/com.unity.inputsystem@ea5ab5b33a26/InputSystem/Events/DeviceRemoveEvent.cs
 0.1 kb	 0.0% Assets/com.unity.inputsystem@ea5ab5b33a26/InputSystem/Editor/UITKAssetEditor/Views/MatchingControlPaths.cs
 0.1 kb	 0.0% Assets/com.unity.inputsystem@ea5ab5b33a26/InputSystem/Editor/UITKAssetEditor/Views/IViewStateCollection.cs
 0.1 kb	 0.0% Assets/com.unity.inputsystem@ea5ab5b33a26/InputSystem/Editor/UITKAssetEditor/Views/ControlSchemesView.cs
 0.1 kb	 0.0% Assets/com.unity.inputsystem@ea5ab5b33a26/InputSystem/Editor/UITKAssetEditor/Views/ActionPropertiesView.cs
 0.1 kb	 0.0% Assets/com.unity.inputsystem@ea5ab5b33a26/InputSystem/Editor/UITKAssetEditor/EnumerableExtensions.cs
 0.1 kb	 0.0% Assets/com.unity.inputsystem@ea5ab5b33a26/InputSystem/Editor/PropertyDrawers/InputActionMapDrawer.cs
 0.1 kb	 0.0% Assets/com.unity.inputsystem@ea5ab5b33a26/InputSystem/Editor/PropertyDrawers/InputActionDrawer.cs
 0.1 kb	 0.0% Assets/com.unity.inputsystem@ea5ab5b33a26/InputSystem/Editor/Internal/InputEventTreeView.cs
 0.1 kb	 0.0% Assets/com.unity.inputsystem@ea5ab5b33a26/InputSystem/Editor/Internal/InputControlTreeView.cs
 0.1 kb	 0.0% Assets/com.unity.inputsystem@ea5ab5b33a26/InputSystem/Editor/Internal/BuildProviderHelpers.cs
 0.1 kb	 0.0% Assets/com.unity.inputsystem@ea5ab5b33a26/InputSystem/Editor/Internal/AdvancedDropdown/MultiLevelDataSource.cs
 0.1 kb	 0.0% Assets/com.unity.inputsystem@ea5ab5b33a26/InputSystem/Editor/Internal/AdvancedDropdown/CallbackDataSource.cs
 0.1 kb	 0.0% Assets/com.unity.inputsystem@ea5ab5b33a26/InputSystem/Editor/Internal/AdvancedDropdown/AdvancedDropdownItem.cs
 0.1 kb	 0.0% Assets/com.unity.inputsystem@ea5ab5b33a26/InputSystem/Editor/Internal/AdvancedDropdown/AdvancedDropdownGUI.cs
 0.1 kb	 0.0% Assets/com.unity.inputsystem@ea5ab5b33a26/InputSystem/Editor/InputParameterEditor.cs
 0.1 kb	 0.0% Assets/com.unity.inputsystem@ea5ab5b33a26/InputSystem/Editor/DeviceSimulator/InputSystemPlugin.cs
 0.1 kb	 0.0% Assets/com.unity.inputsystem@ea5ab5b33a26/InputSystem/Editor/Debugger/InputDebuggerWindow.cs
 0.1 kb	 0.0% Assets/com.unity.inputsystem@ea5ab5b33a26/InputSystem/Editor/ControlPicker/InputControlPicker.cs
 0.1 kb	 0.0% Assets/com.unity.inputsystem@ea5ab5b33a26/InputSystem/Editor/BuildPipeline/LinkFileGenerator.cs
 0.1 kb	 0.0% Assets/com.unity.inputsystem@ea5ab5b33a26/InputSystem/Editor/AssetImporter/InputActionImporter.cs
 0.1 kb	 0.0% Assets/com.unity.inputsystem@ea5ab5b33a26/InputSystem/Editor/AssetEditor/PropertiesViewBase.cs
 0.1 kb	 0.0% Assets/com.unity.inputsystem@ea5ab5b33a26/InputSystem/Editor/AssetEditor/InputActionTreeView.cs
 0.1 kb	 0.0% Assets/com.unity.inputsystem@ea5ab5b33a26/InputSystem/Editor/Analytics/InputEditorAnalytics.cs
 0.1 kb	 0.0% Assets/com.unity.inputsystem@ea5ab5b33a26/InputSystem/Editor/Analytics/InputBuildAnalytic.cs
 0.1 kb	 0.0% Assets/com.unity.inputsystem@ea5ab5b33a26/InputSystem/Devices/InputDeviceMatcher.cs
 0.1 kb	 0.0% Assets/com.unity.inputsystem@ea5ab5b33a26/InputSystem/Devices/InputDeviceBuilder.cs
 0.1 kb	 0.0% Assets/com.unity.inputsystem@ea5ab5b33a26/InputSystem/Devices/ITextInputReceiver.cs
 0.1 kb	 0.0% Assets/com.unity.inputsystem@ea5ab5b33a26/InputSystem/Devices/IEventPreProcessor.cs
 0.1 kb	 0.0% Assets/com.unity.inputsystem@ea5ab5b33a26/InputSystem/Devices/ICustomDeviceReset.cs
 0.1 kb	 0.0% Assets/com.unity.inputsystem@ea5ab5b33a26/InputSystem/Devices/Commands/RequestSyncCommand.cs
 0.1 kb	 0.0% Assets/com.unity.inputsystem@ea5ab5b33a26/InputSystem/Devices/Commands/RequestResetCommand.cs
 0.1 kb	 0.0% Assets/com.unity.inputsystem@ea5ab5b33a26/InputSystem/Devices/Commands/QueryUserIdCommand.cs
 0.1 kb	 0.0% Assets/com.unity.inputsystem@ea5ab5b33a26/InputSystem/Devices/Commands/QueryKeyNameCommand.cs
 0.1 kb	 0.0% Assets/com.unity.inputsystem@ea5ab5b33a26/InputSystem/Devices/Commands/InputDeviceCommand.cs
 0.1 kb	 0.0% Assets/com.unity.inputsystem@ea5ab5b33a26/InputSystem/Devices/Commands/EnableDeviceCommand.cs
 0.1 kb	 0.0% Assets/com.unity.inputsystem@ea5ab5b33a26/InputSystem/Devices/Commands/DisableDeviceCommand.cs
 0.1 kb	 0.0% Assets/com.unity.inputsystem@ea5ab5b33a26/InputSystem/Controls/TouchPressControl.cs
 0.1 kb	 0.0% Assets/com.unity.inputsystem@ea5ab5b33a26/InputSystem/Controls/TouchPhaseControl.cs
 0.1 kb	 0.0% Assets/com.unity.inputsystem@ea5ab5b33a26/InputSystem/Controls/QuaternionControl.cs
 0.1 kb	 0.0% Assets/com.unity.inputsystem@ea5ab5b33a26/InputSystem/Controls/InputControlLayout.cs
 0.1 kb	 0.0% Assets/com.unity.inputsystem@ea5ab5b33a26/InputSystem/Controls/InputControlExtensions.cs
 0.1 kb	 0.0% Assets/com.unity.inputsystem@ea5ab5b33a26/InputSystem/Actions/InputInteractionContext.cs
 0.1 kb	 0.0% Assets/com.unity.inputsystem@ea5ab5b33a26/InputSystem/Actions/InputBindingComposite.cs
 0.1 kb	 0.0% Assets/com.unity.inputsystem@ea5ab5b33a26/InputSystem/Actions/IInputActionCollection.cs
 0.1 kb	 0.0% Packages/com.unity.visualscripting/Runtime/VisualScripting.Core/Ensure/EnsureThat.ValueTypes.cs
 0.1 kb	 0.0% Packages/com.unity.visualscripting/Runtime/VisualScripting.Core/Ensure/EnsureThat.Reflection.cs
 0.1 kb	 0.0% Packages/com.unity.visualscripting/Runtime/VisualScripting.Core/Ensure/EnsureThat.Comparables.cs
 0.1 kb	 0.0% Packages/com.unity.visualscripting/Runtime/VisualScripting.Core/Ensure/EnsureThat.Collections.cs
 0.1 kb	 0.0% Packages/com.unity.visualscripting/Runtime/VisualScripting.Core/Dependencies/FullSerializer/fsSerializer.cs
 0.1 kb	 0.0% Packages/com.unity.visualscripting/Runtime/VisualScripting.Core/Dependencies/FullSerializer/fsJsonParser.cs
 0.1 kb	 0.0% Packages/com.unity.visualscripting/Runtime/VisualScripting.Core/Dependencies/FullSerializer/fsConverter.cs
 0.1 kb	 0.0% Packages/com.unity.visualscripting/Runtime/VisualScripting.Core/Dependencies/FullSerializer/fsContext.cs
 0.1 kb	 0.0% Packages/com.unity.visualscripting/Runtime/VisualScripting.Core/Dependencies/FullSerializer/Reflection/fsTypeCache.cs
 0.1 kb	 0.0% Packages/com.unity.visualscripting/Runtime/VisualScripting.Core/Dependencies/FullSerializer/Reflection/fsMetaType.cs
 0.1 kb	 0.0% Packages/com.unity.ugui/Runtime/UGUI/EventSystem/UIElements/WorldDocumentRaycaster.cs
 0.1 kb	 0.0% Packages/com.unity.ugui/Runtime/UGUI/EventSystem/InputModules/StandaloneInputModule.cs
 0.1 kb	 0.0% Packages/com.unity.serialization/Runtime/Unity.Serialization/Utility/Internal/DefaultTypeConstruction.cs
 0.1 kb	 0.0% Packages/com.unity.serialization/Runtime/Unity.Serialization/Json/JsonSerialization+ToJson.cs
 0.1 kb	 0.0% Packages/com.unity.serialization/Runtime/Unity.Serialization/Json/Adapters/Internal/JsonAdapter+SerializedValueView.cs
 0.1 kb	 0.0% Packages/com.unity.serialization/Runtime/Unity.Serialization/Binary/Properties/Internal/BinaryPropertyWriter.cs
 0.1 kb	 0.0% Packages/com.unity.serialization/Runtime/Unity.Serialization/Binary/Properties/Internal/BinaryPropertyReader.cs
 0.1 kb	 0.0% Packages/com.unity.serialization/Runtime/Unity.Serialization/Binary/BinarySerialization.cs
 0.1 kb	 0.0% Packages/com.unity.serialization/Runtime/Unity.Serialization/Binary/Adapters/Internal/BinaryAdapter+System.IO.cs
 0.1 kb	 0.0% Packages/com.unity.serialization/Runtime/Unity.Serialization/Binary/Adapters/Internal/BinaryAdapter+Primitives.cs
 0.1 kb	 0.0% Packages/com.unity.render-pipelines.universal/Runtime/StpUtils.cs
 0.1 kb	 0.0% Packages/com.unity.render-pipelines.universal/Runtime/RendererFeatures/OnTilePostProcessPass.cs
 0.1 kb	 0.0% Packages/com.unity.render-pipelines.universal/Runtime/RendererFeatures/OnTilePostProcessFeature.cs
 0.1 kb	 0.0% Packages/com.unity.render-pipelines.universal/Runtime/Overrides/Vignette.cs
 0.1 kb	 0.0% Packages/com.unity.render-pipelines.universal/Runtime/Overrides/Bloom.cs
 0.1 kb	 0.0% Packages/com.unity.render-pipelines.core/Runtime/XR/XRView.cs
 0.1 kb	 0.0% Packages/com.unity.render-pipelines.core/Runtime/XR/XRSystem.cs
 0.1 kb	 0.0% Packages/com.unity.render-pipelines.core/Runtime/XR/XRPass.cs
 0.1 kb	 0.0% Packages/com.unity.render-pipelines.core/Runtime/XR/XRLayout.cs
 0.1 kb	 0.0% Packages/com.unity.render-pipelines.core/Runtime/UnifiedRayTracing/StringIDs.cs
 0.1 kb	 0.0% Packages/com.unity.render-pipelines.core/Runtime/UnifiedRayTracing/Compute/RadeonRays/RadixSort.cs
 0.1 kb	 0.0% Packages/com.unity.render-pipelines.core/Runtime/UnifiedRayTracing/Compute/RadeonRays/HlbvhBuilder.cs
 0.1 kb	 0.0% Packages/com.unity.render-pipelines.core/Runtime/UnifiedRayTracing/Common/Utilities/Utils.cs
 0.1 kb	 0.0% Packages/com.unity.render-pipelines.core/Runtime/GPUDriven/BatchLayers.cs
 0.1 kb	 0.0% Packages/com.unity.render-pipelines.core/Runtime/Debugging/DebugUI.Containers.cs
 0.1 kb	 0.0% Packages/com.unity.multiplayer.center/Common/AnswerData.cs
 0.1 kb	 0.0% Packages/com.unity.ml-agents/Runtime/Sensors/VectorSensorComponent.cs
 0.1 kb	 0.0% Packages/com.unity.ml-agents/Runtime/Sensors/RigidBodySensorComponent.cs
 0.1 kb	 0.0% Packages/com.unity.ml-agents/Runtime/Sensors/RigidBodyPoseExtractor.cs
 0.1 kb	 0.0% Packages/com.unity.ml-agents/Runtime/Sensors/RigidBodyJointExtractor.cs
 0.1 kb	 0.0% Packages/com.unity.ml-agents/Runtime/Sensors/PhysicsSensorSettings.cs
 0.1 kb	 0.0% Packages/com.unity.ml-agents/Runtime/Sensors/CameraSensorComponent.cs
 0.1 kb	 0.0% Packages/com.unity.ml-agents/Runtime/Sensors/BufferSensorComponent.cs
 0.1 kb	 0.0% Packages/com.unity.ml-agents/Runtime/Inference/SentisModelParamLoader.cs
 0.1 kb	 0.0% Packages/com.unity.ml-agents/Runtime/Demonstrations/DemonstrationWriter.cs
 0.1 kb	 0.0% Packages/com.unity.ml-agents/Runtime/Demonstrations/DemonstrationSummary.cs
 0.1 kb	 0.0% Packages/com.unity.collections/Unity.Collections/UnsafeBitArray.cs
 0.1 kb	 0.0% Packages/com.unity.collections/Unity.Collections/UTF8ArrayUnsafeUtility.cs
 0.1 kb	 0.0% Packages/com.unity.collections/Unity.Collections/StreamCompressionModel.cs
 0.1 kb	 0.0% Packages/com.unity.collections/Unity.Collections/NativeArrayExtensions.cs
 0.1 kb	 0.0% Packages/com.unity.collections/Unity.Collections/FixedStringInternalMethods.cs
 0.1 kb	 0.0% Packages/com.unity.collections/Unity.Collections/FixedStringFormatMethods.gen.cs
 0.1 kb	 0.0% Packages/com.unity.cloud.gltfast/Runtime/Scripts/Newtonsoft/Schema/TextureExtensions.cs
 0.1 kb	 0.0% Packages/com.unity.cloud.gltfast/Runtime/Scripts/Newtonsoft/Schema/PbrMetallicRoughness.cs
 0.1 kb	 0.0% Packages/com.unity.cloud.gltfast/Runtime/Scripts/Newtonsoft/Schema/OcclusionTextureInfo.cs
 0.1 kb	 0.0% Packages/com.unity.cloud.gltfast/Runtime/Scripts/Newtonsoft/Schema/NormalTextureInfo.cs
 0.1 kb	 0.0% Packages/com.unity.cloud.gltfast/Runtime/Scripts/Newtonsoft/Schema/MaterialExtensions.cs
 0.1 kb	 0.0% Packages/com.unity.cloud.gltfast/Runtime/Scripts/Newtonsoft/Schema/CameraPerspective.cs
 0.1 kb	 0.0% Packages/com.unity.cloud.gltfast/Runtime/Scripts/Newtonsoft/Schema/CameraOrthographic.cs
 0.1 kb	 0.0% Packages/com.unity.cloud.gltfast/Runtime/Scripts/Newtonsoft/Schema/BufferViewExtensions.cs
 0.1 kb	 0.0% Packages/com.unity.cloud.gltfast/Runtime/Scripts/Newtonsoft/Schema/AccessorSparseValues.cs
 0.1 kb	 0.0% Packages/com.unity.cloud.gltfast/Runtime/Scripts/MaterialsVariants/MultiMaterialsVariantsSlotInstances.cs
 0.1 kb	 0.0% Packages/com.unity.cloud.gltfast/Runtime/Scripts/Export/MetaMaterialExportBuiltIn.cs
 0.1 kb	 0.0% Packages/com.unity.cloud.gltfast/Runtime/Scripts/Export/GltfUnlitMaterialExporter.cs
 0.1 kb	 0.0% Packages/com.unity.cloud.gltfast/DocExamples/SimpleExport.cs
 0.1 kb	 0.0% Packages/com.unity.cloud.gltfast/DocExamples/ExtraData.cs
 0.1 kb	 0.0% Packages/com.unity.burst/Runtime/CompilerServices/SkipLocalsInitAttribute.cs
 0.1 kb	 0.0% Packages/com.unity.burst/Runtime/CompilerServices/IgnoreWarningAttribute.cs
 0.1 kb	 0.0% Packages/com.unity.ai.inference/Runtime/Tokenization/Utility.cs
 0.1 kb	 0.0% Packages/com.unity.ai.inference/Runtime/Tokenization/Token.cs
 0.1 kb	 0.0% Packages/com.unity.ai.inference/Runtime/Tokenization/Encoding.cs
 0.1 kb	 0.0% Packages/com.unity.ai.inference/Runtime/Core/ShapeInference/DynamicTensorShape.cs
 0.1 kb	 0.0% Packages/com.unity.ai.inference/Runtime/Core/Serialization/FlatBuffers/FlatBufferVerify.cs
 0.1 kb	 0.0% Packages/com.unity.ai.inference/Runtime/Core/Serialization/FlatBuffers/ByteBuffer.cs
 0.1 kb	 0.0% Packages/com.unity.ai.inference/Runtime/Core/Layers/Layer.Quantization.cs
 0.1 kb	 0.0% Packages/com.unity.ai.inference/Runtime/Core/Functional/FunctionalTensor.Indexer.cs
 0.1 kb	 0.0% Packages/com.unity.ai.inference/Runtime/Core/Functional/Functional.Vision.Detection.cs
 0.1 kb	 0.0% Packages/com.unity.ai.inference/Runtime/Core/Functional/Functional.Tensor.Creation.cs
 0.1 kb	 0.0% Packages/com.unity.ai.inference/Runtime/Core/Functional/Functional.Tensor.Constant.cs
 0.1 kb	 0.0% Packages/com.unity.ai.inference/Runtime/Core/Functional/Functional.NN.Convolution.cs
 0.1 kb	 0.0% Packages/com.unity.ai.inference/Runtime/Core/Functional/Functional.Math.Reduction.cs
 0.1 kb	 0.0% Packages/com.unity.ai.inference/Runtime/Core/Functional/Functional.Math.Pointwise.cs
 0.1 kb	 0.0% Packages/com.unity.ai.inference/Runtime/Core/Functional/Functional.Math.Comparison.cs
 0.1 kb	 0.0% Packages/com.unity.ai.inference/Runtime/Core/Compiler/Passes/GraphPass.cs
 0.1 kb	 0.0% Packages/com.unity.ai.inference/Runtime/Core/BurstJobsCastTensor.cs
 0.1 kb	 0.0% Packages/com.unity.ai.inference/Runtime/Core/Backends/GPUPixel/TextureTensorData.cs
 0.1 kb	 0.0% Packages/com.unity.ai.inference/Runtime/Core/Backends/GPUPixel/PixelShaderSingleton.cs
 0.1 kb	 0.0% Packages/com.unity.ai.inference/Runtime/Core/Backends/GPUPixel/GPUPixelBurstJobs.cs
 0.1 kb	 0.0% Packages/com.unity.ai.inference/Runtime/Core/Backends/GPUCompute/ComputeTensorData.cs
 0.1 kb	 0.0% Packages/com.unity.ai.inference/Runtime/Core/Backends/GPUCompute/ComputeHelper.PropertyID.cs
 0.1 kb	 0.0% Packages/com.unity.ai.inference/Runtime/Core/Backends/GPUCompute/Compute.Backend.gen.cs
 0.1 kb	 0.0% Packages/com.unity.ai.inference/Runtime/Core/Backends/GPUCompute/CommandBufferHelper.cs
 0.1 kb	 0.0% Packages/com.unity.ai.inference/Runtime/Core/Backends/CPU/NativeTensorArray.cs
 0.1 kb	 0.0% Packages/com.unity.ai.inference/Runtime/Core/Backends/CPU/BurstCPUJobSystem.cs
 0.1 kb	 0.0% Packages/com.unity.ai.inference/Runtime/Core/Backends/CPU/BurstCPU.Jobs.Reduction.gen.cs
 0.1 kb	 0.0% Packages/com.unity.ai.inference/Runtime/Core/Backends/CPU/BurstCPU.Jobs.Normalization.cs
 0.1 kb	 0.0% Packages/com.unity.ai.inference/Runtime/Core/Backends/CPU/BurstCPU.Jobs.IndexingOpsA.cs
 0.1 kb	 0.0% Packages/com.unity.ai.inference/Runtime/Core/Backends/CPU/BurstCPU.Jobs.ImageBased.gen.cs
 0.1 kb	 0.0% Packages/com.unity.ai.inference/Runtime/Core/Backends/CPU/BurstCPU.Jobs.Broadcast.gen.cs
 0.1 kb	 0.0% Packages/com.unity.ai.inference/Runtime/Core/Backends/CPU/BurstCPU.Helper.cs
 0.1 kb	 0.0% Packages/com.unity.ai.assistant/Runtime/Socket/Protocol/REST/Model/MessageV1.cs
 0.1 kb	 0.0% Packages/com.unity.ai.assistant/Runtime/Socket/Protocol/REST/Model/Guideline.cs
 0.1 kb	 0.0% Packages/com.unity.ai.assistant/Runtime/Socket/Protocol/REST/Model/FeedbackV1.cs
 0.1 kb	 0.0% Packages/com.unity.ai.assistant/Runtime/Socket/Protocol/REST/Client/IApiAccessor.cs
 0.1 kb	 0.0% Packages/com.unity.ai.assistant/Runtime/Socket/Protocol/REST/Client/ClientUtils.cs
 0.1 kb	 0.0% Packages/com.unity.ai.assistant/Runtime/Socket/Protocol/REST/Client/ApiResponse.cs
 0.1 kb	 0.0% Packages/com.unity.ai.assistant/Runtime/Socket/Protocol/REST/Client/ApiException.cs
 0.1 kb	 0.0% Packages/com.unity.ai.assistant/Runtime/Socket/Protocol/REST/Client/ApiClient.cs
 0.1 kb	 0.0% Packages/com.unity.ai.assistant/Runtime/Socket/Protocol/Models/IModel.cs
 0.1 kb	 0.0% Packages/com.unity.ai.assistant/Runtime/Skills/SkillsRegistry.cs
 0.1 kb	 0.0% Packages/com.unity.ai.assistant/Runtime/Skills/SkillFileIssue.cs
 0.1 kb	 0.0% Packages/com.unity.ai.assistant/Runtime/Skills/SkillDefinition.cs
 0.1 kb	 0.0% Packages/com.unity.ai.assistant/Runtime/Skills/ISkillResource.cs
 0.1 kb	 0.0% Packages/com.unity.ai.assistant/Runtime/Markup/LinkHandlerAttribute.cs
 0.1 kb	 0.0% Packages/com.unity.ai.assistant/Runtime/FunctionCalling/ToolRegistry.cs
 0.1 kb	 0.0% Packages/com.unity.ai.assistant/Runtime/FunctionCalling/Permissions/Utils/PathUtils.cs
 0.1 kb	 0.0% Packages/com.unity.ai.assistant/Runtime/Data/VirtualAttachment.cs
 0.1 kb	 0.0% Packages/com.unity.ai.assistant/Runtime/Backend/MessageFeedback.cs
 0.1 kb	 0.0% Packages/com.unity.ai.assistant/Runtime/Backend/IFunctionCaller.cs
 0.1 kb	 0.0% Packages/com.unity.ai.assistant/Runtime/ApplicationModels/Conversation.cs
 0.1 kb	 0.0% Packages/com.unity.ai.assistant/Runtime/ApplicationModels/ContextItem.cs
 0.1 kb	 0.0% Packages/com.unity.ai.assistant/Runtime/Agents/SequentialAgent.cs
 0.1 kb	 0.0% Packages/com.unity.ai.assistant/Runtime/Agents/AgentRegistry.cs
 0.1 kb	 0.0% Assets/com.unity.inputsystem@ea5ab5b33a26/InputSystem/Utilities/StringHelpers.cs
 0.1 kb	 0.0% Assets/com.unity.inputsystem@ea5ab5b33a26/InputSystem/Utilities/SpriteUtilities.cs
 0.1 kb	 0.0% Assets/com.unity.inputsystem@ea5ab5b33a26/InputSystem/Utilities/PrimitiveValue.cs
 0.1 kb	 0.0% Assets/com.unity.inputsystem@ea5ab5b33a26/InputSystem/Utilities/PredictiveParser.cs
 0.1 kb	 0.0% Assets/com.unity.inputsystem@ea5ab5b33a26/InputSystem/Utilities/NumberHelpers.cs
 0.1 kb	 0.0% Assets/com.unity.inputsystem@ea5ab5b33a26/InputSystem/Utilities/MemoryHelpers.cs
 0.1 kb	 0.0% Assets/com.unity.inputsystem@ea5ab5b33a26/InputSystem/Utilities/InternedString.cs
 0.1 kb	 0.0% Assets/com.unity.inputsystem@ea5ab5b33a26/InputSystem/Utilities/ExceptionHelpers.cs
 0.1 kb	 0.0% Assets/com.unity.inputsystem@ea5ab5b33a26/InputSystem/Utilities/DelegateHelpers.cs
 0.1 kb	 0.0% Assets/com.unity.inputsystem@ea5ab5b33a26/InputSystem/Plugins/iOS/iOSStepCounter.cs
 0.1 kb	 0.0% Assets/com.unity.inputsystem@ea5ab5b33a26/InputSystem/Plugins/XR/TrackedPoseDriver.cs
 0.1 kb	 0.0% Assets/com.unity.inputsystem@ea5ab5b33a26/InputSystem/Plugins/XR/Haptics/BufferedRumble.cs
 0.1 kb	 0.0% Assets/com.unity.inputsystem@ea5ab5b33a26/InputSystem/Plugins/UI/VirtualMouseInput.cs
 0.1 kb	 0.0% Assets/com.unity.inputsystem@ea5ab5b33a26/InputSystem/Plugins/UI/BaseInputOverride.cs
 0.1 kb	 0.0% Assets/com.unity.inputsystem@ea5ab5b33a26/InputSystem/Plugins/DualShock/DualShockSupport.cs
 0.1 kb	 0.0% Assets/com.unity.inputsystem@ea5ab5b33a26/InputSystem/Plugins/DualShock/DualShockGamepad.cs
 0.1 kb	 0.0% Assets/com.unity.inputsystem@ea5ab5b33a26/InputSystem/Controls/Processors/ScaleProcessor.cs
 0.1 kb	 0.0% Assets/com.unity.inputsystem@ea5ab5b33a26/InputSystem/Controls/Processors/InvertProcessor.cs
 0.1 kb	 0.0% Assets/com.unity.inputsystem@ea5ab5b33a26/InputSystem/Controls/Processors/ClampProcessor.cs
 0.1 kb	 0.0% Assets/com.unity.inputsystem@ea5ab5b33a26/InputSystem/Actions/Interactions/TapInteraction.cs
 0.1 kb	 0.0% Assets/com.unity.inputsystem@ea5ab5b33a26/InputSystem/Actions/Interactions/PressInteraction.cs
 0.1 kb	 0.0% Assets/com.unity.inputsystem@ea5ab5b33a26/InputSystem/Actions/Interactions/HoldInteraction.cs
 0.1 kb	 0.0% Assets/com.unity.inputsystem@ea5ab5b33a26/InputSystem/Actions/InputActionTrace.cs
 0.1 kb	 0.0% Assets/com.unity.inputsystem@ea5ab5b33a26/InputSystem/Actions/Composites/Vector3Composite.cs
 0.1 kb	 0.0% Assets/com.unity.inputsystem@ea5ab5b33a26/InputSystem/Actions/Composites/Vector2Composite.cs
 0.1 kb	 0.0% Assets/com.unity.inputsystem@ea5ab5b33a26/InputSystem/Actions/Composites/AxisComposite.cs
 0.1 kb	 0.0% Packages/com.unity.visualscripting/Runtime/VisualScripting.State/Units/SetStateGraph.cs
 0.1 kb	 0.0% Packages/com.unity.visualscripting/Runtime/VisualScripting.State/Units/GetStateGraphs.cs
 0.1 kb	 0.0% Packages/com.unity.visualscripting/Runtime/VisualScripting.State/Units/GetStateGraph.cs
 0.1 kb	 0.0% Packages/com.unity.visualscripting/Runtime/VisualScripting.State/StateTransition.cs
 0.1 kb	 0.0% Packages/com.unity.visualscripting/Runtime/VisualScripting.State/StateGraphData.cs
 0.1 kb	 0.0% Packages/com.unity.visualscripting/Runtime/VisualScripting.State/StateGraphAsset.cs
 0.1 kb	 0.0% Packages/com.unity.visualscripting/Runtime/VisualScripting.State/StateEventHooks.cs
 0.1 kb	 0.0% Packages/com.unity.visualscripting/Runtime/VisualScripting.State/IStateTransition.cs
 0.1 kb	 0.0% Packages/com.unity.visualscripting/Runtime/VisualScripting.State/IStateDebugData.cs
 0.1 kb	 0.0% Packages/com.unity.visualscripting/Runtime/VisualScripting.State/Framework/Graph/HasStateGraph.cs
 0.1 kb	 0.0% Packages/com.unity.visualscripting/Runtime/VisualScripting.Flow/UnitPreservation.cs
 0.1 kb	 0.0% Packages/com.unity.visualscripting/Runtime/VisualScripting.Flow/ScriptMachine.cs
 0.1 kb	 0.0% Packages/com.unity.visualscripting/Runtime/VisualScripting.Flow/ScriptGraphAsset.cs
 0.1 kb	 0.0% Packages/com.unity.visualscripting/Runtime/VisualScripting.Flow/Ports/InvalidOutput.cs
 0.1 kb	 0.0% Packages/com.unity.visualscripting/Runtime/VisualScripting.Flow/Ports/IUnitValuePort.cs
 0.1 kb	 0.0% Packages/com.unity.visualscripting/Runtime/VisualScripting.Flow/Ports/IUnitOutputPort.cs
 0.1 kb	 0.0% Packages/com.unity.visualscripting/Runtime/VisualScripting.Flow/Ports/IUnitInvalidPort.cs
 0.1 kb	 0.0% Packages/com.unity.visualscripting/Runtime/VisualScripting.Flow/Ports/IUnitInputPort.cs
 0.1 kb	 0.0% Packages/com.unity.visualscripting/Runtime/VisualScripting.Flow/Ports/IUnitControlPort.cs
 0.1 kb	 0.0% Packages/com.unity.visualscripting/Runtime/VisualScripting.Flow/Ports/ControlOutput.cs
 0.1 kb	 0.0% Packages/com.unity.visualscripting/Runtime/VisualScripting.Flow/MultiInputUnit.cs
 0.1 kb	 0.0% Packages/com.unity.visualscripting/Runtime/VisualScripting.Flow/IUnitDebugData.cs
 0.1 kb	 0.0% Packages/com.unity.visualscripting/Runtime/VisualScripting.Flow/Framework/Variables/SaveVariables.cs
 0.1 kb	 0.0% Packages/com.unity.visualscripting/Runtime/VisualScripting.Flow/Framework/Variables/Obsolete/SetVariableUnit.cs
 0.1 kb	 0.0% Packages/com.unity.visualscripting/Runtime/VisualScripting.Flow/Framework/Variables/Obsolete/SetSceneVariable.cs
 0.1 kb	 0.0% Packages/com.unity.visualscripting/Runtime/VisualScripting.Flow/Framework/Variables/Obsolete/SetSavedVariable.cs
 0.1 kb	 0.0% Packages/com.unity.visualscripting/Runtime/VisualScripting.Flow/Framework/Variables/Obsolete/SetGraphVariable.cs
 0.1 kb	 0.0% Packages/com.unity.visualscripting/Runtime/VisualScripting.Flow/Framework/Variables/Obsolete/IVariableUnit.cs
 0.1 kb	 0.0% Packages/com.unity.visualscripting/Runtime/VisualScripting.Flow/Framework/Variables/Obsolete/GetVariableUnit.cs
 0.1 kb	 0.0% Packages/com.unity.visualscripting/Runtime/VisualScripting.Flow/Framework/Variables/Obsolete/GetSceneVariable.cs
 0.1 kb	 0.0% Packages/com.unity.visualscripting/Runtime/VisualScripting.Flow/Framework/Variables/Obsolete/GetSavedVariable.cs
 0.1 kb	 0.0% Packages/com.unity.visualscripting/Runtime/VisualScripting.Flow/Framework/Variables/Obsolete/GetGraphVariable.cs
 0.1 kb	 0.0% Packages/com.unity.visualscripting/Runtime/VisualScripting.Flow/Framework/Time/WaitWhileUnit.cs
 0.1 kb	 0.0% Packages/com.unity.visualscripting/Runtime/VisualScripting.Flow/Framework/Time/WaitUntilUnit.cs
 0.1 kb	 0.0% Packages/com.unity.visualscripting/Runtime/VisualScripting.Flow/Framework/Math/Vector4/Vector4Subtract.cs
 0.1 kb	 0.0% Packages/com.unity.visualscripting/Runtime/VisualScripting.Flow/Framework/Math/Vector4/Vector4PerSecond.cs
 0.1 kb	 0.0% Packages/com.unity.visualscripting/Runtime/VisualScripting.Flow/Framework/Math/Vector4/Vector4Normalize.cs
 0.1 kb	 0.0% Packages/com.unity.visualscripting/Runtime/VisualScripting.Flow/Framework/Math/Vector4/Vector4Multiply.cs
 0.1 kb	 0.0% Packages/com.unity.visualscripting/Runtime/VisualScripting.Flow/Framework/Math/Vector4/Vector4Modulo.cs
 0.1 kb	 0.0% Packages/com.unity.visualscripting/Runtime/VisualScripting.Flow/Framework/Math/Vector4/Vector4Minimum.cs
 0.1 kb	 0.0% Packages/com.unity.visualscripting/Runtime/VisualScripting.Flow/Framework/Math/Vector4/Vector4Maximum.cs
 0.1 kb	 0.0% Packages/com.unity.visualscripting/Runtime/VisualScripting.Flow/Framework/Math/Vector4/Vector4Divide.cs
 0.1 kb	 0.0% Packages/com.unity.visualscripting/Runtime/VisualScripting.Flow/Framework/Math/Vector4/Vector4Distance.cs
 0.1 kb	 0.0% Packages/com.unity.visualscripting/Runtime/VisualScripting.Flow/Framework/Math/Vector4/Vector4Average.cs
 0.1 kb	 0.0% Packages/com.unity.visualscripting/Runtime/VisualScripting.Flow/Framework/Math/Vector4/Vector4Absolute.cs
 0.1 kb	 0.0% Packages/com.unity.visualscripting/Runtime/VisualScripting.Flow/Framework/Math/Vector3/Vector3Subtract.cs
 0.1 kb	 0.0% Packages/com.unity.visualscripting/Runtime/VisualScripting.Flow/Framework/Math/Vector3/Vector3Project.cs
 0.1 kb	 0.0% Packages/com.unity.visualscripting/Runtime/VisualScripting.Flow/Framework/Math/Vector3/Vector3PerSecond.cs
 0.1 kb	 0.0% Packages/com.unity.visualscripting/Runtime/VisualScripting.Flow/Framework/Math/Vector3/Vector3Normalize.cs
 0.1 kb	 0.0% Packages/com.unity.visualscripting/Runtime/VisualScripting.Flow/Framework/Math/Vector3/Vector3Multiply.cs
 0.1 kb	 0.0% Packages/com.unity.visualscripting/Runtime/VisualScripting.Flow/Framework/Math/Vector3/Vector3Modulo.cs
 0.1 kb	 0.0% Packages/com.unity.visualscripting/Runtime/VisualScripting.Flow/Framework/Math/Vector3/Vector3Minimum.cs
 0.1 kb	 0.0% Packages/com.unity.visualscripting/Runtime/VisualScripting.Flow/Framework/Math/Vector3/Vector3Maximum.cs
 0.1 kb	 0.0% Packages/com.unity.visualscripting/Runtime/VisualScripting.Flow/Framework/Math/Vector3/Vector3Divide.cs
 0.1 kb	 0.0% Packages/com.unity.visualscripting/Runtime/VisualScripting.Flow/Framework/Math/Vector3/Vector3Distance.cs
 0.1 kb	 0.0% Packages/com.unity.visualscripting/Runtime/VisualScripting.Flow/Framework/Math/Vector3/Vector3Average.cs
 0.1 kb	 0.0% Packages/com.unity.visualscripting/Runtime/VisualScripting.Flow/Framework/Math/Vector3/Vector3Absolute.cs
 0.1 kb	 0.0% Packages/com.unity.visualscripting/Runtime/VisualScripting.Flow/Framework/Math/Vector2/Vector2Subtract.cs
 0.1 kb	 0.0% Packages/com.unity.visualscripting/Runtime/VisualScripting.Flow/Framework/Math/Vector2/Vector2Project.cs
 0.1 kb	 0.0% Packages/com.unity.visualscripting/Runtime/VisualScripting.Flow/Framework/Math/Vector2/Vector2PerSecond.cs
 0.1 kb	 0.0% Packages/com.unity.visualscripting/Runtime/VisualScripting.Flow/Framework/Math/Vector2/Vector2Normalize.cs
 0.1 kb	 0.0% Packages/com.unity.visualscripting/Runtime/VisualScripting.Flow/Framework/Math/Vector2/Vector2Multiply.cs
 0.1 kb	 0.0% Packages/com.unity.visualscripting/Runtime/VisualScripting.Flow/Framework/Math/Vector2/Vector2Modulo.cs
 0.1 kb	 0.0% Packages/com.unity.visualscripting/Runtime/VisualScripting.Flow/Framework/Math/Vector2/Vector2Minimum.cs
 0.1 kb	 0.0% Packages/com.unity.visualscripting/Runtime/VisualScripting.Flow/Framework/Math/Vector2/Vector2Maximum.cs
 0.1 kb	 0.0% Packages/com.unity.visualscripting/Runtime/VisualScripting.Flow/Framework/Math/Vector2/Vector2Divide.cs
 0.1 kb	 0.0% Packages/com.unity.visualscripting/Runtime/VisualScripting.Flow/Framework/Math/Vector2/Vector2Distance.cs
 0.1 kb	 0.0% Packages/com.unity.visualscripting/Runtime/VisualScripting.Flow/Framework/Math/Vector2/Vector2Average.cs
 0.1 kb	 0.0% Packages/com.unity.visualscripting/Runtime/VisualScripting.Flow/Framework/Math/Vector2/Vector2Absolute.cs
 0.1 kb	 0.0% Packages/com.unity.visualscripting/Runtime/VisualScripting.Flow/Framework/Math/Scalar/ScalarSubtract.cs
 0.1 kb	 0.0% Packages/com.unity.visualscripting/Runtime/VisualScripting.Flow/Framework/Math/Scalar/ScalarPerSecond.cs
 0.1 kb	 0.0% Packages/com.unity.visualscripting/Runtime/VisualScripting.Flow/Framework/Math/Scalar/ScalarNormalize.cs
 0.1 kb	 0.0% Packages/com.unity.visualscripting/Runtime/VisualScripting.Flow/Framework/Math/Scalar/ScalarMultiply.cs
 0.1 kb	 0.0% Packages/com.unity.visualscripting/Runtime/VisualScripting.Flow/Framework/Math/Scalar/ScalarMinimum.cs
 0.1 kb	 0.0% Packages/com.unity.visualscripting/Runtime/VisualScripting.Flow/Framework/Math/Scalar/ScalarMaximum.cs
 0.1 kb	 0.0% Packages/com.unity.visualscripting/Runtime/VisualScripting.Flow/Framework/Math/Scalar/ScalarAverage.cs
 0.1 kb	 0.0% Packages/com.unity.visualscripting/Runtime/VisualScripting.Flow/Framework/Math/Scalar/ScalarAbsolute.cs
 0.1 kb	 0.0% Packages/com.unity.visualscripting/Runtime/VisualScripting.Flow/Framework/Math/Generic/GenericSubtract.cs
 0.1 kb	 0.0% Packages/com.unity.visualscripting/Runtime/VisualScripting.Flow/Framework/Math/Generic/GenericMultiply.cs
 0.1 kb	 0.0% Packages/com.unity.visualscripting/Runtime/VisualScripting.Flow/Framework/Math/Generic/GenericModulo.cs
 0.1 kb	 0.0% Packages/com.unity.visualscripting/Runtime/VisualScripting.Flow/Framework/Math/Generic/GenericDivide.cs
 0.1 kb	 0.0% Packages/com.unity.visualscripting/Runtime/VisualScripting.Flow/Framework/Logic/GreaterOrEqual.cs
 0.1 kb	 0.0% Packages/com.unity.visualscripting/Runtime/VisualScripting.Flow/Framework/Graph/SetScriptGraph.cs
 0.1 kb	 0.0% Packages/com.unity.visualscripting/Runtime/VisualScripting.Flow/Framework/Graph/HasScriptGraph.cs
 0.1 kb	 0.0% Packages/com.unity.visualscripting/Runtime/VisualScripting.Flow/Framework/Graph/GetScriptGraphs.cs
 0.1 kb	 0.0% Packages/com.unity.visualscripting/Runtime/VisualScripting.Flow/Framework/Graph/GetScriptGraph.cs
 0.1 kb	 0.0% Packages/com.unity.visualscripting/Runtime/VisualScripting.Flow/Framework/Events/Time/OnTimerElapsed.cs
 0.1 kb	 0.0% Packages/com.unity.visualscripting/Runtime/VisualScripting.Flow/Framework/Events/Rendering/OnBecameVisible.cs
 0.1 kb	 0.0% Packages/com.unity.visualscripting/Runtime/VisualScripting.Flow/Framework/Events/Physics2D/OnTriggerStay2D.cs
 0.1 kb	 0.0% Packages/com.unity.visualscripting/Runtime/VisualScripting.Flow/Framework/Events/Physics2D/OnTriggerExit2D.cs
 0.1 kb	 0.0% Packages/com.unity.visualscripting/Runtime/VisualScripting.Flow/Framework/Events/Physics2D/OnTriggerEnter2D.cs
 0.1 kb	 0.0% Packages/com.unity.visualscripting/Runtime/VisualScripting.Flow/Framework/Events/Physics2D/OnJointBreak2D.cs
 0.1 kb	 0.0% Packages/com.unity.visualscripting/Runtime/VisualScripting.Flow/Framework/Events/Physics/TriggerEventUnit.cs
 0.1 kb	 0.0% Packages/com.unity.visualscripting/Runtime/VisualScripting.Flow/Framework/Events/Physics/OnTriggerStay.cs
 0.1 kb	 0.0% Packages/com.unity.visualscripting/Runtime/VisualScripting.Flow/Framework/Events/Physics/OnTriggerExit.cs
 0.1 kb	 0.0% Packages/com.unity.visualscripting/Runtime/VisualScripting.Flow/Framework/Events/Physics/OnTriggerEnter.cs
 0.1 kb	 0.0% Packages/com.unity.visualscripting/Runtime/VisualScripting.Flow/Framework/Events/Physics/OnCollisionStay.cs
 0.1 kb	 0.0% Packages/com.unity.visualscripting/Runtime/VisualScripting.Flow/Framework/Events/Physics/OnCollisionExit.cs
 0.1 kb	 0.0% Packages/com.unity.visualscripting/Runtime/VisualScripting.Flow/Framework/Events/Physics/OnCollisionEnter.cs
 0.1 kb	 0.0% Packages/com.unity.visualscripting/Runtime/VisualScripting.Flow/Framework/Events/Input/OnKeyboardInput.cs
 0.1 kb	 0.0% Packages/com.unity.visualscripting/Runtime/VisualScripting.Flow/Framework/Events/Input/OnButtonInput.cs
 0.1 kb	 0.0% Packages/com.unity.visualscripting/Runtime/VisualScripting.Flow/Framework/Events/Input/IMouseEventUnit.cs
 0.1 kb	 0.0% Packages/com.unity.visualscripting/Runtime/VisualScripting.Flow/Framework/Events/GUI/PointerEventUnit.cs
 0.1 kb	 0.0% Packages/com.unity.visualscripting/Runtime/VisualScripting.Flow/Framework/Events/GUI/OnPointerExit.cs
 0.1 kb	 0.0% Packages/com.unity.visualscripting/Runtime/VisualScripting.Flow/Framework/Events/GUI/OnPointerEnter.cs
 0.1 kb	 0.0% Packages/com.unity.visualscripting/Runtime/VisualScripting.Flow/Framework/Events/GUI/OnPointerDown.cs
 0.1 kb	 0.0% Packages/com.unity.visualscripting/Runtime/VisualScripting.Flow/Framework/Events/GUI/OnPointerClick.cs
 0.1 kb	 0.0% Packages/com.unity.visualscripting/Runtime/VisualScripting.Flow/Framework/Events/GUI/OnButtonClick.cs
 0.1 kb	 0.0% Packages/com.unity.visualscripting/Runtime/VisualScripting.Flow/Framework/Events/CustomEventArgs.cs
 0.1 kb	 0.0% Packages/com.unity.visualscripting/Runtime/VisualScripting.Flow/Framework/Events/BoltUnityEvent.cs
 0.1 kb	 0.0% Packages/com.unity.visualscripting/Runtime/VisualScripting.Flow/Framework/Events/Animation/OnAnimatorMove.cs
 0.1 kb	 0.0% Packages/com.unity.visualscripting/Runtime/VisualScripting.Flow/Framework/Control/SwitchOnString.cs
 0.1 kb	 0.0% Packages/com.unity.visualscripting/Runtime/VisualScripting.Flow/Framework/Control/SwitchOnInteger.cs
 0.1 kb	 0.0% Packages/com.unity.visualscripting/Runtime/VisualScripting.Flow/Framework/Control/SelectOnString.cs
 0.1 kb	 0.0% Packages/com.unity.visualscripting/Runtime/VisualScripting.Flow/Framework/Control/SelectOnInteger.cs
 0.1 kb	 0.0% Packages/com.unity.visualscripting/Runtime/VisualScripting.Flow/Framework/Collections/Lists/RemoveListItemAt.cs
 0.1 kb	 0.0% Packages/com.unity.visualscripting/Runtime/VisualScripting.Flow/Framework/Collections/Lists/RemoveListItem.cs
 0.1 kb	 0.0% Packages/com.unity.visualscripting/Runtime/VisualScripting.Flow/Framework/Collections/Lists/ListContainsItem.cs
 0.1 kb	 0.0% Packages/com.unity.visualscripting/Runtime/VisualScripting.Flow/Framework/Collections/Lists/InsertListItem.cs
 0.1 kb	 0.0% Packages/com.unity.visualscripting/Runtime/VisualScripting.Flow/Framework/Collections/Dictionaries/CreateDictionary.cs
 0.1 kb	 0.0% Packages/com.unity.visualscripting/Runtime/VisualScripting.Flow/Framework/Collections/Dictionaries/ClearDictionary.cs
 0.1 kb	 0.0% Packages/com.unity.visualscripting/Runtime/VisualScripting.Flow/FlowGraphData.cs
 0.1 kb	 0.0% Packages/com.unity.visualscripting/Runtime/VisualScripting.Flow/EditorBinding/PortKeyAttribute.cs
 0.1 kb	 0.0% Packages/com.unity.visualscripting/Runtime/VisualScripting.Flow/Connections/ValueConnection.cs
 0.1 kb	 0.0% Packages/com.unity.visualscripting/Runtime/VisualScripting.Flow/Connections/IUnitRelation.cs
 0.1 kb	 0.0% Packages/com.unity.visualscripting/Runtime/VisualScripting.Flow/Connections/IUnitConnection.cs
 0.1 kb	 0.0% Packages/com.unity.visualscripting/Runtime/VisualScripting.Core/Variables/VariablesSaver.cs
 0.1 kb	 0.0% Packages/com.unity.visualscripting/Runtime/VisualScripting.Core/Variables/VariablesAsset.cs
 0.1 kb	 0.0% Packages/com.unity.visualscripting/Runtime/VisualScripting.Core/Variables/SceneVariables.cs
 0.1 kb	 0.0% Packages/com.unity.visualscripting/Runtime/VisualScripting.Core/Variables/SavedVariables.cs
 0.1 kb	 0.0% Packages/com.unity.visualscripting/Runtime/VisualScripting.Core/Variables/ObjectVariables.cs
 0.1 kb	 0.0% Packages/com.unity.visualscripting/Runtime/VisualScripting.Core/Utilities/StringUtility.cs
 0.1 kb	 0.0% Packages/com.unity.visualscripting/Runtime/VisualScripting.Core/Utilities/IInitializable.cs
 0.1 kb	 0.0% Packages/com.unity.visualscripting/Runtime/VisualScripting.Core/Utilities/IIdentifiable.cs
 0.1 kb	 0.0% Packages/com.unity.visualscripting/Runtime/VisualScripting.Core/Utilities/ExceptionUtility.cs
 0.1 kb	 0.0% Packages/com.unity.visualscripting/Runtime/VisualScripting.Core/Utilities/CoroutineRunner.cs
 0.1 kb	 0.0% Packages/com.unity.visualscripting/Runtime/VisualScripting.Core/Unity/LudiqBehaviour.cs
 0.1 kb	 0.0% Packages/com.unity.visualscripting/Runtime/VisualScripting.Core/Serialization/Serialization.cs
 0.1 kb	 0.0% Packages/com.unity.visualscripting/Runtime/VisualScripting.Core/Serialization/SerializableType.cs
 0.1 kb	 0.0% Packages/com.unity.visualscripting/Runtime/VisualScripting.Core/Serialization/DictionaryAsset.cs
 0.1 kb	 0.0% Packages/com.unity.visualscripting/Runtime/VisualScripting.Core/Serialization/Converters/Ray2DConverter.cs
 0.1 kb	 0.0% Packages/com.unity.visualscripting/Runtime/VisualScripting.Core/Reflection/RuntimeCodebase.cs
 0.1 kb	 0.0% Packages/com.unity.visualscripting/Runtime/VisualScripting.Core/Reflection/Operators/OperatorUtility.cs
 0.1 kb	 0.0% Packages/com.unity.visualscripting/Runtime/VisualScripting.Core/Reflection/Operators/OperatorHandler.cs
 0.1 kb	 0.0% Packages/com.unity.visualscripting/Runtime/VisualScripting.Core/Reflection/Operators/ModuloHandler.cs
 0.1 kb	 0.0% Packages/com.unity.visualscripting/Runtime/VisualScripting.Core/Reflection/Operators/LessThanHandler.cs
 0.1 kb	 0.0% Packages/com.unity.visualscripting/Runtime/VisualScripting.Core/Reflection/Operators/LeftShiftHandler.cs
 0.1 kb	 0.0% Packages/com.unity.visualscripting/Runtime/VisualScripting.Core/Reflection/Operators/IncrementHandler.cs
 0.1 kb	 0.0% Packages/com.unity.visualscripting/Runtime/VisualScripting.Core/Reflection/Operators/EqualityHandler.cs
 0.1 kb	 0.0% Packages/com.unity.visualscripting/Runtime/VisualScripting.Core/Reflection/Operators/DivisionHandler.cs
 0.1 kb	 0.0% Packages/com.unity.visualscripting/Runtime/VisualScripting.Core/Reflection/Operators/DecrementHandler.cs
 0.1 kb	 0.0% Packages/com.unity.visualscripting/Runtime/VisualScripting.Core/Reflection/Operators/AdditionHandler.cs
 0.1 kb	 0.0% Packages/com.unity.visualscripting/Runtime/VisualScripting.Core/Reflection/MemberUtility.cs
 0.1 kb	 0.0% Packages/com.unity.visualscripting/Runtime/VisualScripting.Core/Reflection/AttributeUtility.cs
 0.1 kb	 0.0% Packages/com.unity.visualscripting/Runtime/VisualScripting.Core/Profiling/ProfilingUtility.cs
 0.1 kb	 0.0% Packages/com.unity.visualscripting/Runtime/VisualScripting.Core/Profiling/ProfilingScope.cs
 0.1 kb	 0.0% Packages/com.unity.visualscripting/Runtime/VisualScripting.Core/Profiling/ProfiledSegment.cs
 0.1 kb	 0.0% Packages/com.unity.visualscripting/Runtime/VisualScripting.Core/Platforms/PlatformUtility.cs
 0.1 kb	 0.0% Packages/com.unity.visualscripting/Runtime/VisualScripting.Core/Platforms/IAotStubbable.cs
 0.1 kb	 0.0% Packages/com.unity.visualscripting/Runtime/VisualScripting.Core/Listeners/MessageListener.cs
 0.1 kb	 0.0% Packages/com.unity.visualscripting/Runtime/VisualScripting.Core/Graphs/IGraphElement.cs
 0.1 kb	 0.0% Packages/com.unity.visualscripting/Runtime/VisualScripting.Core/Graphs/IGraphDebugData.cs
 0.1 kb	 0.0% Packages/com.unity.visualscripting/Runtime/VisualScripting.Core/Graphs/GraphReference.cs
 0.1 kb	 0.0% Packages/com.unity.visualscripting/Runtime/VisualScripting.Core/Graphs/GraphInstances.cs
 0.1 kb	 0.0% Packages/com.unity.visualscripting/Runtime/VisualScripting.Core/Graphs/GraphDebugData.cs
 0.1 kb	 0.0% Packages/com.unity.visualscripting/Runtime/VisualScripting.Core/Events/IEventMachine.cs
 0.1 kb	 0.0% Packages/com.unity.visualscripting/Runtime/VisualScripting.Core/Events/EmptyEventArgs.cs
 0.1 kb	 0.0% Packages/com.unity.visualscripting/Runtime/VisualScripting.Core/Ensure/EnsureThat.Strings.cs
 0.1 kb	 0.0% Packages/com.unity.visualscripting/Runtime/VisualScripting.Core/Ensure/EnsureThat.Objects.cs
 0.1 kb	 0.0% Packages/com.unity.visualscripting/Runtime/VisualScripting.Core/Ensure/EnsureThat.Booleans.cs
 0.1 kb	 0.0% Packages/com.unity.visualscripting/Runtime/VisualScripting.Core/EditorBinding/TypeSetAttribute.cs
 0.1 kb	 0.0% Packages/com.unity.visualscripting/Runtime/VisualScripting.Core/Decorators/ValueAttribute.cs
 0.1 kb	 0.0% Packages/com.unity.visualscripting/Runtime/VisualScripting.Core/Collections/AotDictionary.cs
 0.1 kb	 0.0% Packages/com.unity.visualscripting/Runtime/VisualScripting.Core/Cloning/ISpecifiesCloner.cs
 0.1 kb	 0.0% Packages/com.unity.visualscripting/Runtime/VisualScripting.Core/Cloning/CloningContext.cs
 0.1 kb	 0.0% Packages/com.unity.visualscripting/Runtime/VisualScripting.Core/Cloning/Cloners/ReflectedCloner.cs
 0.1 kb	 0.0% Packages/com.unity.visualscripting/Runtime/VisualScripting.Core/Cloning/Cloners/GradientCloner.cs
 0.1 kb	 0.0% Packages/com.unity.visualscripting/Runtime/VisualScripting.Core/Cloning/Cloners/EnumerableCloner.cs
 0.1 kb	 0.0% Packages/com.unity.visualscripting/Runtime/VisualScripting.Core/Cloning/Cloners/DictionaryCloner.cs
 0.1 kb	 0.0% Packages/com.unity.ugui/Runtime/TMP/TMP_ScrollbarEventHandler.cs
 0.1 kb	 0.0% Packages/com.unity.ugui/Runtime/TMP/TMP_PackageResourceImporter.cs
 0.1 kb	 0.0% Packages/com.unity.ugui/Runtime/InternalBridge/ObjectUtilsBridge.cs
 0.1 kb	 0.0% Packages/com.unity.timeline/Runtime/Utilities/TimelineCreateUtilities.cs
 0.1 kb	 0.0% Packages/com.unity.timeline/Runtime/Utilities/TimelineClipExtensions.cs
 0.1 kb	 0.0% Packages/com.unity.timeline/Runtime/Utilities/NotificationUtilities.cs
 0.1 kb	 0.0% Packages/com.unity.timeline/Runtime/Playables/PrefabControlPlayable.cs
 0.1 kb	 0.0% Packages/com.unity.timeline/Runtime/Playables/ParticleControlPlayable.cs
 0.1 kb	 0.0% Packages/com.unity.timeline/Runtime/Playables/DirectorControlPlayable.cs
 0.1 kb	 0.0% Packages/com.unity.timeline/Runtime/Events/Signals/CustomSignalEventDrawer.cs
 0.1 kb	 0.0% Packages/com.unity.timeline/Runtime/Attributes/TimelineHelpURLAttribute.cs
 0.1 kb	 0.0% Packages/com.unity.timeline/Runtime/Animation/AnimationPlayableAsset.cs
 0.1 kb	 0.0% Packages/com.unity.timeline/Runtime/Activation/ActivationPlayableAsset.cs
 0.1 kb	 0.0% Packages/com.unity.timeline/Runtime/Activation/ActivationMixerPlayable.cs
 0.1 kb	 0.0% Packages/com.unity.serialization/Runtime/Unity.Serialization/Json/Views/SerializedValueView.cs
 0.1 kb	 0.0% Packages/com.unity.serialization/Runtime/Unity.Serialization/Json/Views/SerializedStringView.cs
 0.1 kb	 0.0% Packages/com.unity.serialization/Runtime/Unity.Serialization/Json/Views/SerializedObjectView.cs
 0.1 kb	 0.0% Packages/com.unity.serialization/Runtime/Unity.Serialization/Json/Views/SerializedMemberView.cs
 0.1 kb	 0.0% Packages/com.unity.serialization/Runtime/Unity.Serialization/Json/Views/SerializedArrayView.cs
 0.1 kb	 0.0% Packages/com.unity.serialization/Runtime/Unity.Serialization/Json/Views/Internal/UnsafeValueView.cs
 0.1 kb	 0.0% Packages/com.unity.serialization/Runtime/Unity.Serialization/Json/Views/Internal/UnsafeStringView.cs
 0.1 kb	 0.0% Packages/com.unity.serialization/Runtime/Unity.Serialization/Json/Views/Internal/UnsafeObjectView.cs
 0.1 kb	 0.0% Packages/com.unity.serialization/Runtime/Unity.Serialization/Json/Views/Internal/UnsafeMemberView.cs
 0.1 kb	 0.0% Packages/com.unity.serialization/Runtime/Unity.Serialization/Json/Views/Internal/UnsafeArrayView.cs
 0.1 kb	 0.0% Packages/com.unity.serialization/Runtime/Unity.Serialization/Json/Validation/Internal/JsonValidator+Standard.cs
 0.1 kb	 0.0% Packages/com.unity.serialization/Runtime/Unity.Serialization/Json/Validation/Internal/JsonValidationResult.cs
 0.1 kb	 0.0% Packages/com.unity.serialization/Runtime/Unity.Serialization/Json/Utility/InvalidJsonException.cs
 0.1 kb	 0.0% Packages/com.unity.serialization/Runtime/Unity.Serialization/Json/Properties/Internal/JsonPropertyWriter.cs
 0.1 kb	 0.0% Packages/com.unity.serialization/Runtime/Unity.Serialization/Json/Properties/Internal/JsonPropertyVisitor.cs
 0.1 kb	 0.0% Packages/com.unity.serialization/Runtime/Unity.Serialization/Json/Properties/Internal/JsonPropertyReader.cs
 0.1 kb	 0.0% Packages/com.unity.serialization/Runtime/Unity.Serialization/Json/Parser/PackedBinaryStream.cs
 0.1 kb	 0.0% Packages/com.unity.serialization/Runtime/Unity.Serialization/Json/Parser/Internal/PackedBinaryWriter.cs
 0.1 kb	 0.0% Packages/com.unity.serialization/Runtime/Unity.Serialization/Json/Migration/JsonMigrationContext.cs
 0.1 kb	 0.0% Packages/com.unity.serialization/Runtime/Unity.Serialization/Json/JsonSerialization.cs
 0.1 kb	 0.0% Packages/com.unity.serialization/Runtime/Unity.Serialization/Binary/Adapters/Internal/BinaryAdapter+System.cs
 0.1 kb	 0.0% Packages/com.unity.render-pipelines.core/Runtime/Vrs/VrsShaders.cs
 0.1 kb	 0.0% Packages/com.unity.render-pipelines.core/Runtime/Vrs/VrsResources.cs
 0.1 kb	 0.0% Packages/com.unity.render-pipelines.core/Runtime/Volume/VolumeStack.cs
 0.1 kb	 0.0% Packages/com.unity.render-pipelines.core/Runtime/Utilities/TextureCurve.cs
 0.1 kb	 0.0% Packages/com.unity.render-pipelines.core/Runtime/Utilities/MeshGizmo.cs
 0.1 kb	 0.0% Packages/com.unity.render-pipelines.core/Runtime/Utilities/HashFNV1A32.cs
 0.1 kb	 0.0% Packages/com.unity.render-pipelines.core/Runtime/Utilities/HableCurve.cs
 0.1 kb	 0.0% Packages/com.unity.render-pipelines.core/Runtime/Utilities/GPUPrefixSum/GPUPrefixSum.cs
 0.1 kb	 0.0% Packages/com.unity.render-pipelines.core/Runtime/Utilities/CoreUtils.cs
 0.1 kb	 0.0% Packages/com.unity.render-pipelines.core/Runtime/Utilities/ColorUtils.cs
 0.1 kb	 0.0% Packages/com.unity.render-pipelines.core/Runtime/Textures/TextureXR.cs
 0.1 kb	 0.0% Packages/com.unity.render-pipelines.core/Runtime/Textures/RTHandles.cs
 0.1 kb	 0.0% Packages/com.unity.render-pipelines.core/Runtime/Stripping/IStripper.cs
 0.1 kb	 0.0% Packages/com.unity.render-pipelines.core/Runtime/ShaderLibrary/Sampling/Hammersley.cs
 0.1 kb	 0.0% Packages/com.unity.render-pipelines.core/Runtime/Lighting/ProbeVolume/ProbeVolume.cs
 0.1 kb	 0.0% Packages/com.unity.render-pipelines.core/Runtime/GPUDriven/FrustumPlanes.cs
 0.1 kb	 0.0% Packages/com.unity.render-pipelines.core/Runtime/Debugging/Prefabs/Scripts/UIFoldout.cs
 0.1 kb	 0.0% Packages/com.unity.render-pipelines.core/Runtime/Debugging/DebugUpdater.cs
 0.1 kb	 0.0% Packages/com.unity.render-pipelines.core/Runtime/Debugging/DebugUI.Panel.cs
 0.1 kb	 0.0% Packages/com.unity.render-pipelines.core/Runtime/Debugging/DebugUI.Fields.cs
 0.1 kb	 0.0% Packages/com.unity.render-pipelines.core/Runtime/Debugging/DebugShapes.cs
 0.1 kb	 0.0% Packages/com.unity.render-pipelines.core/Runtime/Debugging/DebugOverlay.cs
 0.1 kb	 0.0% Packages/com.unity.render-pipelines.core/Runtime/Debugging/DebugManager.cs
 0.1 kb	 0.0% Packages/com.unity.render-pipelines.core/Runtime/Camera/FreeCamera.cs
 0.1 kb	 0.0% Packages/com.unity.ml-agents/Runtime/SideChannels/SideChannelManager.cs
 0.1 kb	 0.0% Packages/com.unity.ml-agents/Runtime/Integrations/Match3/Match3Actuator.cs
 0.1 kb	 0.0% Packages/com.unity.ml-agents/Runtime/Integrations/Match3/AbstractBoard.cs
 0.1 kb	 0.0% Packages/com.unity.ml-agents/Runtime/Inference/GeneratorImpl.cs
 0.1 kb	 0.0% Packages/com.unity.ml-agents/Runtime/Inference/ApplierImpl.cs
 0.1 kb	 0.0% Packages/com.unity.ml-agents/Runtime/Areas/TrainingAreaReplicator.cs
 0.1 kb	 0.0% Packages/com.unity.mathematics/Unity.Mathematics/PropertyAttributes.cs
 0.1 kb	 0.0% Packages/com.unity.collections/Unity.Collections/UnsafeList.cs
 0.1 kb	 0.0% Packages/com.unity.collections/Unity.Collections/FixedStringParseMethods.cs
 0.1 kb	 0.0% Packages/com.unity.collections/Unity.Collections/FixedStringAppendMethods.cs
 0.1 kb	 0.0% Packages/com.unity.cloud.gltfast/Runtime/Scripts/Schema/MaterialsVariantsExtension.cs
 0.1 kb	 0.0% Packages/com.unity.cloud.gltfast/Runtime/Scripts/Material/UniveralRPMaterialGenerator.cs
 0.1 kb	 0.0% Packages/com.unity.cloud.gltfast/Runtime/Scripts/Material/ShaderGraphMaterialGenerator.cs
 0.1 kb	 0.0% Packages/com.unity.cloud.gltfast/Runtime/Scripts/Export/VertexAttributeUsage.cs
 0.1 kb	 0.0% Packages/com.unity.ai.inference/Runtime/Core/ShapeInference/ShapeInferenceHelper.cs
 0.1 kb	 0.0% Packages/com.unity.ai.inference/Runtime/Core/Serialization/Safetensors/Safetensors.cs
 0.1 kb	 0.0% Packages/com.unity.ai.inference/Runtime/Core/Layers/Layer.Transformation.cs
 0.1 kb	 0.0% Packages/com.unity.ai.inference/Runtime/Core/Layers/Layer.Spectral.cs
 0.1 kb	 0.0% Packages/com.unity.ai.inference/Runtime/Core/Layers/Layer.Normalization.cs
 0.1 kb	 0.0% Packages/com.unity.ai.inference/Runtime/Core/Layers/Layer.Generator.cs
 0.1 kb	 0.0% Packages/com.unity.ai.inference/Runtime/Core/Layers/Layer.Dimension.cs
 0.1 kb	 0.0% Packages/com.unity.ai.inference/Runtime/Core/Graph/SubgraphRewriter.cs
 0.1 kb	 0.0% Packages/com.unity.ai.inference/Runtime/Core/Graph/GraphNamespace.cs
 0.1 kb	 0.0% Packages/com.unity.ai.inference/Runtime/Core/Graph/GraphConverter.cs
 0.1 kb	 0.0% Packages/com.unity.ai.inference/Runtime/Core/Functional/Functional.Tensor.Type.cs
 0.1 kb	 0.0% Packages/com.unity.ai.inference/Runtime/Core/Functional/Functional.Tensor.Random.cs
 0.1 kb	 0.0% Packages/com.unity.ai.inference/Runtime/Core/Functional/Functional.NN.Pooling.cs
 0.1 kb	 0.0% Packages/com.unity.ai.inference/Runtime/Core/Functional/Functional.Math.Spectral.cs
 0.1 kb	 0.0% Packages/com.unity.ai.inference/Runtime/Core/Functional/Functional.Math.Other.cs
 0.1 kb	 0.0% Packages/com.unity.ai.inference/Runtime/Core/Backends/CPU/BurstCPU.Jobs.Pool.gen.cs
 0.1 kb	 0.0% Packages/com.unity.ai.inference/Runtime/Core/Backends/CPU/BurstCPU.Jobs.Pad.gen.cs
 0.1 kb	 0.0% Packages/com.unity.ai.inference/Runtime/Core/Backends/CPU/BurstCPU.Jobs.Logical.cs
 0.1 kb	 0.0% Packages/com.unity.ai.inference/Runtime/Core/Backends/CPU/BurstCPU.Jobs.GenericA.cs
 0.1 kb	 0.0% Packages/com.unity.ai.inference/Runtime/Core/Backends/CPU/BurstCPU.Jobs.Dimension.cs
 0.1 kb	 0.0% Packages/com.unity.ai.inference/Runtime/Core/Backends/CPU/BurstCPU.Jobs.ConvA.gen.cs
 0.1 kb	 0.0% Packages/com.unity.ai.assistant/Runtime/Utils/TextFileUtils.cs
 0.1 kb	 0.0% Packages/com.unity.ai.assistant/Runtime/Utils/EnvironmentUtils.cs
 0.1 kb	 0.0% Packages/com.unity.ai.assistant/Runtime/Utils/DispatchUtility.cs
 0.1 kb	 0.0% Packages/com.unity.ai.assistant/Runtime/Data/TodoUpdateEvent.cs
 0.1 kb	 0.0% Packages/com.unity.ai.assistant/Runtime/Data/AssistantMessage.cs
 0.1 kb	 0.0% Assets/com.unity.inputsystem@ea5ab5b33a26/InputSystem/State/InputStateBlock.cs
 0.1 kb	 0.0% Assets/com.unity.inputsystem@ea5ab5b33a26/InputSystem/Plugins/iOS/iOSPostProcessBuild.cs
 0.1 kb	 0.0% Assets/com.unity.inputsystem@ea5ab5b33a26/InputSystem/Plugins/XInput/XInputSupport.cs
 0.1 kb	 0.0% Assets/com.unity.inputsystem@ea5ab5b33a26/InputSystem/Plugins/XInput/XInputController.cs
 0.1 kb	 0.0% Assets/com.unity.inputsystem@ea5ab5b33a26/InputSystem/Plugins/XInput/IXboxOneRumble.cs
 0.1 kb	 0.0% Assets/com.unity.inputsystem@ea5ab5b33a26/InputSystem/Plugins/WebGL/WebGLJoystick.cs
 0.1 kb	 0.0% Assets/com.unity.inputsystem@ea5ab5b33a26/InputSystem/Plugins/UnityRemote/UnityRemoteSupport.cs
 0.1 kb	 0.0% Assets/com.unity.inputsystem@ea5ab5b33a26/InputSystem/Plugins/Switch/SwitchSupportHID.cs
 0.1 kb	 0.0% Assets/com.unity.inputsystem@ea5ab5b33a26/InputSystem/Plugins/PlayerInput/PlayerInputManager.cs
 0.1 kb	 0.0% Assets/com.unity.inputsystem@ea5ab5b33a26/InputSystem/Plugins/PlayerInput/DefaultInputActions.cs
 0.1 kb	 0.0% Assets/com.unity.inputsystem@ea5ab5b33a26/InputSystem/Plugins/OnScreen/OnScreenSupport.cs
 0.1 kb	 0.0% Assets/com.unity.inputsystem@ea5ab5b33a26/InputSystem/Plugins/OnScreen/OnScreenStick.cs
 0.1 kb	 0.0% Assets/com.unity.inputsystem@ea5ab5b33a26/InputSystem/Plugins/OnScreen/OnScreenControl.cs
 0.1 kb	 0.0% Assets/com.unity.inputsystem@ea5ab5b33a26/InputSystem/Plugins/OnScreen/OnScreenButton.cs
 0.1 kb	 0.0% Assets/com.unity.inputsystem@ea5ab5b33a26/InputSystem/Plugins/Linux/SDLDeviceBuilder.cs
 0.1 kb	 0.0% Assets/com.unity.inputsystem@ea5ab5b33a26/InputSystem/Plugins/EnhancedTouch/TouchHistory.cs
 0.1 kb	 0.0% Assets/com.unity.inputsystem@ea5ab5b33a26/InputSystem/Plugins/Android/AndroidSupport.cs
 0.1 kb	 0.0% Assets/com.unity.inputsystem@ea5ab5b33a26/InputSystem/InputSystemObject.cs
 0.1 kb	 0.0% Assets/com.unity.inputsystem@ea5ab5b33a26/InputSystem/InputManagerStateMonitors.cs
 0.1 kb	 0.0% Assets/com.unity.inputsystem@ea5ab5b33a26/InputSystem/InputFeatureNames.cs
 0.1 kb	 0.0% Assets/com.unity.inputsystem@ea5ab5b33a26/InputSystem/IInputRuntime.cs
 0.1 kb	 0.0% Assets/com.unity.inputsystem@ea5ab5b33a26/InputSystem/IInputDiagnostics.cs
 0.1 kb	 0.0% Assets/com.unity.inputsystem@ea5ab5b33a26/InputSystem/Events/InputEventTrace.cs
 0.1 kb	 0.0% Assets/com.unity.inputsystem@ea5ab5b33a26/InputSystem/Events/InputEventStream.cs
 0.1 kb	 0.0% Assets/com.unity.inputsystem@ea5ab5b33a26/InputSystem/Events/InputEventPtr.cs
 0.1 kb	 0.0% Assets/com.unity.inputsystem@ea5ab5b33a26/InputSystem/Events/InputEventBuffer.cs
 0.1 kb	 0.0% Assets/com.unity.inputsystem@ea5ab5b33a26/InputSystem/Events/DeviceResetEvent.cs
 0.1 kb	 0.0% Assets/com.unity.inputsystem@ea5ab5b33a26/InputSystem/Events/DeltaStateEvent.cs
 0.1 kb	 0.0% Assets/com.unity.inputsystem@ea5ab5b33a26/InputSystem/Editor/UITKAssetEditor/Views/PropertiesView.cs
 0.1 kb	 0.0% Assets/com.unity.inputsystem@ea5ab5b33a26/InputSystem/Editor/UITKAssetEditor/Views/DropManipulator.cs
 0.1 kb	 0.0% Assets/com.unity.inputsystem@ea5ab5b33a26/InputSystem/Editor/UITKAssetEditor/Views/CopyPasteHelper.cs
 0.1 kb	 0.0% Assets/com.unity.inputsystem@ea5ab5b33a26/InputSystem/Editor/UITKAssetEditor/Views/ActionsTreeView.cs
 0.1 kb	 0.0% Assets/com.unity.inputsystem@ea5ab5b33a26/InputSystem/Editor/UITKAssetEditor/Views/ActionMapsView.cs
 0.1 kb	 0.0% Assets/com.unity.inputsystem@ea5ab5b33a26/InputSystem/Editor/UITKAssetEditor/StateContainer.cs
 0.1 kb	 0.0% Assets/com.unity.inputsystem@ea5ab5b33a26/InputSystem/Editor/UITKAssetEditor/ExpressionUtils.cs
 0.1 kb	 0.0% Assets/com.unity.inputsystem@ea5ab5b33a26/InputSystem/Editor/Internal/TreeViewHelpers.cs
 0.1 kb	 0.0% Assets/com.unity.inputsystem@ea5ab5b33a26/InputSystem/Editor/Internal/InputStateWindow.cs
 0.1 kb	 0.0% Assets/com.unity.inputsystem@ea5ab5b33a26/InputSystem/Editor/Internal/EditorHelpers.cs
 0.1 kb	 0.0% Assets/com.unity.inputsystem@ea5ab5b33a26/InputSystem/Editor/Internal/AdvancedDropdown/AdvancedDropdown.cs
 0.1 kb	 0.0% Assets/com.unity.inputsystem@ea5ab5b33a26/InputSystem/Editor/InputDiagnostics.cs
 0.1 kb	 0.0% Assets/com.unity.inputsystem@ea5ab5b33a26/InputSystem/Devices/Haptics/IDualMotorRumble.cs
 0.1 kb	 0.0% Assets/com.unity.inputsystem@ea5ab5b33a26/InputSystem/Devices/Haptics/DualMotorRumble.cs
 0.1 kb	 0.0% Assets/com.unity.inputsystem@ea5ab5b33a26/InputSystem/Controls/Vector3Control.cs
 0.1 kb	 0.0% Assets/com.unity.inputsystem@ea5ab5b33a26/InputSystem/Controls/Vector2Control.cs
 0.1 kb	 0.0% Assets/com.unity.inputsystem@ea5ab5b33a26/InputSystem/Controls/IntegerControl.cs
 0.1 kb	 0.0% Assets/com.unity.inputsystem@ea5ab5b33a26/InputSystem/Controls/DoubleControl.cs
 0.1 kb	 0.0% Assets/com.unity.inputsystem@ea5ab5b33a26/InputSystem/Controls/ButtonControl.cs
 0.1 kb	 0.0% Assets/com.unity.inputsystem@ea5ab5b33a26/InputSystem/Controls/AnyKeyControl.cs
 0.1 kb	 0.0% Assets/com.unity.inputsystem@ea5ab5b33a26/InputSystem/Actions/InputControlScheme.cs
 0.1 kb	 0.0% Assets/com.unity.inputsystem@ea5ab5b33a26/InputSystem/Actions/InputBindingResolver.cs
 0.1 kb	 0.0% Assets/com.unity.inputsystem@ea5ab5b33a26/InputSystem/Actions/InputActionReference.cs
 0.1 kb	 0.0% Assets/com.unity.inputsystem@ea5ab5b33a26/InputSystem/Actions/InputActionProperty.cs
 0.1 kb	 0.0% Assets/com.unity.inputsystem@ea5ab5b33a26/InputSystem/Actions/IInputInteraction.cs
 0.1 kb	 0.0% Packages/com.unity.visualscripting/Runtime/VisualScripting.Core/Ensure/EnsureThat.Types.cs
 0.1 kb	 0.0% Packages/com.unity.visualscripting/Runtime/VisualScripting.Core/Ensure/EnsureThat.Guids.cs
 0.1 kb	 0.0% Packages/com.unity.visualscripting/Runtime/VisualScripting.Core/Dependencies/FullSerializer/fsResult.cs
 0.1 kb	 0.0% Packages/com.unity.visualscripting/Runtime/VisualScripting.Core/Dependencies/FullSerializer/fsData.cs
 0.1 kb	 0.0% Packages/com.unity.visualscripting/Runtime/VisualScripting.Core/Dependencies/FullSerializer/fsConfig.cs
 0.1 kb	 0.0% Packages/com.unity.ugui/Runtime/UGUI/UI/Core/Utility/ReflectionMethodsCache.cs
 0.1 kb	 0.0% Packages/com.unity.ugui/Runtime/UGUI/UI/Core/MultipleDisplayUtilities.cs
 0.1 kb	 0.0% Packages/com.unity.ugui/Runtime/UGUI/UI/Core/Layout/HorizontalLayoutGroup.cs
 0.1 kb	 0.0% Packages/com.unity.ugui/Runtime/UGUI/UI/Core/IGraphicEnabledDisabled.cs
 0.1 kb	 0.0% Packages/com.unity.ugui/Runtime/UGUI/UI/Core/GraphicRebuildTracker.cs
 0.1 kb	 0.0% Packages/com.unity.ugui/Runtime/UGUI/UI/Core/Culling/RectangularVertexClipper.cs
 0.1 kb	 0.0% Packages/com.unity.ugui/Runtime/UGUI/EventSystem/UIElements/PanelEventHandler.cs
 0.1 kb	 0.0% Packages/com.unity.ugui/Runtime/UGUI/EventSystem/Raycasters/Physics2DRaycaster.cs
 0.1 kb	 0.0% Packages/com.unity.ugui/Runtime/UGUI/EventSystem/InputModules/PointerInputModule.cs
 0.1 kb	 0.0% Packages/com.unity.timeline/Runtime/TimelinePlayable_Animation.cs
 0.1 kb	 0.0% Packages/com.unity.timeline/Runtime/TimelineAttributes.cs
 0.1 kb	 0.0% Packages/com.unity.timeline/Runtime/Playables/BasicScriptPlayable.cs
 0.1 kb	 0.0% Packages/com.unity.serialization/Runtime/Unity.Serialization/Utility/Internal/SystemExtensions.cs
 0.1 kb	 0.0% Packages/com.unity.serialization/Runtime/Unity.Serialization/Json/Validation/Internal/JsonValidator+Simple.cs
 0.1 kb	 0.0% Packages/com.unity.serialization/Runtime/Unity.Serialization/Json/Utility/ParseErrorExceptions.cs
 0.1 kb	 0.0% Packages/com.unity.serialization/Runtime/Unity.Serialization/Json/Utility/Internal/NativeArrayUtility.cs
 0.1 kb	 0.0% Packages/com.unity.serialization/Runtime/Unity.Serialization/Json/Adapters/Internal/JsonAdapter+UnityEngine.cs
 0.1 kb	 0.0% Packages/com.unity.serialization/Runtime/Unity.Serialization/Json/Adapters/Internal/JsonAdapter+UnityEditor.cs
 0.1 kb	 0.0% Packages/com.unity.serialization/Runtime/Unity.Serialization/Json/Adapters/Internal/JsonAdapter+System.IO.cs
 0.1 kb	 0.0% Packages/com.unity.serialization/Runtime/Unity.Serialization/Json/Adapters/Internal/JsonAdapter+Primitives.cs
 0.1 kb	 0.0% Packages/com.unity.serialization/Runtime/Unity.Serialization/Binary/Adapters/IBinaryAdapter.cs
 0.1 kb	 0.0% Packages/com.unity.render-pipelines.core/ShaderLibrary/DummyShaderLibrary.cs
 0.1 kb	 0.0% Packages/com.unity.render-pipelines.core/Runtime/Utilities/GPUSort/GPUSort.Data.cs
 0.1 kb	 0.0% Packages/com.unity.render-pipelines.core/Runtime/Utilities/BitArray.cs
 0.1 kb	 0.0% Packages/com.unity.render-pipelines.core/Runtime/UnifiedRayTracing/Compute/RadeonRays/StringIDs.cs
 0.1 kb	 0.0% Packages/com.unity.render-pipelines.core/Runtime/UnifiedRayTracing/Compute/RadeonRays/Common.cs
 0.1 kb	 0.0% Packages/com.unity.render-pipelines.core/Runtime/UnifiedRayTracing/Compute/RadeonRays/BvhCheck.cs
 0.1 kb	 0.0% Packages/com.unity.render-pipelines.core/Runtime/Inputs/InputRegistering.cs
 0.1 kb	 0.0% Packages/com.unity.ml-agents/Runtime/SimpleMultiAgentGroup.cs
 0.1 kb	 0.0% Packages/com.unity.ml-agents/Runtime/Sensors/SensorShapeValidator.cs
 0.1 kb	 0.0% Packages/com.unity.ml-agents/Runtime/Sensors/RenderTextureSensor.cs
 0.1 kb	 0.0% Packages/com.unity.ml-agents/Runtime/Sensors/RayPerceptionSensor.cs
 0.1 kb	 0.0% Packages/com.unity.ml-agents/Runtime/Sensors/PhysicsBodySensor.cs
 0.1 kb	 0.0% Packages/com.unity.ml-agents/Runtime/Sensors/ObservationWriter.cs
 0.1 kb	 0.0% Packages/com.unity.ml-agents/Runtime/Sensors/GridSensorComponent.cs
 0.1 kb	 0.0% Packages/com.unity.ml-agents/Runtime/Sensors/CountingGridSensor.cs
 0.1 kb	 0.0% Packages/com.unity.ml-agents/Runtime/Sensors/BoxOverlapChecker.cs
 0.1 kb	 0.0% Packages/com.unity.ml-agents/Runtime/Policies/BehaviorParameters.cs
 0.1 kb	 0.0% Packages/com.unity.ml-agents/Runtime/MultiAgentGroupIdCounter.cs
 0.1 kb	 0.0% Packages/com.unity.ml-agents/Runtime/MLAgentsSettingsManager.cs
 0.1 kb	 0.0% Packages/com.unity.ml-agents/Runtime/EnvironmentParameters.cs
 0.1 kb	 0.0% Packages/com.unity.ml-agents/Runtime/Analytics/TrainingAnalytics.cs
 0.1 kb	 0.0% Packages/com.unity.ml-agents/Runtime/Analytics/InferenceAnalytics.cs
 0.1 kb	 0.0% Packages/com.unity.ml-agents/Runtime/Actuators/IHeuristicProvider.cs
 0.1 kb	 0.0% Packages/com.unity.ml-agents/Runtime/Actuators/IDiscreteActionMask.cs
 0.1 kb	 0.0% Packages/com.unity.ml-agents/Runtime/Actuators/ActuatorComponent.cs
 0.1 kb	 0.0% Packages/com.unity.collections/Unity.Collections/UnsafeText.cs
 0.1 kb	 0.0% Packages/com.unity.collections/Unity.Collections/UnsafeStream.cs
 0.1 kb	 0.0% Packages/com.unity.collections/Unity.Collections/RewindableAllocator.cs
 0.1 kb	 0.0% Packages/com.unity.collections/Unity.Collections/FixedStringMethods.cs
 0.1 kb	 0.0% Packages/com.unity.collections/Unity.Collections/AutoFreeAllocator.cs
 0.1 kb	 0.0% Packages/com.unity.cloud.gltfast/Runtime/Scripts/UninterruptedDefaultDeferAgent.cs
 0.1 kb	 0.0% Packages/com.unity.cloud.gltfast/Runtime/Scripts/Newtonsoft/Schema/UnclassifiedData.cs
 0.1 kb	 0.0% Packages/com.unity.cloud.gltfast/Runtime/Scripts/Newtonsoft/Schema/RootExtensions.cs
 0.1 kb	 0.0% Packages/com.unity.cloud.gltfast/Runtime/Scripts/Newtonsoft/Schema/NodeExtensions.cs
 0.1 kb	 0.0% Packages/com.unity.cloud.gltfast/Runtime/Scripts/Newtonsoft/Schema/MeshPrimitive.cs
 0.1 kb	 0.0% Packages/com.unity.cloud.gltfast/Runtime/Scripts/Newtonsoft/Schema/AnimationSampler.cs
 0.1 kb	 0.0% Packages/com.unity.cloud.gltfast/Runtime/Scripts/Newtonsoft/Schema/AnimationChannel.cs
 0.1 kb	 0.0% Packages/com.unity.cloud.gltfast/Runtime/Scripts/Newtonsoft/Schema/AccessorSparse.cs
 0.1 kb	 0.0% Packages/com.unity.cloud.gltfast/Runtime/Scripts/MaterialsVariants/MaterialsVariantsSlotInstances.cs
 0.1 kb	 0.0% Packages/com.unity.cloud.gltfast/Runtime/Scripts/MaterialsVariants/IMaterialsVariantsSlotInstance.cs
 0.1 kb	 0.0% Packages/com.unity.cloud.gltfast/Runtime/Scripts/Loading/CustomHeaderDownloadProvider.cs
 0.1 kb	 0.0% Packages/com.unity.cloud.gltfast/Runtime/Scripts/Export/StandardMaterialExport.cs
 0.1 kb	 0.0% Packages/com.unity.cloud.gltfast/Runtime/Scripts/Export/MeshMaterialCombination.cs
 0.1 kb	 0.0% Packages/com.unity.cloud.gltfast/Runtime/Scripts/Export/GameObjectExportSettings.cs
 0.1 kb	 0.0% Packages/com.unity.burst/Runtime/CompilerServices/AssumeRangeAttribute.cs
 0.1 kb	 0.0% Packages/com.unity.ai.inference/Runtime/Core/TensorIterator.cs
 0.1 kb	 0.0% Packages/com.unity.ai.inference/Runtime/Core/ShapeInference/PartialTensor.cs
 0.1 kb	 0.0% Packages/com.unity.ai.inference/Runtime/Core/ShapeInference/DynamicTensorDim.cs
 0.1 kb	 0.0% Packages/com.unity.ai.inference/Runtime/Core/Serialization/SentisFlatBuffer/BackendPartitioning.cs
 0.1 kb	 0.0% Packages/com.unity.ai.inference/Runtime/Core/Serialization/ModelUpgrader.cs
 0.1 kb	 0.0% Packages/com.unity.ai.inference/Runtime/Core/Serialization/FlatBuffers/Table.cs
 0.1 kb	 0.0% Packages/com.unity.ai.inference/Runtime/Core/Serialization/FlatBuffers/Struct.cs
 0.1 kb	 0.0% Packages/com.unity.ai.inference/Runtime/Core/Quantization/ModelQuantizer.cs
 0.1 kb	 0.0% Packages/com.unity.ai.inference/Runtime/Core/ProfilerMarkers.cs
 0.1 kb	 0.0% Packages/com.unity.ai.inference/Runtime/Core/Layers/Layer.Pooling.cs
 0.1 kb	 0.0% Packages/com.unity.ai.inference/Runtime/Core/Layers/ConstantTensor.cs
 0.1 kb	 0.0% Packages/com.unity.ai.inference/Runtime/Core/Internals/ModelAssetData.cs
 0.1 kb	 0.0% Packages/com.unity.ai.inference/Runtime/Core/Graph/MatcherUtils.cs
 0.1 kb	 0.0% Packages/com.unity.ai.inference/Runtime/Core/Functional/FunctionalTensor.cs
 0.1 kb	 0.0% Packages/com.unity.ai.inference/Runtime/Core/Functional/FunctionalNode.cs
 0.1 kb	 0.0% Packages/com.unity.ai.inference/Runtime/Core/Functional/FunctionalGraph.cs
 0.1 kb	 0.0% Packages/com.unity.ai.inference/Runtime/Core/Functional/Functional.NN.Vision.cs
 0.1 kb	 0.0% Packages/com.unity.ai.inference/Runtime/Core/Functional/Functional.NN.Sparse.cs
 0.1 kb	 0.0% Packages/com.unity.ai.inference/Runtime/Core/Converters/TextureTransform.cs
 0.1 kb	 0.0% Packages/com.unity.ai.inference/Runtime/Core/Converters/TextureConverter.cs
 0.1 kb	 0.0% Packages/com.unity.ai.inference/Runtime/Core/Backends/TensorAllocator.cs
 0.1 kb	 0.0% Packages/com.unity.ai.inference/Runtime/Core/Backends/ModelValidator.cs
 0.1 kb	 0.0% Packages/com.unity.ai.inference/Runtime/Core/Backends/ModelOptimizer.cs
 0.1 kb	 0.0% Packages/com.unity.ai.inference/Runtime/Core/Backends/GfxDevice/GfxDeviceBackend.cs
 0.1 kb	 0.0% Packages/com.unity.ai.inference/Runtime/Core/Backends/GPUCompute/GPUCompute.cs
 0.1 kb	 0.0% Packages/com.unity.ai.inference/Runtime/Core/Backends/GPUCompute/ComputeHelper.cs
 0.1 kb	 0.0% Packages/com.unity.ai.inference/Runtime/Core/Backends/CPU/ReferenceCPU.Einsum.cs
 0.1 kb	 0.0% Packages/com.unity.ai.inference/Runtime/Core/Backends/CPU/MathExtensions.cs
 0.1 kb	 0.0% Packages/com.unity.ai.inference/Runtime/Core/Backends/CPU/BurstTensorData.cs
 0.1 kb	 0.0% Packages/com.unity.ai.inference/Runtime/Core/Backends/CPU/BurstCPU.MatMul.gen.cs
 0.1 kb	 0.0% Packages/com.unity.ai.inference/Runtime/Core/Backends/CPU/BurstCPU.Jobs.RNN.cs
 0.1 kb	 0.0% Packages/com.unity.ai.inference/Runtime/Core/Backends/CPU/BurstCPU.Jobs.Other.cs
 0.1 kb	 0.0% Packages/com.unity.ai.inference/Runtime/Core/Backends/CPU/BurstCPU.Jobs.Einsum.cs
 0.1 kb	 0.0% Packages/com.unity.ai.inference/Runtime/Core/Backends/CPU/BurstCPU.Backend.gen.cs
 0.1 kb	 0.0% Packages/com.unity.ai.inference/Runtime/Core/Backends/BackendFactory.cs
 0.1 kb	 0.0% Packages/com.unity.ai.assistant/Runtime/Socket/Protocol/REST/Model/Payload.cs
 0.1 kb	 0.0% Packages/com.unity.ai.assistant/Runtime/Skills/SkillUtils.cs
 0.1 kb	 0.0% Packages/com.unity.ai.assistant/Runtime/Backend/SourceBlock.cs
 0.1 kb	 0.0% Packages/com.unity.ai.assistant/Modules/Unity.AI.Tracing/TraceSinkConfigManager.cs
 0.1 kb	 0.0% Packages/com.unity.ai.assistant/Modules/Unity.AI.Tracing/TraceConfigFileWriter.cs
 0.1 kb	 0.0% Assets/com.unity.inputsystem@ea5ab5b33a26/InputSystem/Utilities/TypeTable.cs
 0.1 kb	 0.0% Assets/com.unity.inputsystem@ea5ab5b33a26/InputSystem/Utilities/TypeHelpers.cs
 0.1 kb	 0.0% Assets/com.unity.inputsystem@ea5ab5b33a26/InputSystem/Utilities/Substring.cs
 0.1 kb	 0.0% Assets/com.unity.inputsystem@ea5ab5b33a26/InputSystem/Utilities/SavedState.cs
 0.1 kb	 0.0% Assets/com.unity.inputsystem@ea5ab5b33a26/InputSystem/Utilities/Observables/Observable.cs
 0.1 kb	 0.0% Assets/com.unity.inputsystem@ea5ab5b33a26/InputSystem/Utilities/NamedValue.cs
 0.1 kb	 0.0% Assets/com.unity.inputsystem@ea5ab5b33a26/InputSystem/Utilities/MiscHelpers.cs
 0.1 kb	 0.0% Assets/com.unity.inputsystem@ea5ab5b33a26/InputSystem/Utilities/JsonParser.cs
 0.1 kb	 0.0% Assets/com.unity.inputsystem@ea5ab5b33a26/InputSystem/Utilities/ArrayHelpers.cs
 0.1 kb	 0.0% Assets/com.unity.inputsystem@ea5ab5b33a26/InputSystem/Plugins/iOS/InputSettingsiOS.cs
 0.1 kb	 0.0% Assets/com.unity.inputsystem@ea5ab5b33a26/InputSystem/Plugins/XR/XRLayoutBuilder.cs
 0.1 kb	 0.0% Assets/com.unity.inputsystem@ea5ab5b33a26/InputSystem/Plugins/UI/NavigationModel.cs
 0.1 kb	 0.0% Assets/com.unity.inputsystem@ea5ab5b33a26/InputSystem/InputUpdateType.cs
 0.1 kb	 0.0% Packages/com.unity.visualscripting/Runtime/VisualScripting.State/SuperState.cs
 0.1 kb	 0.0% Packages/com.unity.visualscripting/Runtime/VisualScripting.State/StateUnit.cs
 0.1 kb	 0.0% Packages/com.unity.visualscripting/Runtime/VisualScripting.State/StateMachine.cs
 0.1 kb	 0.0% Packages/com.unity.visualscripting/Runtime/VisualScripting.State/StateGraph.cs
 0.1 kb	 0.0% Packages/com.unity.visualscripting/Runtime/VisualScripting.State/OnExitState.cs
 0.1 kb	 0.0% Packages/com.unity.visualscripting/Runtime/VisualScripting.State/OnEnterState.cs
 0.1 kb	 0.0% Packages/com.unity.visualscripting/Runtime/VisualScripting.State/INesterState.cs
 0.1 kb	 0.0% Packages/com.unity.visualscripting/Runtime/VisualScripting.State/FlowState.cs
 0.1 kb	 0.0% Packages/com.unity.visualscripting/Runtime/VisualScripting.Flow/UnitCategory.cs
 0.1 kb	 0.0% Packages/com.unity.visualscripting/Runtime/VisualScripting.Flow/SubgraphUnit.cs
 0.1 kb	 0.0% Packages/com.unity.visualscripting/Runtime/VisualScripting.Flow/Ports/ValueOutput.cs
 0.1 kb	 0.0% Packages/com.unity.visualscripting/Runtime/VisualScripting.Flow/Ports/ValueInput.cs
 0.1 kb	 0.0% Packages/com.unity.visualscripting/Runtime/VisualScripting.Flow/Ports/InvalidInput.cs
 0.1 kb	 0.0% Packages/com.unity.visualscripting/Runtime/VisualScripting.Flow/Ports/IUnitPort.cs
 0.1 kb	 0.0% Packages/com.unity.visualscripting/Runtime/VisualScripting.Flow/Ports/ControlInput.cs
 0.1 kb	 0.0% Packages/com.unity.visualscripting/Runtime/VisualScripting.Flow/INesterUnit.cs
 0.1 kb	 0.0% Packages/com.unity.visualscripting/Runtime/VisualScripting.Flow/Framework/Variables/SetVariable.cs
 0.1 kb	 0.0% Packages/com.unity.visualscripting/Runtime/VisualScripting.Flow/Framework/Variables/Obsolete/VariableUnit.cs
 0.1 kb	 0.0% Packages/com.unity.visualscripting/Runtime/VisualScripting.Flow/Framework/Variables/GetVariable.cs
 0.1 kb	 0.0% Packages/com.unity.visualscripting/Runtime/VisualScripting.Flow/Framework/Time/WaitForFlow.cs
 0.1 kb	 0.0% Packages/com.unity.visualscripting/Runtime/VisualScripting.Flow/Framework/Nulls/NullCoalesce.cs
 0.1 kb	 0.0% Packages/com.unity.visualscripting/Runtime/VisualScripting.Flow/Framework/Nulls/NullCheck.cs
 0.1 kb	 0.0% Packages/com.unity.visualscripting/Runtime/VisualScripting.Flow/Framework/Nesting/GraphOutput.cs
 0.1 kb	 0.0% Packages/com.unity.visualscripting/Runtime/VisualScripting.Flow/Framework/Nesting/GraphInput.cs
 0.1 kb	 0.0% Packages/com.unity.visualscripting/Runtime/VisualScripting.Flow/Framework/MissingType.cs
 0.1 kb	 0.0% Packages/com.unity.visualscripting/Runtime/VisualScripting.Flow/Framework/Math/Vector4/Vector4Sum.cs
 0.1 kb	 0.0% Packages/com.unity.visualscripting/Runtime/VisualScripting.Flow/Framework/Math/Vector4/Vector4Round.cs
 0.1 kb	 0.0% Packages/com.unity.visualscripting/Runtime/VisualScripting.Flow/Framework/Math/Vector4/Vector4Lerp.cs
 0.1 kb	 0.0% Packages/com.unity.visualscripting/Runtime/VisualScripting.Flow/Framework/Math/Vector3/Vector3Sum.cs
 0.1 kb	 0.0% Packages/com.unity.visualscripting/Runtime/VisualScripting.Flow/Framework/Math/Vector3/Vector3Round.cs
 0.1 kb	 0.0% Packages/com.unity.visualscripting/Runtime/VisualScripting.Flow/Framework/Math/Vector3/Vector3Lerp.cs
 0.1 kb	 0.0% Packages/com.unity.visualscripting/Runtime/VisualScripting.Flow/Framework/Math/Vector3/Vector3Angle.cs
 0.1 kb	 0.0% Packages/com.unity.visualscripting/Runtime/VisualScripting.Flow/Framework/Math/Vector2/Vector2Sum.cs
 0.1 kb	 0.0% Packages/com.unity.visualscripting/Runtime/VisualScripting.Flow/Framework/Math/Vector2/Vector2Round.cs
 0.1 kb	 0.0% Packages/com.unity.visualscripting/Runtime/VisualScripting.Flow/Framework/Math/Vector2/Vector2Lerp.cs
 0.1 kb	 0.0% Packages/com.unity.visualscripting/Runtime/VisualScripting.Flow/Framework/Math/Vector2/Vector2Angle.cs
 0.1 kb	 0.0% Packages/com.unity.visualscripting/Runtime/VisualScripting.Flow/Framework/Math/Scalar/ScalarSum.cs
 0.1 kb	 0.0% Packages/com.unity.visualscripting/Runtime/VisualScripting.Flow/Framework/Math/Scalar/ScalarRound.cs
 0.1 kb	 0.0% Packages/com.unity.visualscripting/Runtime/VisualScripting.Flow/Framework/Math/Scalar/ScalarRoot.cs
 0.1 kb	 0.0% Packages/com.unity.visualscripting/Runtime/VisualScripting.Flow/Framework/Math/Scalar/ScalarModulo.cs
 0.1 kb	 0.0% Packages/com.unity.visualscripting/Runtime/VisualScripting.Flow/Framework/Math/Scalar/ScalarLerp.cs
 0.1 kb	 0.0% Packages/com.unity.visualscripting/Runtime/VisualScripting.Flow/Framework/Math/Scalar/ScalarDivide.cs
 0.1 kb	 0.0% Packages/com.unity.visualscripting/Runtime/VisualScripting.Flow/Framework/Math/Generic/GenericSum.cs
 0.1 kb	 0.0% Packages/com.unity.visualscripting/Runtime/VisualScripting.Flow/Framework/Logic/LessOrEqual.cs
 0.1 kb	 0.0% Packages/com.unity.visualscripting/Runtime/VisualScripting.Flow/Framework/Logic/ExclusiveOr.cs
 0.1 kb	 0.0% Packages/com.unity.visualscripting/Runtime/VisualScripting.Flow/Framework/Logic/Comparison.cs
 0.1 kb	 0.0% Packages/com.unity.visualscripting/Runtime/VisualScripting.Flow/Framework/Events/Physics/OnJointBreak.cs
 0.1 kb	 0.0% Packages/com.unity.visualscripting/Runtime/VisualScripting.Flow/Framework/Events/Lifecycle/OnDisable.cs
 0.1 kb	 0.0% Packages/com.unity.visualscripting/Runtime/VisualScripting.Flow/Framework/Events/Lifecycle/OnDestroy.cs
 0.1 kb	 0.0% Packages/com.unity.visualscripting/Runtime/VisualScripting.Flow/Framework/Events/Lifecycle/LateUpdate.cs
 0.1 kb	 0.0% Packages/com.unity.visualscripting/Runtime/VisualScripting.Flow/Framework/Events/Lifecycle/FixedUpdate.cs
 0.1 kb	 0.0% Packages/com.unity.visualscripting/Runtime/VisualScripting.Flow/Framework/Events/Input/OnMouseUp.cs
 0.1 kb	 0.0% Packages/com.unity.visualscripting/Runtime/VisualScripting.Flow/Framework/Events/Input/OnMouseOver.cs
 0.1 kb	 0.0% Packages/com.unity.visualscripting/Runtime/VisualScripting.Flow/Framework/Events/Input/OnMouseInput.cs
 0.1 kb	 0.0% Packages/com.unity.visualscripting/Runtime/VisualScripting.Flow/Framework/Events/Input/OnMouseExit.cs
 0.1 kb	 0.0% Packages/com.unity.visualscripting/Runtime/VisualScripting.Flow/Framework/Events/Input/OnMouseEnter.cs
 0.1 kb	 0.0% Packages/com.unity.visualscripting/Runtime/VisualScripting.Flow/Framework/Events/Input/OnMouseDrag.cs
 0.1 kb	 0.0% Packages/com.unity.visualscripting/Runtime/VisualScripting.Flow/Framework/Events/Input/OnMouseDown.cs
 0.1 kb	 0.0% Packages/com.unity.visualscripting/Runtime/VisualScripting.Flow/Framework/Events/IEventUnit.cs
 0.1 kb	 0.0% Packages/com.unity.visualscripting/Runtime/VisualScripting.Flow/Framework/Events/GUI/OnPointerUp.cs
 0.1 kb	 0.0% Packages/com.unity.visualscripting/Runtime/VisualScripting.Flow/Framework/Events/GUI/OnEndDrag.cs
 0.1 kb	 0.0% Packages/com.unity.visualscripting/Runtime/VisualScripting.Flow/Framework/Events/GUI/OnDeselect.cs
 0.1 kb	 0.0% Packages/com.unity.visualscripting/Runtime/VisualScripting.Flow/Framework/Events/GUI/OnBeginDrag.cs
 0.1 kb	 0.0% Packages/com.unity.visualscripting/Runtime/VisualScripting.Flow/Framework/Events/Editor/OnDrawGizmos.cs
 0.1 kb	 0.0% Packages/com.unity.visualscripting/Runtime/VisualScripting.Flow/Framework/Events/CustomEvent.cs
 0.1 kb	 0.0% Packages/com.unity.visualscripting/Runtime/VisualScripting.Flow/Framework/Events/Animation/OnAnimatorIK.cs
 0.1 kb	 0.0% Packages/com.unity.visualscripting/Runtime/VisualScripting.Flow/Framework/Control/ToggleValue.cs
 0.1 kb	 0.0% Packages/com.unity.visualscripting/Runtime/VisualScripting.Flow/Framework/Control/ToggleFlow.cs
 0.1 kb	 0.0% Packages/com.unity.visualscripting/Runtime/VisualScripting.Flow/Framework/Control/SwitchOnEnum.cs
 0.1 kb	 0.0% Packages/com.unity.visualscripting/Runtime/VisualScripting.Flow/Framework/Control/SelectUnit_T.cs
 0.1 kb	 0.0% Packages/com.unity.visualscripting/Runtime/VisualScripting.Flow/Framework/Control/SelectUnit.cs
 0.1 kb	 0.0% Packages/com.unity.visualscripting/Runtime/VisualScripting.Flow/Framework/Control/SelectOnFlow.cs
 0.1 kb	 0.0% Packages/com.unity.visualscripting/Runtime/VisualScripting.Flow/Framework/Control/SelectOnEnum.cs
 0.1 kb	 0.0% Packages/com.unity.visualscripting/Runtime/VisualScripting.Flow/Framework/Control/ISelectUnit.cs
 0.1 kb	 0.0% Packages/com.unity.visualscripting/Runtime/VisualScripting.Flow/Framework/Control/IBranchUnit.cs
 0.1 kb	 0.0% Packages/com.unity.visualscripting/Runtime/VisualScripting.Flow/Framework/Collections/Lists/SetListItem.cs
 0.1 kb	 0.0% Packages/com.unity.visualscripting/Runtime/VisualScripting.Flow/Framework/Collections/Lists/MergeLists.cs
 0.1 kb	 0.0% Packages/com.unity.visualscripting/Runtime/VisualScripting.Flow/Framework/Collections/Lists/GetListItem.cs
 0.1 kb	 0.0% Packages/com.unity.visualscripting/Runtime/VisualScripting.Flow/Framework/Collections/Lists/CreateList.cs
 0.1 kb	 0.0% Packages/com.unity.visualscripting/Runtime/VisualScripting.Flow/Framework/Collections/Lists/ClearList.cs
 0.1 kb	 0.0% Packages/com.unity.visualscripting/Runtime/VisualScripting.Flow/Framework/Collections/Lists/AddListItem.cs
 0.1 kb	 0.0% Packages/com.unity.visualscripting/Runtime/VisualScripting.Flow/Framework/Collections/FirstItem.cs
 0.1 kb	 0.0% Packages/com.unity.visualscripting/Runtime/VisualScripting.Flow/Framework/Collections/CountItems.cs
 0.1 kb	 0.0% Packages/com.unity.visualscripting/Runtime/VisualScripting.Flow/Framework/Codebase/SetMember.cs
 0.1 kb	 0.0% Packages/com.unity.visualscripting/Runtime/VisualScripting.Flow/Framework/Codebase/MemberUnit.cs
 0.1 kb	 0.0% Packages/com.unity.visualscripting/Runtime/VisualScripting.Flow/Framework/Codebase/InvokeMember.cs
 0.1 kb	 0.0% Packages/com.unity.visualscripting/Runtime/VisualScripting.Flow/Framework/Codebase/GetMember.cs
 0.1 kb	 0.0% Packages/com.unity.visualscripting/Runtime/VisualScripting.Flow/Framework/Codebase/CreateStruct.cs
 0.1 kb	 0.0% Packages/com.unity.visualscripting/Runtime/VisualScripting.Flow/FlowGraph.cs
 0.1 kb	 0.0% Packages/com.unity.visualscripting/Runtime/VisualScripting.Flow/Connections/UnitRelation.cs
 0.1 kb	 0.0% Packages/com.unity.visualscripting/Runtime/VisualScripting.Core/Variables/Variables.cs
 0.1 kb	 0.0% Packages/com.unity.visualscripting/Runtime/VisualScripting.Core/Utilities/Recursion.cs
 0.1 kb	 0.0% Packages/com.unity.visualscripting/Runtime/VisualScripting.Core/Utilities/LinqUtility.cs
 0.1 kb	 0.0% Packages/com.unity.visualscripting/Runtime/VisualScripting.Core/Utilities/IGettable.cs
 0.1 kb	 0.0% Packages/com.unity.visualscripting/Runtime/VisualScripting.Core/Utilities/HashUtility.cs
 0.1 kb	 0.0% Packages/com.unity.visualscripting/Runtime/VisualScripting.Core/Utilities/EnumUtility.cs
 0.1 kb	 0.0% Packages/com.unity.visualscripting/Runtime/VisualScripting.Core/Unity/UnityThread.cs
 0.1 kb	 0.0% Packages/com.unity.visualscripting/Runtime/VisualScripting.Core/Unity/ISingleton.cs
 0.1 kb	 0.0% Packages/com.unity.visualscripting/Runtime/VisualScripting.Core/Unity/IGizmoDrawer.cs
 0.1 kb	 0.0% Packages/com.unity.visualscripting/Runtime/VisualScripting.Core/StickyNote/StickyNote.cs
 0.1 kb	 0.0% Packages/com.unity.visualscripting/Runtime/VisualScripting.Core/Serialization/Converters/RayConverter.cs
 0.1 kb	 0.0% Packages/com.unity.visualscripting/Runtime/VisualScripting.Core/Reflection/TypeUtility.cs
 0.1 kb	 0.0% Packages/com.unity.visualscripting/Runtime/VisualScripting.Core/Reflection/TypeFilter.cs
 0.1 kb	 0.0% Packages/com.unity.visualscripting/Runtime/VisualScripting.Core/Reflection/Optimization/InvokerBase.cs
 0.1 kb	 0.0% Packages/com.unity.visualscripting/Runtime/VisualScripting.Core/Reflection/Operators/PlusHandler.cs
 0.1 kb	 0.0% Packages/com.unity.visualscripting/Runtime/VisualScripting.Core/Reflection/Operators/OrHandler.cs
 0.1 kb	 0.0% Packages/com.unity.visualscripting/Runtime/VisualScripting.Core/Reflection/Operators/AndHandler.cs
 0.1 kb	 0.0% Packages/com.unity.visualscripting/Runtime/VisualScripting.Core/Reflection/Namespace.cs
 0.1 kb	 0.0% Packages/com.unity.visualscripting/Runtime/VisualScripting.Core/Reflection/MemberFilter.cs
 0.1 kb	 0.0% Packages/com.unity.visualscripting/Runtime/VisualScripting.Core/Reflection/IPrewarmable.cs
 0.1 kb	 0.0% Packages/com.unity.visualscripting/Runtime/VisualScripting.Core/Pooling/IPoolable.cs
 0.1 kb	 0.0% Packages/com.unity.visualscripting/Runtime/VisualScripting.Core/Groups/GraphGroup.cs
 0.1 kb	 0.0% Packages/com.unity.visualscripting/Runtime/VisualScripting.Core/Graphs/IGraphRoot.cs
 0.1 kb	 0.0% Packages/com.unity.visualscripting/Runtime/VisualScripting.Core/Graphs/IGraphParent.cs
 0.1 kb	 0.0% Packages/com.unity.visualscripting/Runtime/VisualScripting.Core/Graphs/IGraphNester.cs
 0.1 kb	 0.0% Packages/com.unity.visualscripting/Runtime/VisualScripting.Core/Graphs/IGraphNest.cs
 0.1 kb	 0.0% Packages/com.unity.visualscripting/Runtime/VisualScripting.Core/Graphs/IGraphItem.cs
 0.1 kb	 0.0% Packages/com.unity.visualscripting/Runtime/VisualScripting.Core/Graphs/IGraphData.cs
 0.1 kb	 0.0% Packages/com.unity.visualscripting/Runtime/VisualScripting.Core/Graphs/GraphStack.cs
 0.1 kb	 0.0% Packages/com.unity.visualscripting/Runtime/VisualScripting.Core/Graphs/GraphPointer.cs
 0.1 kb	 0.0% Packages/com.unity.visualscripting/Runtime/VisualScripting.Core/Exceptions/DebugUtility.cs
 0.1 kb	 0.0% Packages/com.unity.visualscripting/Runtime/VisualScripting.Core/Events/IEventGraph.cs
 0.1 kb	 0.0% Packages/com.unity.visualscripting/Runtime/VisualScripting.Core/Events/EventHooks.cs
 0.1 kb	 0.0% Packages/com.unity.visualscripting/Runtime/VisualScripting.Core/Events/EventHook.cs
 0.1 kb	 0.0% Packages/com.unity.visualscripting/Runtime/VisualScripting.Core/Ensure/Extensions/XComparable.cs
 0.1 kb	 0.0% Packages/com.unity.visualscripting/Runtime/VisualScripting.Core/Ensure/EnsureThat.cs
 0.1 kb	 0.0% Packages/com.unity.visualscripting/Runtime/VisualScripting.Core/Cloning/Cloners/ListCloner.cs
 0.1 kb	 0.0% Packages/com.unity.visualscripting/Runtime/VisualScripting.Core/Cloning/Cloners/FieldsCloner.cs
 0.1 kb	 0.0% Packages/com.unity.visualscripting/Runtime/VisualScripting.Core/Cloning/Cloners/ArrayCloner.cs
 0.1 kb	 0.0% Packages/com.unity.ugui/Runtime/UGUI/UI/Animation/CoroutineTween.cs
 0.1 kb	 0.0% Packages/com.unity.ugui/Runtime/UGUI/EventSystem/EventInterfaces.cs
 0.1 kb	 0.0% Packages/com.unity.ugui/Runtime/TMP/TMPro_ExtensionMethods.cs
 0.1 kb	 0.0% Packages/com.unity.ugui/Runtime/TMP/TMP_TextParsingUtilities.cs
 0.1 kb	 0.0% Packages/com.unity.ugui/Runtime/TMP/TMP_TextElement_Legacy.cs
 0.1 kb	 0.0% Packages/com.unity.ugui/Runtime/TMP/TMP_FontAssetUtilities.cs
 0.1 kb	 0.0% Packages/com.unity.ugui/Runtime/TMP/MaterialReferenceManager.cs
 0.1 kb	 0.0% Packages/com.unity.ugui/Runtime/TMP/FontFeatureCommonGSUB.cs
 0.1 kb	 0.0% Packages/com.unity.timeline/Runtime/Utilities/IPropertyCollector.cs
 0.1 kb	 0.0% Packages/com.unity.timeline/Runtime/Utilities/AnimatorBindingCache.cs
 0.1 kb	 0.0% Packages/com.unity.timeline/Runtime/Playables/TimeControlPlayable.cs
 0.1 kb	 0.0% Packages/com.unity.timeline/Runtime/Extensions/SelectionExtensions.cs
 0.1 kb	 0.0% Packages/com.unity.timeline/Runtime/Evaluation/ScheduleRuntimeClip.cs
 0.1 kb	 0.0% Packages/com.unity.timeline/Runtime/Evaluation/InfiniteRuntimeClip.cs
 0.1 kb	 0.0% Packages/com.unity.timeline/Runtime/Control/ControlPlayableAsset.cs
 0.1 kb	 0.0% Packages/com.unity.timeline/Runtime/Audio/AudioPlayableAsset.cs
 0.1 kb	 0.0% Packages/com.unity.timeline/Runtime/Audio/AudioMixerProperties.cs
 0.1 kb	 0.0% Packages/com.unity.timeline/Runtime/Audio/AudioClipProperties.cs
 0.1 kb	 0.0% Packages/com.unity.timeline/Runtime/Attributes/TrackColorAttribute.cs
 0.1 kb	 0.0% Packages/com.unity.serialization/Runtime/Unity.Serialization/Utility/Exceptions.cs
 0.1 kb	 0.0% Packages/com.unity.serialization/Runtime/Unity.Serialization/Json/Views/Internal/UnsafeView.cs
 0.1 kb	 0.0% Packages/com.unity.serialization/Runtime/Unity.Serialization/Json/Views/ISerializedView.cs
 0.1 kb	 0.0% Packages/com.unity.serialization/Runtime/Unity.Serialization/Json/Validation/Internal/JsonValidator.cs
 0.1 kb	 0.0% Packages/com.unity.serialization/Runtime/Unity.Serialization/Json/Validation/Internal/JsonTypeStack.cs
 0.1 kb	 0.0% Packages/com.unity.serialization/Runtime/Unity.Serialization/Json/Utility/Internal/BlockReader.cs
 0.1 kb	 0.0% Packages/com.unity.serialization/Runtime/Unity.Serialization/Json/Parser/Internal/JsonTokenizer.cs
 0.1 kb	 0.0% Packages/com.unity.serialization/Runtime/Unity.Serialization/Json/Parser/Internal/JsonTokenStream.cs
 0.1 kb	 0.0% Packages/com.unity.serialization/Runtime/Unity.Serialization/Json/Migration/IJsonMigration.cs
 0.1 kb	 0.0% Packages/com.unity.serialization/Runtime/Unity.Serialization/Json/Adapters/Internal/JsonAdapter+System.cs
 0.1 kb	 0.0% Packages/com.unity.render-pipelines.universal/Runtime/2D/Shadows/ShadowProvider/VertexDictionary.cs
 0.1 kb	 0.0% Packages/com.unity.render-pipelines.core/Runtime/Vrs/VrsLut.cs
 0.1 kb	 0.0% Packages/com.unity.render-pipelines.core/Runtime/Volume/Volume.cs
 0.1 kb	 0.0% Packages/com.unity.render-pipelines.core/Runtime/Volume/IVolume.cs
 0.1 kb	 0.0% Packages/com.unity.render-pipelines.core/Runtime/Utilities/GPUSort/GPUSort.cs
 0.1 kb	 0.0% Packages/com.unity.render-pipelines.core/Runtime/Utilities/FSRUtils.cs
 0.1 kb	 0.0% Packages/com.unity.render-pipelines.core/Runtime/Utilities/Blitter.cs
 0.1 kb	 0.0% Packages/com.unity.render-pipelines.core/Runtime/Textures/RTHandle.cs
 0.1 kb	 0.0% Packages/com.unity.render-pipelines.core/Runtime/Debugging/DebugUI.cs
 0.1 kb	 0.0% Packages/com.unity.ml-agents/Runtime/SideChannels/StatsSideChannel.cs
 0.1 kb	 0.0% Packages/com.unity.ml-agents/Runtime/SideChannels/RawBytesChannel.cs
 0.1 kb	 0.0% Packages/com.unity.ml-agents/Runtime/SideChannels/OutgoingMessage.cs
 0.1 kb	 0.0% Packages/com.unity.ml-agents/Runtime/SideChannels/IncomingMessage.cs
 0.1 kb	 0.0% Packages/com.unity.ml-agents/Runtime/Integrations/Match3/Match3Sensor.cs
 0.1 kb	 0.0% Packages/com.unity.collections/Unity.Collections/UnsafeQueue.cs
 0.1 kb	 0.0% Packages/com.unity.collections/Unity.Collections/NativeHashMap.cs
 0.1 kb	 0.0% Packages/com.unity.collections/Unity.Collections/FixedStringFormat.gen.cs
 0.1 kb	 0.0% Packages/com.unity.collections/Unity.Collections/FixedString.gen.cs
 0.1 kb	 0.0% Packages/com.unity.cloud.gltfast/Runtime/Scripts/Newtonsoft/Schema/GltfAnimation.cs
 0.1 kb	 0.0% Packages/com.unity.cloud.gltfast/Runtime/Scripts/Material/BuiltInMaterialGenerator.cs
 0.1 kb	 0.0% Packages/com.unity.ai.inference/Runtime/Core/PluginInterfaces.cs
 0.1 kb	 0.0% Packages/com.unity.ai.inference/Runtime/Core/Layers/Layer.Trigonometric.cs
 0.1 kb	 0.0% Packages/com.unity.ai.inference/Runtime/Core/Layers/Layer.Reduction.cs
 0.1 kb	 0.0% Packages/com.unity.ai.inference/Runtime/Core/Layers/Layer.Random.cs
 0.1 kb	 0.0% Packages/com.unity.ai.inference/Runtime/Core/Layers/Layer.Indexing.cs
 0.1 kb	 0.0% Packages/com.unity.ai.inference/Runtime/Core/Layers/Layer.Convolution.cs
 0.1 kb	 0.0% Packages/com.unity.ai.inference/Runtime/Core/Graph/GraphUtils.cs
 0.1 kb	 0.0% Packages/com.unity.ai.inference/Runtime/Core/Graph/GraphModule.cs
 0.1 kb	 0.0% Packages/com.unity.ai.inference/Runtime/Core/Functional/Functional.Model.cs
 0.1 kb	 0.0% Packages/com.unity.ai.inference/Runtime/Core/Functional/Functional.Layer.cs
 0.1 kb	 0.0% Packages/com.unity.ai.inference/Runtime/Core/Backends/CPU/BurstCPU.Jobs.cs
 0.1 kb	 0.0% Packages/com.unity.ai.inference/Runtime/Core/Backends/CPU/BurstCPU.Backend.cs
 0.1 kb	 0.0% Packages/com.unity.ai.assistant/Runtime/Utils/TaskUtils.cs
 0.1 kb	 0.0% Packages/com.unity.ai.assistant/Runtime/Utils/SharedTask.cs
 0.1 kb	 0.0% Packages/com.unity.ai.assistant/Runtime/Utils/MainThread.cs
 0.1 kb	 0.0% Packages/com.unity.ai.assistant/Runtime/Utils/InternalLog.cs
 0.1 kb	 0.0% Packages/com.unity.ai.assistant/Runtime/Utils/DelayUtility.cs
 0.1 kb	 0.0% Packages/com.unity.ai.assistant/Runtime/Data/FeedbackData.cs
 0.1 kb	 0.0% Packages/com.unity.ai.assistant/Modules/Unity.AI.Tracing/AssemblyInfo.cs
 0.1 kb	 0.0% Assets/com.unity.inputsystem@ea5ab5b33a26/InputSystem/Utilities/DynamicBitfield.cs
 0.1 kb	 0.0% Assets/com.unity.inputsystem@ea5ab5b33a26/InputSystem/State/InputState.cs
 0.1 kb	 0.0% Assets/com.unity.inputsystem@ea5ab5b33a26/InputSystem/Plugins/WebGL/WebGLSupport.cs
 0.1 kb	 0.0% Assets/com.unity.inputsystem@ea5ab5b33a26/InputSystem/Plugins/WebGL/WebGLGamepad.cs
 0.1 kb	 0.0% Assets/com.unity.inputsystem@ea5ab5b33a26/InputSystem/Plugins/Users/InputUser.cs
 0.1 kb	 0.0% Assets/com.unity.inputsystem@ea5ab5b33a26/InputSystem/Plugins/Linux/LinuxSupport.cs
 0.1 kb	 0.0% Assets/com.unity.inputsystem@ea5ab5b33a26/InputSystem/Plugins/EnhancedTouch/Touch.cs
 0.1 kb	 0.0% Assets/com.unity.inputsystem@ea5ab5b33a26/InputSystem/Plugins/EnhancedTouch/Finger.cs
 0.1 kb	 0.0% Assets/com.unity.inputsystem@ea5ab5b33a26/InputSystem/InputSettings.cs
 0.1 kb	 0.0% Assets/com.unity.inputsystem@ea5ab5b33a26/InputSystem/InputMetrics.cs
 0.1 kb	 0.0% Assets/com.unity.inputsystem@ea5ab5b33a26/InputSystem/InputExtensions.cs
 0.1 kb	 0.0% Assets/com.unity.inputsystem@ea5ab5b33a26/InputSystem/InputAnalytics.cs
 0.1 kb	 0.0% Assets/com.unity.inputsystem@ea5ab5b33a26/InputSystem/Events/TextEvent.cs
 0.1 kb	 0.0% Assets/com.unity.inputsystem@ea5ab5b33a26/InputSystem/Events/StateEvent.cs
 0.1 kb	 0.0% Assets/com.unity.inputsystem@ea5ab5b33a26/InputSystem/Events/InputEvent.cs
 0.1 kb	 0.0% Assets/com.unity.inputsystem@ea5ab5b33a26/InputSystem/Events/ActionEvent.cs
 0.1 kb	 0.0% Assets/com.unity.inputsystem@ea5ab5b33a26/InputSystem/Editor/UITKAssetEditor/Views/Selectors.cs
 0.1 kb	 0.0% Assets/com.unity.inputsystem@ea5ab5b33a26/InputSystem/Editor/UITKAssetEditor/Views/ContextMenu.cs
 0.1 kb	 0.0% Assets/com.unity.inputsystem@ea5ab5b33a26/InputSystem/Editor/Internal/GUIHelpers.cs
 0.1 kb	 0.0% Assets/com.unity.inputsystem@ea5ab5b33a26/InputSystem/Devices/TrackedDevice.cs
 0.1 kb	 0.0% Assets/com.unity.inputsystem@ea5ab5b33a26/InputSystem/Devices/Remote/InputRemoting.cs
 0.1 kb	 0.0% Assets/com.unity.inputsystem@ea5ab5b33a26/InputSystem/Devices/Precompiled/FastTouchscreen.cs
 0.1 kb	 0.0% Assets/com.unity.inputsystem@ea5ab5b33a26/InputSystem/Devices/Precompiled/FastMouse.partial.cs
 0.1 kb	 0.0% Assets/com.unity.inputsystem@ea5ab5b33a26/InputSystem/Devices/IEventMerger.cs
 0.1 kb	 0.0% Assets/com.unity.inputsystem@ea5ab5b33a26/InputSystem/Controls/TouchControl.cs
 0.1 kb	 0.0% Assets/com.unity.inputsystem@ea5ab5b33a26/InputSystem/Controls/StickControl.cs
 0.1 kb	 0.0% Assets/com.unity.inputsystem@ea5ab5b33a26/InputSystem/Controls/KeyControl.cs
 0.1 kb	 0.0% Assets/com.unity.inputsystem@ea5ab5b33a26/InputSystem/Controls/InputProcessor.cs
 0.1 kb	 0.0% Assets/com.unity.inputsystem@ea5ab5b33a26/InputSystem/Controls/InputControlPath.cs
 0.1 kb	 0.0% Assets/com.unity.inputsystem@ea5ab5b33a26/InputSystem/Controls/DpadControl.cs
 0.1 kb	 0.0% Assets/com.unity.inputsystem@ea5ab5b33a26/InputSystem/Controls/DeltaControl.cs
 0.1 kb	 0.0% Assets/com.unity.inputsystem@ea5ab5b33a26/InputSystem/Controls/AxisControl.cs
 0.1 kb	 0.0% Assets/com.unity.inputsystem@ea5ab5b33a26/InputSystem/Actions/InputActionState.cs
 0.1 kb	 0.0% Assets/com.unity.inputsystem@ea5ab5b33a26/InputSystem/Actions/InputActionMap.cs
 0.1 kb	 0.0% Assets/com.unity.inputsystem@ea5ab5b33a26/InputSystem/Actions/InputActionAsset.cs
 0.1 kb	 0.0% Packages/com.unity.visualscripting/DocCodeExamples/VariableExamples.cs
 0.1 kb	 0.0% Packages/com.unity.visualscripting/DocCodeExamples/EventBusExamples.cs
 0.1 kb	 0.0% Packages/com.unity.ugui/Runtime/UGUI/UI/Core/SetPropertyUtility.cs
 0.1 kb	 0.0% Packages/com.unity.ugui/Runtime/UGUI/UI/Core/MaterialModifiers/IMaterialModifier.cs
 0.1 kb	 0.0% Packages/com.unity.ugui/Runtime/UGUI/UI/Core/Layout/VerticalLayoutGroup.cs
 0.1 kb	 0.0% Packages/com.unity.ugui/Runtime/UGUI/UI/Core/Layout/ContentSizeFitter.cs
 0.1 kb	 0.0% Packages/com.unity.ugui/Runtime/UGUI/UI/Core/Layout/AspectRatioFitter.cs
 0.1 kb	 0.0% Packages/com.unity.ugui/Runtime/UGUI/UI/Core/FontUpdateTracker.cs
 0.1 kb	 0.0% Packages/com.unity.ugui/Runtime/UGUI/UI/Core/CanvasUpdateRegistry.cs
 0.1 kb	 0.0% Packages/com.unity.ugui/Runtime/UGUI/UI/Core/AnimationTriggers.cs
 0.1 kb	 0.0% Packages/com.unity.ugui/Runtime/UGUI/EventSystem/UIElements/PanelRaycaster.cs
 0.1 kb	 0.0% Packages/com.unity.ugui/Runtime/UGUI/EventSystem/Raycasters/PhysicsRaycaster.cs
 0.1 kb	 0.0% Packages/com.unity.ugui/Runtime/UGUI/EventSystem/Raycasters/BaseRaycaster.cs
 0.1 kb	 0.0% Packages/com.unity.ugui/Runtime/UGUI/EventSystem/RaycasterManager.cs
 0.1 kb	 0.0% Packages/com.unity.ugui/Runtime/UGUI/EventSystem/RaycastResult.cs
 0.1 kb	 0.0% Packages/com.unity.ugui/Runtime/UGUI/EventSystem/InputModules/TouchInputModule.cs
 0.1 kb	 0.0% Packages/com.unity.ugui/Runtime/UGUI/EventSystem/InputModules/BaseInputModule.cs
 0.1 kb	 0.0% Packages/com.unity.ugui/Runtime/UGUI/EventSystem/ExecuteEvents.cs
 0.1 kb	 0.0% Packages/com.unity.ugui/Runtime/UGUI/EventSystem/EventData/PointerEventData.cs
 0.1 kb	 0.0% Packages/com.unity.ugui/Runtime/UGUI/EventSystem/EventData/BaseEventData.cs
 0.1 kb	 0.0% Packages/com.unity.ugui/Runtime/UGUI/EventSystem/EventData/AxisEventData.cs
 0.1 kb	 0.0% Packages/com.unity.ugui/Runtime/TMP/TMP_TextProcessingStack.cs
 0.1 kb	 0.0% Packages/com.unity.ugui/Runtime/TMP/TMP_FontFeaturesCommon.cs
 0.1 kb	 0.0% Packages/com.unity.timeline/Runtime/Extensions/TrackExtensions.cs
 0.1 kb	 0.0% Packages/com.unity.timeline/Runtime/ClipCaps.cs
 0.1 kb	 0.0% Packages/com.unity.serialization/Runtime/Unity.Serialization/Utility/Internal/PropertyWrapper.cs
 0.1 kb	 0.0% Packages/com.unity.serialization/Runtime/Unity.Serialization/Utility/Internal/PropertyChecks.cs
 0.1 kb	 0.0% Packages/com.unity.serialization/Runtime/Unity.Serialization/Utility/Attributes.cs
 0.1 kb	 0.0% Packages/com.unity.render-pipelines.core/Runtime/UnifiedRayTracing/Compute/RadeonRays/Scan.cs
 0.1 kb	 0.0% Packages/com.unity.render-pipelines.core/Runtime/Lights/LightAnchor.cs
 0.1 kb	 0.0% Packages/com.unity.render-pipelines.core/Runtime/GPUDriven/AABB.cs
 0.1 kb	 0.0% Packages/com.unity.ml-agents/Runtime/UnityAgentsException.cs
 0.1 kb	 0.0% Packages/com.unity.ml-agents/Runtime/Sensors/StackingSensor.cs
 0.1 kb	 0.0% Packages/com.unity.ml-agents/Runtime/Sensors/SensorComponent.cs
 0.1 kb	 0.0% Packages/com.unity.ml-agents/Runtime/Sensors/PoseExtractor.cs
 0.1 kb	 0.0% Packages/com.unity.ml-agents/Runtime/Sensors/OneHotGridSensor.cs
 0.1 kb	 0.0% Packages/com.unity.ml-agents/Runtime/Sensors/ObservationSpec.cs
 0.1 kb	 0.0% Packages/com.unity.ml-agents/Runtime/Sensors/IJointExtractor.cs
 0.1 kb	 0.0% Packages/com.unity.ml-agents/Runtime/Sensors/IGridPerception.cs
 0.1 kb	 0.0% Packages/com.unity.ml-agents/Runtime/Sensors/IBuiltInSensor.cs
 0.1 kb	 0.0% Packages/com.unity.ml-agents/Runtime/Sensors/GridSensorBase.cs
 0.1 kb	 0.0% Packages/com.unity.ml-agents/Runtime/Sensors/CompressionSpec.cs
 0.1 kb	 0.0% Packages/com.unity.ml-agents/Runtime/Policies/HeuristicPolicy.cs
 0.1 kb	 0.0% Packages/com.unity.ml-agents/Runtime/Policies/BrainParameters.cs
 0.1 kb	 0.0% Packages/com.unity.ml-agents/Runtime/Inference/Utils/RandomNormal.cs
 0.1 kb	 0.0% Packages/com.unity.ml-agents/Runtime/Inference/Utils/Multinomial.cs
 0.1 kb	 0.0% Packages/com.unity.ml-agents/Runtime/Inference/TensorGenerator.cs
 0.1 kb	 0.0% Packages/com.unity.ml-agents/Runtime/Inference/TensorExtensions.cs
 0.1 kb	 0.0% Packages/com.unity.ml-agents/Runtime/Inference/TensorApplier.cs
 0.1 kb	 0.0% Packages/com.unity.ml-agents/Runtime/Inference/SentisModelInfo.cs
 0.1 kb	 0.0% Packages/com.unity.ml-agents/Runtime/DecisionRequester.cs
 0.1 kb	 0.0% Packages/com.unity.ml-agents/Runtime/Communicator/UnityRLCapabilities.cs
 0.1 kb	 0.0% Packages/com.unity.ml-agents/Runtime/Communicator/CommunicatorFactory.cs
 0.1 kb	 0.0% Packages/com.unity.ml-agents/Runtime/Analytics/AnalyticsUtils.cs
 0.1 kb	 0.0% Packages/com.unity.ml-agents/Runtime/Actuators/VectorActuator.cs
 0.1 kb	 0.0% Packages/com.unity.ml-agents/Runtime/Actuators/IBuiltInActuator.cs
 0.1 kb	 0.0% Packages/com.unity.ml-agents/Runtime/Actuators/IActionReceiver.cs
 0.1 kb	 0.0% Packages/com.unity.ml-agents/Runtime/Actuators/ActuatorManager.cs
 0.1 kb	 0.0% Packages/com.unity.mathematics/Unity.Mathematics/rigid_transform.cs
 0.1 kb	 0.0% Packages/com.unity.mathematics/Unity.Mathematics/math_unity_conversion.cs
 0.1 kb	 0.0% Packages/com.unity.mathematics/Unity.Mathematics/affine_transform.cs
 0.1 kb	 0.0% Packages/com.unity.mathematics/Unity.Mathematics/Geometry/MinMaxAABB.cs
 0.1 kb	 0.0% Packages/com.unity.collections/Unity.Collections/xxHash3.StreamingState.cs
 0.1 kb	 0.0% Packages/com.unity.collections/Unity.Collections/NativeSort.cs
 0.1 kb	 0.0% Packages/com.unity.collections/Unity.Collections/NativeBitArray.cs
 0.1 kb	 0.0% Packages/com.unity.collections/Unity.Collections/ListExtensions.cs
 0.1 kb	 0.0% Packages/com.unity.collections/Unity.Collections/Jobs/IJobParallelForDefer.cs
 0.1 kb	 0.0% Packages/com.unity.collections/Unity.Collections/Jobs/IJobParallelForBatch.cs
 0.1 kb	 0.0% Packages/com.unity.collections/Unity.Collections/FixedStringUtils.cs
 0.1 kb	 0.0% Packages/com.unity.collections/Unity.Collections/DataStreamWriter.cs
 0.1 kb	 0.0% Packages/com.unity.collections/Unity.Collections/DataStreamReader.cs
 0.1 kb	 0.0% Packages/com.unity.collections/Unity.Collections/ConcurrentMask.cs
 0.1 kb	 0.0% Packages/com.unity.collections/Unity.Collections/CollectionHelper.cs
 0.1 kb	 0.0% Packages/com.unity.collections/Unity.Collections/AllocatorManager.cs
 0.1 kb	 0.0% Packages/com.unity.cloud.gltfast/Runtime/Scripts/VertexBufferGeneratorBase.cs
 0.1 kb	 0.0% Packages/com.unity.cloud.gltfast/Runtime/Scripts/TimeBudgetPerFrameDeferAgent.cs
 0.1 kb	 0.0% Packages/com.unity.cloud.gltfast/Runtime/Scripts/Schema/TextureInfoExtensions.cs
 0.1 kb	 0.0% Packages/com.unity.cloud.gltfast/Runtime/Scripts/Schema/PbrSpecularGlossiness.cs
 0.1 kb	 0.0% Packages/com.unity.cloud.gltfast/Runtime/Scripts/Schema/MaterialPbrMetallicRoughness.cs
 0.1 kb	 0.0% Packages/com.unity.cloud.gltfast/Runtime/Scripts/Schema/AnimationChannelTarget.cs
 0.1 kb	 0.0% Packages/com.unity.cloud.gltfast/Runtime/Scripts/Schema/AccessorSparseIndices.cs
 0.1 kb	 0.0% Packages/com.unity.cloud.gltfast/Runtime/Scripts/Newtonsoft/Schema/TextureInfo.cs
 0.1 kb	 0.0% Packages/com.unity.cloud.gltfast/Runtime/Scripts/Newtonsoft/Schema/MeshExtras.cs
 0.1 kb	 0.0% Packages/com.unity.cloud.gltfast/Runtime/Scripts/Newtonsoft/Schema/IJsonObject.cs
 0.1 kb	 0.0% Packages/com.unity.cloud.gltfast/Runtime/Scripts/Newtonsoft/Schema/BufferView.cs
 0.1 kb	 0.0% Packages/com.unity.cloud.gltfast/Runtime/Scripts/MaterialsVariants/MaterialsVariantsComponent.cs
 0.1 kb	 0.0% Packages/com.unity.cloud.gltfast/Runtime/Scripts/Loading/DefaultDownloadProvider.cs
 0.1 kb	 0.0% Packages/com.unity.cloud.gltfast/Runtime/Scripts/IMaterialsVariantsProvider.cs
 0.1 kb	 0.0% Packages/com.unity.cloud.gltfast/Runtime/Scripts/GameObjectBoundsInstantiator.cs
 0.1 kb	 0.0% Packages/com.unity.cloud.gltfast/Runtime/Scripts/Export/NormalImageExport.cs
 0.1 kb	 0.0% Packages/com.unity.cloud.gltfast/Runtime/Scripts/Export/MaterialExportBase.cs
 0.1 kb	 0.0% Packages/com.unity.cloud.gltfast/Runtime/Scripts/Export/KhrLightsPunctual.cs
 0.1 kb	 0.0% Packages/com.unity.cloud.gltfast/Runtime/Scripts/Export/GltfMaterialExporter.cs
 0.1 kb	 0.0% Packages/com.unity.cloud.gltfast/Runtime/Scripts/Export/DracoExportSettings.cs
 0.1 kb	 0.0% Packages/com.unity.burst/Runtime/SafeStringArrayHelper.cs
 0.1 kb	 0.0% Packages/com.unity.burst/Runtime/Editor/BurstEditorOptions.cs
 0.1 kb	 0.0% Packages/com.unity.burst/Runtime/Editor/BurstCompileTarget.cs
 0.1 kb	 0.0% Packages/com.unity.burst/Runtime/Editor/BurstAssemblyDisable.cs
 0.1 kb	 0.0% Packages/com.unity.burst/Runtime/BurstCompileAttribute.cs
 0.1 kb	 0.0% Packages/com.unity.ai.inference/Runtime/Core/TensorShape.cs
 0.1 kb	 0.0% Packages/com.unity.ai.inference/Runtime/Core/TensorIndex.cs
 0.1 kb	 0.0% Packages/com.unity.ai.inference/Runtime/Core/TensorGeneric.cs
 0.1 kb	 0.0% Packages/com.unity.ai.inference/Runtime/Core/TensorData.cs
 0.1 kb	 0.0% Packages/com.unity.ai.inference/Runtime/Core/ShapeInference/EinsumHelper.cs
 0.1 kb	 0.0% Packages/com.unity.ai.inference/Runtime/Core/Serialization/SentisFlatBuffer/ExecutionPlan.cs
 0.1 kb	 0.0% Packages/com.unity.ai.inference/Runtime/Core/Serialization/ModelWriter.cs
 0.1 kb	 0.0% Packages/com.unity.ai.inference/Runtime/Core/Serialization/ModelLoader.cs
 0.1 kb	 0.0% Packages/com.unity.ai.inference/Runtime/Core/Layers/Layer.Recurrent.cs
 0.1 kb	 0.0% Packages/com.unity.ai.inference/Runtime/Core/Layers/Layer.Logical.cs
 0.1 kb	 0.0% Packages/com.unity.ai.inference/Runtime/Core/Layers/Layer.Activation.cs
 0.1 kb	 0.0% Packages/com.unity.ai.inference/Runtime/Core/Internals/ModelAsset.cs
 0.1 kb	 0.0% Packages/com.unity.ai.inference/Runtime/Core/Backends/TensorPool.cs
 0.1 kb	 0.0% Packages/com.unity.ai.inference/Runtime/Core/Backends/ModelStorage.cs
 0.1 kb	 0.0% Packages/com.unity.ai.inference/Runtime/Core/Backends/GPUCompute/ComputeInfo.cs
 0.1 kb	 0.0% Packages/com.unity.ai.inference/Runtime/Core/Backends/CPU/ReferenceCPU.cs
 0.1 kb	 0.0% Packages/com.unity.ai.assistant/Runtime/Markup/ILinkHandler.cs
 0.1 kb	 0.0% Packages/com.unity.ai.assistant/Runtime/Agents/LlmAgent.cs
 0.1 kb	 0.0% Packages/com.unity.ai.assistant/Runtime/Agents/IAgent.cs
 0.1 kb	 0.0% Assets/com.unity.inputsystem@ea5ab5b33a26/InputSystem/Utilities/FourCC.cs
 0.1 kb	 0.0% Assets/com.unity.inputsystem@ea5ab5b33a26/InputSystem/Plugins/iOS/iOSSupport.cs
 0.1 kb	 0.0% Assets/com.unity.inputsystem@ea5ab5b33a26/InputSystem/Plugins/XR/XRSupport.cs
 0.1 kb	 0.0% Assets/com.unity.inputsystem@ea5ab5b33a26/InputSystem/Plugins/XR/GenericXRDevice.cs
 0.1 kb	 0.0% Assets/com.unity.inputsystem@ea5ab5b33a26/InputSystem/Plugins/XR/Devices/WindowsMR.cs
 0.1 kb	 0.0% Assets/com.unity.inputsystem@ea5ab5b33a26/InputSystem/Plugins/XR/Controls/PoseControl.cs
 0.1 kb	 0.0% Assets/com.unity.inputsystem@ea5ab5b33a26/InputSystem/Plugins/UI/PointerModel.cs
 0.1 kb	 0.0% Assets/com.unity.inputsystem@ea5ab5b33a26/InputSystem/Plugins/OSX/OSXSupport.cs
 0.1 kb	 0.0% Assets/com.unity.inputsystem@ea5ab5b33a26/InputSystem/Plugins/HID/HIDSupport.cs
 0.1 kb	 0.0% Assets/com.unity.inputsystem@ea5ab5b33a26/InputSystem/Plugins/HID/HIDParser.cs
 0.1 kb	 0.0% Assets/GameHub/Scripts/FootballHumanInput.cs
 0.1 kb	 0.0% Packages/com.unity.visualscripting/Runtime/VisualScripting.State/State.cs
 0.1 kb	 0.0% Packages/com.unity.visualscripting/Runtime/VisualScripting.State/IState.cs
 0.1 kb	 0.0% Packages/com.unity.visualscripting/Runtime/VisualScripting.State/AnyState.cs
 0.1 kb	 0.0% Packages/com.unity.visualscripting/Runtime/VisualScripting.Flow/IUnit.cs
 0.1 kb	 0.0% Packages/com.unity.visualscripting/Runtime/VisualScripting.Flow/Framework/Time/WaitUnit.cs
 0.1 kb	 0.0% Packages/com.unity.visualscripting/Runtime/VisualScripting.Flow/Framework/Time/Timer.cs
 0.1 kb	 0.0% Packages/com.unity.visualscripting/Runtime/VisualScripting.Flow/Framework/Time/Cooldown.cs
 0.1 kb	 0.0% Packages/com.unity.visualscripting/Runtime/VisualScripting.Flow/Framework/Logic/NotEqual.cs
 0.1 kb	 0.0% Packages/com.unity.visualscripting/Runtime/VisualScripting.Flow/Framework/Logic/Negate.cs
 0.1 kb	 0.0% Packages/com.unity.visualscripting/Runtime/VisualScripting.Flow/Framework/Logic/Greater.cs
 0.1 kb	 0.0% Packages/com.unity.visualscripting/Runtime/VisualScripting.Flow/Framework/Logic/Equal.cs
 0.1 kb	 0.0% Packages/com.unity.visualscripting/Runtime/VisualScripting.Flow/Framework/Literal.cs
 0.1 kb	 0.0% Packages/com.unity.visualscripting/Runtime/VisualScripting.Flow/Framework/Formula.cs
 0.1 kb	 0.0% Packages/com.unity.visualscripting/Runtime/VisualScripting.Flow/Framework/Events/Lifecycle/Update.cs
 0.1 kb	 0.0% Packages/com.unity.visualscripting/Runtime/VisualScripting.Flow/Framework/Events/Lifecycle/Start.cs
 0.1 kb	 0.0% Packages/com.unity.visualscripting/Runtime/VisualScripting.Flow/Framework/Events/Lifecycle/OnEnable.cs
 0.1 kb	 0.0% Packages/com.unity.visualscripting/Runtime/VisualScripting.Flow/Framework/Events/GUI/OnSubmit.cs
 0.1 kb	 0.0% Packages/com.unity.visualscripting/Runtime/VisualScripting.Flow/Framework/Events/GUI/OnSelect.cs
 0.1 kb	 0.0% Packages/com.unity.visualscripting/Runtime/VisualScripting.Flow/Framework/Events/GUI/OnScroll.cs
 0.1 kb	 0.0% Packages/com.unity.visualscripting/Runtime/VisualScripting.Flow/Framework/Events/GUI/OnMove.cs
 0.1 kb	 0.0% Packages/com.unity.visualscripting/Runtime/VisualScripting.Flow/Framework/Events/GUI/OnGUI.cs
 0.1 kb	 0.0% Packages/com.unity.visualscripting/Runtime/VisualScripting.Flow/Framework/Events/GUI/OnDrop.cs
 0.1 kb	 0.0% Packages/com.unity.visualscripting/Runtime/VisualScripting.Flow/Framework/Events/GUI/OnDrag.cs
 0.1 kb	 0.0% Packages/com.unity.visualscripting/Runtime/VisualScripting.Flow/Framework/Events/GUI/OnCancel.cs
 0.1 kb	 0.0% Packages/com.unity.visualscripting/Runtime/VisualScripting.Flow/Framework/Control/While.cs
 0.1 kb	 0.0% Packages/com.unity.visualscripting/Runtime/VisualScripting.Flow/Framework/Control/TryCatch.cs
 0.1 kb	 0.0% Packages/com.unity.visualscripting/Runtime/VisualScripting.Flow/Framework/Control/Throw.cs
 0.1 kb	 0.0% Packages/com.unity.visualscripting/Runtime/VisualScripting.Flow/Framework/Control/Sequence.cs
 0.1 kb	 0.0% Packages/com.unity.visualscripting/Runtime/VisualScripting.Flow/Framework/Control/LoopUnit.cs
 0.1 kb	 0.0% Packages/com.unity.visualscripting/Runtime/VisualScripting.Flow/Framework/Control/ForEach.cs
 0.1 kb	 0.0% Packages/com.unity.visualscripting/Runtime/VisualScripting.Flow/Framework/Control/Cache.cs
 0.1 kb	 0.0% Packages/com.unity.visualscripting/Runtime/VisualScripting.Flow/Framework/Control/Break.cs
 0.1 kb	 0.0% Packages/com.unity.visualscripting/Runtime/VisualScripting.Flow/Framework/Collections/LastItem.cs
 0.1 kb	 0.0% Packages/com.unity.visualscripting/Runtime/VisualScripting.Flow/Framework/Codebase/Expose.cs
 0.1 kb	 0.0% Packages/com.unity.visualscripting/Runtime/VisualScripting.Core/Utilities/XColor.cs
 0.1 kb	 0.0% Packages/com.unity.visualscripting/Runtime/VisualScripting.Core/Reflection/TypeName.cs
 0.1 kb	 0.0% Packages/com.unity.visualscripting/Runtime/VisualScripting.Core/Reflection/Member.cs
 0.1 kb	 0.0% Packages/com.unity.visualscripting/Runtime/VisualScripting.Core/Macros/IMacro.cs
 0.1 kb	 0.0% Packages/com.unity.visualscripting/Runtime/VisualScripting.Core/Machines/IMachine.cs
 0.1 kb	 0.0% Packages/com.unity.visualscripting/Runtime/VisualScripting.Core/Graphs/IGraph.cs
 0.1 kb	 0.0% Packages/com.unity.visualscripting/Runtime/VisualScripting.Core/Graphs/Graph.cs
 0.1 kb	 0.0% Packages/com.unity.visualscripting/Runtime/VisualScripting.Core/Events/EventBus.cs
 0.1 kb	 0.0% Packages/com.unity.visualscripting/Runtime/VisualScripting.Core/Ensure/Extensions/XString.cs
 0.1 kb	 0.0% Packages/com.unity.visualscripting/Runtime/VisualScripting.Core/Ensure/Ensure.cs
 0.1 kb	 0.0% Packages/com.unity.visualscripting/Runtime/VisualScripting.Core/Collections/AotList.cs
 0.1 kb	 0.0% Packages/com.unity.visualscripting/Runtime/VisualScripting.Core/Cloning/ICloner.cs
 0.1 kb	 0.0% Packages/com.unity.visualscripting/Runtime/VisualScripting.Core/Cloning/Cloning.cs
 0.1 kb	 0.0% Packages/com.unity.ugui/Runtime/TMP/TMPro_EventManager.cs
 0.1 kb	 0.0% Packages/com.unity.ugui/Runtime/TMP/TMP_UpdateRegistery.cs
 0.1 kb	 0.0% Packages/com.unity.ugui/Runtime/TMP/TMP_UpdateManager.cs
 0.1 kb	 0.0% Packages/com.unity.ugui/Runtime/TMP/TMP_TextUtilities.cs
 0.1 kb	 0.0% Packages/com.unity.ugui/Runtime/TMP/TMP_TextProcessingCommon.cs
 0.1 kb	 0.0% Packages/com.unity.ugui/Runtime/TMP/TMP_SpriteCharacter.cs
 0.1 kb	 0.0% Packages/com.unity.ugui/Runtime/TMP/TMP_SpriteAnimator.cs
 0.1 kb	 0.0% Packages/com.unity.ugui/Runtime/TMP/TMP_SelectionCaret.cs
 0.1 kb	 0.0% Packages/com.unity.ugui/Runtime/TMP/TMP_ResourcesManager.cs
 0.1 kb	 0.0% Packages/com.unity.ugui/Runtime/TMP/TMP_MaterialManager.cs
 0.1 kb	 0.0% Packages/com.unity.ugui/Runtime/TMP/TMP_InputValidator.cs
 0.1 kb	 0.0% Packages/com.unity.ugui/Runtime/TMP/TMP_FontFeatureTable.cs
 0.1 kb	 0.0% Packages/com.unity.ugui/Runtime/TMP/TMP_DefaultControls.cs
 0.1 kb	 0.0% Packages/com.unity.ugui/Runtime/TMP/TMP_Compatibility.cs
 0.1 kb	 0.0% Packages/com.unity.ugui/Runtime/TMP/TMP_ColorGradient.cs
 0.1 kb	 0.0% Packages/com.unity.ugui/Runtime/TMP/TMP_CharacterInfo.cs
 0.1 kb	 0.0% Packages/com.unity.ugui/Runtime/TMP/ITextPreProcessor.cs
 0.1 kb	 0.0% Packages/com.unity.ugui/Runtime/TMP/FontFeatureCommonGPOS.cs
 0.1 kb	 0.0% Packages/com.unity.timeline/Runtime/Utilities/WeightUtility.cs
 0.1 kb	 0.0% Packages/com.unity.timeline/Runtime/Utilities/IPropertyPreview.cs
 0.1 kb	 0.0% Packages/com.unity.timeline/Runtime/Utilities/Extrapolation.cs
 0.1 kb	 0.0% Packages/com.unity.timeline/Runtime/TimelinePlayable.cs
 0.1 kb	 0.0% Packages/com.unity.timeline/Runtime/TimelineAsset.cs
 0.1 kb	 0.0% Packages/com.unity.timeline/Runtime/Scripting/PlayableTrack.cs
 0.1 kb	 0.0% Packages/com.unity.timeline/Runtime/Events/Signals/SignalReceiver.cs
 0.1 kb	 0.0% Packages/com.unity.timeline/Runtime/Events/Signals/SignalEmitter.cs
 0.1 kb	 0.0% Packages/com.unity.timeline/Runtime/Evaluation/RuntimeElement.cs
 0.1 kb	 0.0% Packages/com.unity.timeline/Runtime/Evaluation/RuntimeClipBase.cs
 0.1 kb	 0.0% Packages/com.unity.timeline/Runtime/CurveEditUtility.cs
 0.1 kb	 0.0% Packages/com.unity.timeline/Runtime/Animation/AnimationTrack.cs
 0.1 kb	 0.0% Packages/com.unity.timeline/Runtime/Activation/ActivationTrack.cs
 0.1 kb	 0.0% Packages/com.unity.serialization/Runtime/Unity.Serialization/Json/Parser/Internal/NodeParser.cs
 0.1 kb	 0.0% Packages/com.unity.serialization/Runtime/Unity.Serialization/Json/JsonWriter.cs
 0.1 kb	 0.0% Packages/com.unity.serialization/Runtime/Unity.Serialization/Json/JsonObject.cs
 0.1 kb	 0.0% Packages/com.unity.serialization/Runtime/Unity.Serialization/Json/Adapters/IJsonAdapter.cs
 0.1 kb	 0.0% Packages/com.unity.render-pipelines.core/Runtime/Vrs/Vrs.cs
 0.1 kb	 0.0% Packages/com.unity.render-pipelines.core/Runtime/STP/STP.cs
 0.1 kb	 0.0% Packages/com.unity.ml-agents/Runtime/SideChannels/SideChannel.cs
 0.1 kb	 0.0% Packages/com.unity.ml-agents/Runtime/Analytics/Events.cs
 0.1 kb	 0.0% Packages/com.unity.mathematics/Unity.Mathematics/double4x4.gen.cs
 0.1 kb	 0.0% Packages/com.unity.mathematics/Unity.Mathematics/double4x3.gen.cs
 0.1 kb	 0.0% Packages/com.unity.mathematics/Unity.Mathematics/double4x2.gen.cs
 0.1 kb	 0.0% Packages/com.unity.mathematics/Unity.Mathematics/double3x4.gen.cs
 0.1 kb	 0.0% Packages/com.unity.mathematics/Unity.Mathematics/double3x3.gen.cs
 0.1 kb	 0.0% Packages/com.unity.mathematics/Unity.Mathematics/double3x2.gen.cs
 0.1 kb	 0.0% Packages/com.unity.mathematics/Unity.Mathematics/double2x4.gen.cs
 0.1 kb	 0.0% Packages/com.unity.mathematics/Unity.Mathematics/double2x3.gen.cs
 0.1 kb	 0.0% Packages/com.unity.mathematics/Unity.Mathematics/double2x2.gen.cs
 0.1 kb	 0.0% Packages/com.unity.collections/Unity.Collections/NativeText.gen.cs
 0.1 kb	 0.0% Packages/com.unity.collections/Unity.Collections/FixedList.gen.cs
 0.1 kb	 0.0% Packages/com.unity.cloud.gltfast/Runtime/Scripts/VertexBufferTexCoords.cs
 0.1 kb	 0.0% Packages/com.unity.cloud.gltfast/Runtime/Scripts/Schema/FakeSchema/MaterialExtension.cs
 0.1 kb	 0.0% Packages/com.unity.cloud.gltfast/Runtime/Scripts/Newtonsoft/Schema/GltfCamera.cs
 0.1 kb	 0.0% Packages/com.unity.cloud.gltfast/Runtime/Scripts/Material/MaterialGenerator.cs
 0.1 kb	 0.0% Packages/com.unity.cloud.gltfast/Runtime/Scripts/Material/IMaterialGenerator.cs
 0.1 kb	 0.0% Packages/com.unity.ai.inference/Runtime/Core/Layers/Layer.Math.cs
 0.1 kb	 0.0% Packages/com.unity.ai.inference/Runtime/Core/Graph/SortKey.cs
 0.1 kb	 0.0% Packages/com.unity.ai.inference/Runtime/Core/Graph/NodeSet.cs
 0.1 kb	 0.0% Packages/com.unity.ai.inference/Runtime/Core/Graph/NodeList.cs
 0.1 kb	 0.0% Packages/com.unity.ai.inference/Runtime/Core/Graph/Graph.cs
 0.1 kb	 0.0% Packages/com.unity.ai.inference/Runtime/Core/Graph/Argument.cs
 0.1 kb	 0.0% Packages/com.unity.ai.inference/Runtime/Core/Backends/GPUPixel/GPUPixel.cs
 0.1 kb	 0.0% Packages/com.unity.ai.assistant/Runtime/Data/TodoItem.cs
 0.1 kb	 0.0% Assets/com.unity.inputsystem@ea5ab5b33a26/InputSystem/Plugins/PlayerInput/PlayerInput.cs
 0.1 kb	 0.0% Assets/com.unity.inputsystem@ea5ab5b33a26/InputSystem/Plugins/PlayerInput/InputValue.cs
 0.1 kb	 0.0% Assets/com.unity.inputsystem@ea5ab5b33a26/InputSystem/InputSystem.cs
 0.1 kb	 0.0% Assets/com.unity.inputsystem@ea5ab5b33a26/InputSystem/InputManager.cs
 0.1 kb	 0.0% Assets/com.unity.inputsystem@ea5ab5b33a26/InputSystem/Editor/UITKAssetEditor/Commands/Commands.cs
 0.1 kb	 0.0% Assets/com.unity.inputsystem@ea5ab5b33a26/InputSystem/Editor/Dialog.cs
 0.1 kb	 0.0% Assets/com.unity.inputsystem@ea5ab5b33a26/InputSystem/Devices/Touchscreen.cs
 0.1 kb	 0.0% Assets/com.unity.inputsystem@ea5ab5b33a26/InputSystem/Devices/Precompiled/FastMouse.cs
 0.1 kb	 0.0% Assets/com.unity.inputsystem@ea5ab5b33a26/InputSystem/Devices/Precompiled/FastKeyboard.cs
 0.1 kb	 0.0% Assets/com.unity.inputsystem@ea5ab5b33a26/InputSystem/Devices/InputDevice.cs
 0.1 kb	 0.0% Assets/com.unity.inputsystem@ea5ab5b33a26/InputSystem/Devices/Haptics/IHaptics.cs
 0.1 kb	 0.0% Assets/com.unity.inputsystem@ea5ab5b33a26/InputSystem/Controls/InputControl.cs
 0.1 kb	 0.0% Assets/com.unity.inputsystem@ea5ab5b33a26/InputSystem/Controls/CommonUsages.cs
 0.1 kb	 0.0% Assets/com.unity.inputsystem@ea5ab5b33a26/InputSystem/AssemblyInfo.cs
 0.1 kb	 0.0% Assets/com.unity.inputsystem@ea5ab5b33a26/InputSystem/Actions/InputBinding.cs
 0.1 kb	 0.0% Assets/com.unity.inputsystem@ea5ab5b33a26/InputSystem/Actions/InputAction.cs
 0.1 kb	 0.0% Packages/com.unity.ugui/Runtime/UGUI/UI/Core/VertexModifiers/PositionAsUV1.cs
 0.1 kb	 0.0% Packages/com.unity.ugui/Runtime/UGUI/UI/Core/VertexModifiers/IMeshModifier.cs
 0.1 kb	 0.0% Packages/com.unity.ugui/Runtime/UGUI/UI/Core/VertexModifiers/BaseMeshEffect.cs
 0.1 kb	 0.0% Packages/com.unity.ugui/Runtime/UGUI/UI/Core/StencilMaterial.cs
 0.1 kb	 0.0% Packages/com.unity.ugui/Runtime/UGUI/UI/Core/MaskableGraphic.cs
 0.1 kb	 0.0% Packages/com.unity.ugui/Runtime/UGUI/UI/Core/MaskUtilities.cs
 0.1 kb	 0.0% Packages/com.unity.ugui/Runtime/UGUI/UI/Core/Layout/LayoutUtility.cs
 0.1 kb	 0.0% Packages/com.unity.ugui/Runtime/UGUI/UI/Core/Layout/LayoutRebuilder.cs
 0.1 kb	 0.0% Packages/com.unity.ugui/Runtime/UGUI/UI/Core/Layout/LayoutElement.cs
 0.1 kb	 0.0% Packages/com.unity.ugui/Runtime/UGUI/UI/Core/Layout/ILayoutElement.cs
 0.1 kb	 0.0% Packages/com.unity.ugui/Runtime/UGUI/UI/Core/Layout/GridLayoutGroup.cs
 0.1 kb	 0.0% Packages/com.unity.ugui/Runtime/UGUI/UI/Core/GraphicRegistry.cs
 0.1 kb	 0.0% Packages/com.unity.ugui/Runtime/UGUI/UI/Core/GraphicRaycaster.cs
 0.1 kb	 0.0% Packages/com.unity.ugui/Runtime/UGUI/UI/Core/DefaultControls.cs
 0.1 kb	 0.0% Packages/com.unity.ugui/Runtime/UGUI/UI/Core/Culling/ClipperRegistry.cs
 0.1 kb	 0.0% Packages/com.unity.ugui/Runtime/UGUI/EventSystem/UIBehaviour.cs
 0.1 kb	 0.0% Packages/com.unity.ugui/Runtime/UGUI/EventSystem/InputModules/BaseInput.cs
 0.1 kb	 0.0% Packages/com.unity.ugui/Runtime/UGUI/EventSystem/EventTrigger.cs
 0.1 kb	 0.0% Packages/com.unity.ugui/Runtime/UGUI/EventSystem/EventSystem.cs
 0.1 kb	 0.0% Packages/com.unity.ugui/Runtime/TMP/TMPro_MeshUtilities.cs
 0.1 kb	 0.0% Packages/com.unity.ugui/Runtime/TMP/TMP_ShaderUtilities.cs
 0.1 kb	 0.0% Packages/com.unity.ugui/Runtime/TMP/TMP_RichTextTagsCommon.cs
 0.1 kb	 0.0% Packages/com.unity.ugui/Runtime/TMP/TMP_FontAssetCommon.cs
 0.1 kb	 0.0% Packages/com.unity.ml-agents/Runtime/StatsRecorder.cs
 0.1 kb	 0.0% Packages/com.unity.ml-agents/Runtime/Sensors/VectorSensor.cs
 0.1 kb	 0.0% Packages/com.unity.ml-agents/Runtime/Sensors/CameraSensor.cs
 0.1 kb	 0.0% Packages/com.unity.ml-agents/Runtime/Sensors/BufferSensor.cs
 0.1 kb	 0.0% Packages/com.unity.ml-agents/Runtime/SensorHelper.cs
 0.1 kb	 0.0% Packages/com.unity.ml-agents/Runtime/RecursionChecker.cs
 0.1 kb	 0.0% Packages/com.unity.ml-agents/Runtime/Policies/SentisPolicy.cs
 0.1 kb	 0.0% Packages/com.unity.ml-agents/Runtime/Policies/RemotePolicy.cs
 0.1 kb	 0.0% Packages/com.unity.ml-agents/Runtime/MLAgentsSettings.cs
 0.1 kb	 0.0% Packages/com.unity.ml-agents/Runtime/Inference/TensorProxy.cs
 0.1 kb	 0.0% Packages/com.unity.ml-agents/Runtime/Inference/TensorNames.cs
 0.1 kb	 0.0% Packages/com.unity.ml-agents/Runtime/Inference/ModelRunner.cs
 0.1 kb	 0.0% Packages/com.unity.ml-agents/Runtime/IMultiAgentGroup.cs
 0.1 kb	 0.0% Packages/com.unity.ml-agents/Runtime/EpisodeIdCounter.cs
 0.1 kb	 0.0% Packages/com.unity.ml-agents/Runtime/Communicator/RpcCommunicator.cs
 0.1 kb	 0.0% Packages/com.unity.ml-agents/Runtime/Communicator/ICommunicator.cs
 0.1 kb	 0.0% Packages/com.unity.ml-agents/Runtime/Communicator/GrpcExtensions.cs
 0.1 kb	 0.0% Packages/com.unity.ml-agents/Runtime/Actuators/IActuator.cs
 0.1 kb	 0.0% Packages/com.unity.ml-agents/Runtime/Actuators/ActionSpec.cs
 0.1 kb	 0.0% Packages/com.unity.mathematics/Unity.Mathematics/quaternion.cs
 0.1 kb	 0.0% Packages/com.unity.mathematics/Unity.Mathematics/Noise/classicnoise4D.cs
 0.1 kb	 0.0% Packages/com.unity.mathematics/Unity.Mathematics/Noise/classicnoise3D.cs
 0.1 kb	 0.0% Packages/com.unity.mathematics/Unity.Mathematics/Noise/classicnoise2D.cs
 0.1 kb	 0.0% Packages/com.unity.mathematics/Unity.Mathematics/Noise/cellular2x2x2.cs
 0.1 kb	 0.0% Packages/com.unity.mathematics/Unity.Mathematics/Geometry/Plane.cs
 0.1 kb	 0.0% Packages/com.unity.collections/Unity.Collections/UIntFloat.cs
 0.1 kb	 0.0% Packages/com.unity.collections/Unity.Collections/NativeStream.cs
 0.1 kb	 0.0% Packages/com.unity.collections/Unity.Collections/Jobs/EarlyInitHelpers.cs
 0.1 kb	 0.0% Packages/com.unity.cloud.gltfast/Runtime/Scripts/VertexBufferDescriptor.cs
 0.1 kb	 0.0% Packages/com.unity.cloud.gltfast/Runtime/Scripts/UninterruptedDeferAgent.cs
 0.1 kb	 0.0% Packages/com.unity.cloud.gltfast/Runtime/Scripts/Schema/TextureExtensions.cs
 0.1 kb	 0.0% Packages/com.unity.cloud.gltfast/Runtime/Scripts/Schema/OcclusionTextureInfo.cs
 0.1 kb	 0.0% Packages/com.unity.cloud.gltfast/Runtime/Scripts/Schema/NormalTextureInfo.cs
 0.1 kb	 0.0% Packages/com.unity.cloud.gltfast/Runtime/Scripts/Schema/NodeLightsPunctual.cs
 0.1 kb	 0.0% Packages/com.unity.cloud.gltfast/Runtime/Scripts/Schema/MeshGpuInstancing.cs
 0.1 kb	 0.0% Packages/com.unity.cloud.gltfast/Runtime/Scripts/Schema/MaterialExtensions.cs
 0.1 kb	 0.0% Packages/com.unity.cloud.gltfast/Runtime/Scripts/Schema/BufferViewExtensions.cs
 0.1 kb	 0.0% Packages/com.unity.cloud.gltfast/Runtime/Scripts/Schema/AccessorSparseValues.cs
 0.1 kb	 0.0% Packages/com.unity.cloud.gltfast/Runtime/Scripts/Newtonsoft/Schema/Texture.cs
 0.1 kb	 0.0% Packages/com.unity.cloud.gltfast/Runtime/Scripts/Newtonsoft/Schema/Scene.cs
 0.1 kb	 0.0% Packages/com.unity.cloud.gltfast/Runtime/Scripts/Newtonsoft/Schema/Sampler.cs
 0.1 kb	 0.0% Packages/com.unity.cloud.gltfast/Runtime/Scripts/Newtonsoft/Schema/Material.cs
 0.1 kb	 0.0% Packages/com.unity.cloud.gltfast/Runtime/Scripts/Newtonsoft/Schema/Image.cs
 0.1 kb	 0.0% Packages/com.unity.cloud.gltfast/Runtime/Scripts/Newtonsoft/Schema/Buffer.cs
 0.1 kb	 0.0% Packages/com.unity.cloud.gltfast/Runtime/Scripts/Newtonsoft/Schema/Asset.cs
 0.1 kb	 0.0% Packages/com.unity.cloud.gltfast/Runtime/Scripts/Newtonsoft/Schema/Accessor.cs
 0.1 kb	 0.0% Packages/com.unity.cloud.gltfast/Runtime/Scripts/Newtonsoft/GltfImport.cs
 0.1 kb	 0.0% Packages/com.unity.cloud.gltfast/Runtime/Scripts/NativeArrayExtensions.cs
 0.1 kb	 0.0% Packages/com.unity.cloud.gltfast/Runtime/Scripts/MorphTargetsGenerator.cs
 0.1 kb	 0.0% Packages/com.unity.cloud.gltfast/Runtime/Scripts/MaterialsVariants/MaterialsVariantsControl.cs
 0.1 kb	 0.0% Packages/com.unity.cloud.gltfast/Runtime/Scripts/MaterialsVariants/IMaterialsVariantsSlot.cs
 0.1 kb	 0.0% Packages/com.unity.cloud.gltfast/Runtime/Scripts/Loading/IDownloadProvider.cs
 0.1 kb	 0.0% Packages/com.unity.cloud.gltfast/Runtime/Scripts/LightPunctualExtension.cs
 0.1 kb	 0.0% Packages/com.unity.cloud.gltfast/Runtime/Scripts/InstantiationSettings.cs
 0.1 kb	 0.0% Packages/com.unity.cloud.gltfast/Runtime/Scripts/ImportAddons/ImportAddonRegistry.cs
 0.1 kb	 0.0% Packages/com.unity.cloud.gltfast/Runtime/Scripts/ImportAddons/ImportAddonInstance.cs
 0.1 kb	 0.0% Packages/com.unity.cloud.gltfast/Runtime/Scripts/GltfJsonUtilityParser.cs
 0.1 kb	 0.0% Packages/com.unity.cloud.gltfast/Runtime/Scripts/GameObjectSceneInstance.cs
 0.1 kb	 0.0% Packages/com.unity.cloud.gltfast/Runtime/Scripts/GameObjectInstantiator.cs
 0.1 kb	 0.0% Packages/com.unity.cloud.gltfast/Runtime/Scripts/Export/TextureComparer.cs
 0.1 kb	 0.0% Packages/com.unity.cloud.gltfast/Runtime/Scripts/Export/OrmImageExport.cs
 0.1 kb	 0.0% Packages/com.unity.cloud.gltfast/Runtime/Scripts/Export/MaterialExport.cs
 0.1 kb	 0.0% Packages/com.unity.cloud.gltfast/Runtime/Scripts/Export/ImageExportBase.cs
 0.1 kb	 0.0% Packages/com.unity.cloud.gltfast/Runtime/Scripts/Export/IMaterialExport.cs
 0.1 kb	 0.0% Packages/com.unity.cloud.gltfast/Runtime/Scripts/Export/IGltfWritable.cs
 0.1 kb	 0.0% Packages/com.unity.cloud.gltfast/Runtime/Scripts/Export/GameObjectExport.cs
 0.1 kb	 0.0% Packages/com.unity.cloud.gltfast/Runtime/Scripts/Export/ExportSettings.cs
 0.1 kb	 0.0% Packages/com.unity.burst/Runtime/Intrinsics/SimdDebugViews.cs
 0.1 kb	 0.0% Packages/com.unity.burst/Runtime/Editor/BurstReflection.cs
 0.1 kb	 0.0% Packages/com.unity.burst/Runtime/BurstCompilerOptions.cs
 0.1 kb	 0.0% Packages/com.unity.ai.inference/Runtime/Core/Tensor.cs
 0.1 kb	 0.0% Packages/com.unity.ai.inference/Runtime/Core/Serialization/SentisFlatBuffer/KernelCall.cs
 0.1 kb	 0.0% Packages/com.unity.ai.inference/Runtime/Core/Serialization/SentisFlatBuffer/Instruction.cs
 0.1 kb	 0.0% Packages/com.unity.ai.inference/Runtime/Core/Serialization/SentisFlatBuffer/FloatList.cs
 0.1 kb	 0.0% Packages/com.unity.ai.inference/Runtime/Core/Serialization/SentisFlatBuffer/DataSegment.cs
 0.1 kb	 0.0% Packages/com.unity.ai.inference/Runtime/Core/Random.cs
 0.1 kb	 0.0% Packages/com.unity.ai.inference/Runtime/Core/Model.cs
 0.1 kb	 0.0% Packages/com.unity.ai.inference/Runtime/Core/Logger.cs
 0.1 kb	 0.0% Packages/com.unity.ai.inference/Runtime/Core/Layers/Layer.cs
 0.1 kb	 0.0% Packages/com.unity.ai.inference/Runtime/Core/Layers/Constant.cs
 0.1 kb	 0.0% Packages/com.unity.ai.inference/Runtime/Core/Internals/Debug.cs
 0.1 kb	 0.0% Packages/com.unity.ai.inference/Runtime/Core/Backends/Worker.cs
 0.1 kb	 0.0% Packages/com.unity.ai.inference/Runtime/Core/Backends/OpsUtils.cs
 0.1 kb	 0.0% Packages/com.unity.ai.inference/Runtime/Core/Backends/IBackend.cs
 0.1 kb	 0.0% Packages/com.unity.ai.assistant/Modules/Unity.AI.Tracing/TraceCategories.cs
 0.1 kb	 0.0% Assets/com.unity.inputsystem@ea5ab5b33a26/InputSystem/Plugins/XR/Devices/Oculus.cs
 0.1 kb	 0.0% Assets/GameHub/Scripts/LLM/LLMFootballDriver.cs
 0.1 kb	 0.0% Assets/GameHub/Scripts/LLM/LLMCrossRoadDriver.cs
 0.1 kb	 0.0% Assets/GameHub/Scripts/GameModeSelection.cs
 0.1 kb	 0.0% Assets/GameHub/Scripts/CrossRoadHumanInput.cs
 0.1 kb	 0.0% Assets/Football/Scripts/PlayerPosition.cs
 0.1 kb	 0.0% Assets/Football/Scripts/FootballAgent.cs
 0.1 kb	 0.0% Assets/Football/Scripts/DumbHeuristic.cs
 0.1 kb	 0.0% Packages/com.unity.visualscripting/Runtime/VisualScripting.Flow/Unit.cs
 0.1 kb	 0.0% Packages/com.unity.visualscripting/Runtime/VisualScripting.Flow/Framework/This.cs
 0.1 kb	 0.0% Packages/com.unity.visualscripting/Runtime/VisualScripting.Flow/Framework/Nulls/Null.cs
 0.1 kb	 0.0% Packages/com.unity.visualscripting/Runtime/VisualScripting.Flow/Framework/Logic/Or.cs
 0.1 kb	 0.0% Packages/com.unity.visualscripting/Runtime/VisualScripting.Flow/Framework/Logic/Less.cs
 0.1 kb	 0.0% Packages/com.unity.visualscripting/Runtime/VisualScripting.Flow/Framework/Logic/And.cs
 0.1 kb	 0.0% Packages/com.unity.visualscripting/Runtime/VisualScripting.Flow/Framework/Control/Once.cs
 0.1 kb	 0.0% Packages/com.unity.visualscripting/Runtime/VisualScripting.Flow/Framework/Control/If.cs
 0.1 kb	 0.0% Packages/com.unity.visualscripting/Runtime/VisualScripting.Flow/Framework/Control/For.cs
 0.1 kb	 0.0% Packages/com.unity.visualscripting/Runtime/VisualScripting.Flow/Flow.cs
 0.1 kb	 0.0% Packages/com.unity.ugui/Runtime/TMP/TextMeshProUGUI.cs
 0.1 kb	 0.0% Packages/com.unity.ugui/Runtime/TMP/TextContainer.cs
 0.1 kb	 0.0% Packages/com.unity.ugui/Runtime/TMP/TMP_TextElement.cs
 0.1 kb	 0.0% Packages/com.unity.ugui/Runtime/TMP/TMP_SubMeshUI.cs
 0.1 kb	 0.0% Packages/com.unity.ugui/Runtime/TMP/TMP_StyleSheet.cs
 0.1 kb	 0.0% Packages/com.unity.ugui/Runtime/TMP/TMP_SpriteGlyph.cs
 0.1 kb	 0.0% Packages/com.unity.ugui/Runtime/TMP/TMP_SpriteAsset.cs
 0.1 kb	 0.0% Packages/com.unity.ugui/Runtime/TMP/TMP_InputField.cs
 0.1 kb	 0.0% Packages/com.unity.ugui/Runtime/TMP/TMP_FontAsset.cs
 0.1 kb	 0.0% Packages/com.unity.ugui/Runtime/TMP/TMP_CoroutineTween.cs
 0.1 kb	 0.0% Packages/com.unity.ugui/Runtime/TMP/TMP_Character.cs
 0.1 kb	 0.0% Packages/com.unity.timeline/Runtime/Utilities/TimelineUndo.cs
 0.1 kb	 0.0% Packages/com.unity.timeline/Runtime/Utilities/TimeUtility.cs
 0.1 kb	 0.0% Packages/com.unity.timeline/Runtime/Utilities/HashUtility.cs
 0.1 kb	 0.0% Packages/com.unity.timeline/Runtime/Utilities/BlendUtility.cs
 0.1 kb	 0.0% Packages/com.unity.timeline/Runtime/TrackAsset.cs
 0.1 kb	 0.0% Packages/com.unity.timeline/Runtime/TimelineClip.cs
 0.1 kb	 0.0% Packages/com.unity.timeline/Runtime/Playables/ITimeControl.cs
 0.1 kb	 0.0% Packages/com.unity.timeline/Runtime/ILayerable.cs
 0.1 kb	 0.0% Packages/com.unity.timeline/Runtime/GroupTrack.cs
 0.1 kb	 0.0% Packages/com.unity.timeline/Runtime/Events/Signals/SignalAsset.cs
 0.1 kb	 0.0% Packages/com.unity.timeline/Runtime/Events/SignalTrack.cs
 0.1 kb	 0.0% Packages/com.unity.timeline/Runtime/Events/MarkerTrack.cs
 0.1 kb	 0.0% Packages/com.unity.timeline/Runtime/Events/MarkerList.cs
 0.1 kb	 0.0% Packages/com.unity.timeline/Runtime/Evaluation/RuntimeClip.cs
 0.1 kb	 0.0% Packages/com.unity.timeline/Runtime/Evaluation/IntervalTree.cs
 0.1 kb	 0.0% Packages/com.unity.timeline/Runtime/DiscreteTime.cs
 0.1 kb	 0.0% Packages/com.unity.timeline/Runtime/Control/ControlTrack.cs
 0.1 kb	 0.0% Packages/com.unity.timeline/Runtime/Audio/AudioTrack.cs
 0.1 kb	 0.0% Packages/com.unity.timeline/Runtime/AssetUpgrade/ClipUpgrade.cs
 0.1 kb	 0.0% Packages/com.unity.timeline/Runtime/Animation/ICurvesOwner.cs
 0.1 kb	 0.0% Packages/com.unity.serialization/Runtime/Unity.Serialization/Json/Utility/Internal/Convert.cs
 0.1 kb	 0.0% Packages/com.unity.render-pipelines.universal/Shaders/Shaders.cs
 0.1 kb	 0.0% Packages/com.unity.ml-agents/Runtime/Integrations/Match3/Move.cs
 0.1 kb	 0.0% Packages/com.unity.mathematics/Unity.Mathematics/uint4x4.gen.cs
 0.1 kb	 0.0% Packages/com.unity.mathematics/Unity.Mathematics/uint4x3.gen.cs
 0.1 kb	 0.0% Packages/com.unity.mathematics/Unity.Mathematics/uint4x2.gen.cs
 0.1 kb	 0.0% Packages/com.unity.mathematics/Unity.Mathematics/uint4.gen.cs
 0.1 kb	 0.0% Packages/com.unity.mathematics/Unity.Mathematics/uint3x4.gen.cs
 0.1 kb	 0.0% Packages/com.unity.mathematics/Unity.Mathematics/uint3x3.gen.cs
 0.1 kb	 0.0% Packages/com.unity.mathematics/Unity.Mathematics/uint3x2.gen.cs
 0.1 kb	 0.0% Packages/com.unity.mathematics/Unity.Mathematics/uint3.gen.cs
 0.1 kb	 0.0% Packages/com.unity.mathematics/Unity.Mathematics/uint2x4.gen.cs
 0.1 kb	 0.0% Packages/com.unity.mathematics/Unity.Mathematics/uint2x3.gen.cs
 0.1 kb	 0.0% Packages/com.unity.mathematics/Unity.Mathematics/uint2x2.gen.cs
 0.1 kb	 0.0% Packages/com.unity.mathematics/Unity.Mathematics/uint2.gen.cs
 0.1 kb	 0.0% Packages/com.unity.mathematics/Unity.Mathematics/int4x4.gen.cs
 0.1 kb	 0.0% Packages/com.unity.mathematics/Unity.Mathematics/int4x3.gen.cs
 0.1 kb	 0.0% Packages/com.unity.mathematics/Unity.Mathematics/int4x2.gen.cs
 0.1 kb	 0.0% Packages/com.unity.mathematics/Unity.Mathematics/int3x4.gen.cs
 0.1 kb	 0.0% Packages/com.unity.mathematics/Unity.Mathematics/int3x3.gen.cs
 0.1 kb	 0.0% Packages/com.unity.mathematics/Unity.Mathematics/int3x2.gen.cs
 0.1 kb	 0.0% Packages/com.unity.mathematics/Unity.Mathematics/int2x4.gen.cs
 0.1 kb	 0.0% Packages/com.unity.mathematics/Unity.Mathematics/int2x3.gen.cs
 0.1 kb	 0.0% Packages/com.unity.mathematics/Unity.Mathematics/int2x2.gen.cs
 0.1 kb	 0.0% Packages/com.unity.mathematics/Unity.Mathematics/half4.gen.cs
 0.1 kb	 0.0% Packages/com.unity.mathematics/Unity.Mathematics/half3.gen.cs
 0.1 kb	 0.0% Packages/com.unity.mathematics/Unity.Mathematics/half2.gen.cs
 0.1 kb	 0.0% Packages/com.unity.mathematics/Unity.Mathematics/float4x4.gen.cs
 0.1 kb	 0.0% Packages/com.unity.mathematics/Unity.Mathematics/float4x3.gen.cs
 0.1 kb	 0.0% Packages/com.unity.mathematics/Unity.Mathematics/float4x2.gen.cs
 0.1 kb	 0.0% Packages/com.unity.mathematics/Unity.Mathematics/float4.gen.cs
 0.1 kb	 0.0% Packages/com.unity.mathematics/Unity.Mathematics/float3x4.gen.cs
 0.1 kb	 0.0% Packages/com.unity.mathematics/Unity.Mathematics/float3x3.gen.cs
 0.1 kb	 0.0% Packages/com.unity.mathematics/Unity.Mathematics/float3x2.gen.cs
 0.1 kb	 0.0% Packages/com.unity.mathematics/Unity.Mathematics/float3.gen.cs
 0.1 kb	 0.0% Packages/com.unity.mathematics/Unity.Mathematics/float2x4.gen.cs
 0.1 kb	 0.0% Packages/com.unity.mathematics/Unity.Mathematics/float2x3.gen.cs
 0.1 kb	 0.0% Packages/com.unity.mathematics/Unity.Mathematics/float2x2.gen.cs
 0.1 kb	 0.0% Packages/com.unity.mathematics/Unity.Mathematics/float2.gen.cs
 0.1 kb	 0.0% Packages/com.unity.mathematics/Unity.Mathematics/double4.gen.cs
 0.1 kb	 0.0% Packages/com.unity.mathematics/Unity.Mathematics/double3.gen.cs
 0.1 kb	 0.0% Packages/com.unity.mathematics/Unity.Mathematics/double2.gen.cs
 0.1 kb	 0.0% Packages/com.unity.mathematics/Unity.Mathematics/bool4x4.gen.cs
 0.1 kb	 0.0% Packages/com.unity.mathematics/Unity.Mathematics/bool4x3.gen.cs
 0.1 kb	 0.0% Packages/com.unity.mathematics/Unity.Mathematics/bool4x2.gen.cs
 0.1 kb	 0.0% Packages/com.unity.mathematics/Unity.Mathematics/bool4.gen.cs
 0.1 kb	 0.0% Packages/com.unity.mathematics/Unity.Mathematics/bool3x4.gen.cs
 0.1 kb	 0.0% Packages/com.unity.mathematics/Unity.Mathematics/bool3x3.gen.cs
 0.1 kb	 0.0% Packages/com.unity.mathematics/Unity.Mathematics/bool3x2.gen.cs
 0.1 kb	 0.0% Packages/com.unity.mathematics/Unity.Mathematics/bool3.gen.cs
 0.1 kb	 0.0% Packages/com.unity.mathematics/Unity.Mathematics/bool2x4.gen.cs
 0.1 kb	 0.0% Packages/com.unity.mathematics/Unity.Mathematics/bool2x3.gen.cs
 0.1 kb	 0.0% Packages/com.unity.mathematics/Unity.Mathematics/bool2x2.gen.cs
 0.1 kb	 0.0% Packages/com.unity.mathematics/Unity.Mathematics/bool2.gen.cs
 0.1 kb	 0.0% Packages/com.unity.mathematics/Unity.Mathematics/Noise/psrdnoise2D.cs
 0.1 kb	 0.0% Packages/com.unity.mathematics/Unity.Mathematics/Noise/noise3Dgrad.cs
 0.1 kb	 0.0% Packages/com.unity.mathematics/Unity.Mathematics/Noise/cellular3D.cs
 0.1 kb	 0.0% Packages/com.unity.mathematics/Unity.Mathematics/Noise/cellular2x2.cs
 0.1 kb	 0.0% Packages/com.unity.mathematics/Unity.Mathematics/Noise/cellular2D.cs
 0.1 kb	 0.0% Packages/com.unity.collections/Unity.Collections/xxHash3.AVX2.cs
 0.1 kb	 0.0% Packages/com.unity.cloud.gltfast/Runtime/Scripts/TextureDownload.cs
 0.1 kb	 0.0% Packages/com.unity.cloud.gltfast/Runtime/Scripts/Schema/FakeSchema/MeshPrimitive.cs
 0.1 kb	 0.0% Packages/com.unity.cloud.gltfast/Runtime/Scripts/Material/MaterialProperty.cs
 0.1 kb	 0.0% Packages/com.unity.burst/Runtime/Intrinsics/Arm/NEON_AArch64_rdma.cs
 0.1 kb	 0.0% Packages/com.unity.burst/Runtime/Intrinsics/Arm/NEON_AArch64_dotprod.cs
 0.1 kb	 0.0% Packages/com.unity.burst/Runtime/Intrinsics/Arm/NEON_AArch64_crypto.cs
 0.1 kb	 0.0% Packages/com.unity.ai.inference/Runtime/Core/Graph/Node.cs
 0.1 kb	 0.0% Packages/com.unity.ai.assistant/Modules/Unity.AI.Tracing/TraceTypes.cs
 0.1 kb	 0.0% Assets/com.unity.inputsystem@ea5ab5b33a26/InputSystem/Plugins/XR/Devices/GoogleVR.cs
 0.1 kb	 0.0% Assets/com.unity.inputsystem@ea5ab5b33a26/InputSystem/Editor/DownloadableSample.cs
 0.1 kb	 0.0% Assets/com.unity.inputsystem@ea5ab5b33a26/InputSystem/Devices/Sensor.cs
 0.1 kb	 0.0% Assets/com.unity.inputsystem@ea5ab5b33a26/InputSystem/Devices/Pointer.cs
 0.1 kb	 0.0% Assets/com.unity.inputsystem@ea5ab5b33a26/InputSystem/Devices/Mouse.cs
 0.1 kb	 0.0% Assets/com.unity.inputsystem@ea5ab5b33a26/InputSystem/Devices/Keyboard.cs
 0.1 kb	 0.0% Assets/com.unity.inputsystem@ea5ab5b33a26/InputSystem/Devices/Joystick.cs
 0.1 kb	 0.0% Assets/com.unity.inputsystem@ea5ab5b33a26/InputSystem/Devices/Gamepad.cs
 0.1 kb	 0.0% Packages/com.unity.ugui/Runtime/UGUI/UI/Core/Utility/VertexHelper.cs
 0.1 kb	 0.0% Packages/com.unity.ugui/Runtime/UGUI/UI/Core/ToggleGroup.cs
 0.1 kb	 0.0% Packages/com.unity.ugui/Runtime/UGUI/UI/Core/SpriteState.cs
 0.1 kb	 0.0% Packages/com.unity.ugui/Runtime/UGUI/UI/Core/Selectable.cs
 0.1 kb	 0.0% Packages/com.unity.ugui/Runtime/UGUI/UI/Core/Scrollbar.cs
 0.1 kb	 0.0% Packages/com.unity.ugui/Runtime/UGUI/UI/Core/ScrollRect.cs
 0.1 kb	 0.0% Packages/com.unity.ugui/Runtime/UGUI/UI/Core/RectMask2D.cs
 0.1 kb	 0.0% Packages/com.unity.ugui/Runtime/UGUI/UI/Core/Navigation.cs
 0.1 kb	 0.0% Packages/com.unity.ugui/Runtime/UGUI/UI/Core/Layout/LayoutGroup.cs
 0.1 kb	 0.0% Packages/com.unity.ugui/Runtime/UGUI/UI/Core/Layout/CanvasScaler.cs
 0.1 kb	 0.0% Packages/com.unity.ugui/Runtime/UGUI/UI/Core/InputField.cs
 0.1 kb	 0.0% Packages/com.unity.ugui/Runtime/UGUI/UI/Core/IMaskable.cs
 0.1 kb	 0.0% Packages/com.unity.ugui/Runtime/UGUI/UI/Core/ColorBlock.cs
 0.1 kb	 0.0% Packages/com.unity.ml-agents/Runtime/Utilities.cs
 0.1 kb	 0.0% Packages/com.unity.ml-agents/Runtime/Sensors/ISensor.cs
 0.1 kb	 0.0% Packages/com.unity.ml-agents/Runtime/Sampler.cs
 0.1 kb	 0.0% Packages/com.unity.ml-agents/Runtime/Policies/IPolicy.cs
 0.1 kb	 0.0% Packages/com.unity.mathematics/Unity.Mathematics/random.cs
 0.1 kb	 0.0% Packages/com.unity.mathematics/Unity.Mathematics/matrix.gen.cs
 0.1 kb	 0.0% Packages/com.unity.mathematics/Unity.Mathematics/matrix.cs
 0.1 kb	 0.0% Packages/com.unity.mathematics/Unity.Mathematics/Noise/noise4D.cs
 0.1 kb	 0.0% Packages/com.unity.mathematics/Unity.Mathematics/Noise/noise3D.cs
 0.1 kb	 0.0% Packages/com.unity.mathematics/Unity.Mathematics/Noise/noise2D.cs
 0.1 kb	 0.0% Packages/com.unity.mathematics/Unity.Mathematics/Noise/common.cs
 0.1 kb	 0.0% Packages/com.unity.collections/Unity.Collections/xxHash3.cs
 0.1 kb	 0.0% Packages/com.unity.collections/Unity.Collections/Unicode.cs
 0.1 kb	 0.0% Packages/com.unity.collections/Unity.Collections/Memory.cs
 0.1 kb	 0.0% Packages/com.unity.collections/Unity.Collections/Jobs/IJobFilter.cs
 0.1 kb	 0.0% Packages/com.unity.collections/Unity.Collections/BitField.cs
 0.1 kb	 0.0% Packages/com.unity.cloud.gltfast/Runtime/Scripts/VertexBufferColors.cs
 0.1 kb	 0.0% Packages/com.unity.cloud.gltfast/Runtime/Scripts/VertexBufferBones.cs
 0.1 kb	 0.0% Packages/com.unity.cloud.gltfast/Runtime/Scripts/SubMeshAssignment.cs
 0.1 kb	 0.0% Packages/com.unity.cloud.gltfast/Runtime/Scripts/Schema/TextureTransform.cs
 0.1 kb	 0.0% Packages/com.unity.cloud.gltfast/Runtime/Scripts/Schema/RootExtensions.cs
 0.1 kb	 0.0% Packages/com.unity.cloud.gltfast/Runtime/Scripts/Schema/MeshPrimitive.cs
 0.1 kb	 0.0% Packages/com.unity.cloud.gltfast/Runtime/Scripts/Schema/MaterialUnlit.cs
 0.1 kb	 0.0% Packages/com.unity.cloud.gltfast/Runtime/Scripts/Schema/MaterialTransmission.cs
 0.1 kb	 0.0% Packages/com.unity.cloud.gltfast/Runtime/Scripts/Schema/MaterialSpecular.cs
 0.1 kb	 0.0% Packages/com.unity.cloud.gltfast/Runtime/Scripts/Schema/MaterialClearCoat.cs
 0.1 kb	 0.0% Packages/com.unity.cloud.gltfast/Runtime/Scripts/Schema/LightsPunctual.cs
 0.1 kb	 0.0% Packages/com.unity.cloud.gltfast/Runtime/Scripts/Schema/LightPunctual.cs
 0.1 kb	 0.0% Packages/com.unity.cloud.gltfast/Runtime/Scripts/Schema/AnimationSampler.cs
 0.1 kb	 0.0% Packages/com.unity.cloud.gltfast/Runtime/Scripts/Schema/AnimationChannel.cs
 0.1 kb	 0.0% Packages/com.unity.cloud.gltfast/Runtime/Scripts/Schema/AccessorSparse.cs
 0.1 kb	 0.0% Packages/com.unity.cloud.gltfast/Runtime/Scripts/RenderPipelineUtils.cs
 0.1 kb	 0.0% Packages/com.unity.cloud.gltfast/Runtime/Scripts/PrimitivesComparer.cs
 0.1 kb	 0.0% Packages/com.unity.cloud.gltfast/Runtime/Scripts/PrimitiveComparer.cs
 0.1 kb	 0.0% Packages/com.unity.cloud.gltfast/Runtime/Scripts/Newtonsoft/Schema/Skin.cs
 0.1 kb	 0.0% Packages/com.unity.cloud.gltfast/Runtime/Scripts/Newtonsoft/Schema/Root.cs
 0.1 kb	 0.0% Packages/com.unity.cloud.gltfast/Runtime/Scripts/Newtonsoft/Schema/Node.cs
 0.1 kb	 0.0% Packages/com.unity.cloud.gltfast/Runtime/Scripts/Newtonsoft/Schema/Mesh.cs
 0.1 kb	 0.0% Packages/com.unity.cloud.gltfast/Runtime/Scripts/MeshGeneratorBase.cs
 0.1 kb	 0.0% Packages/com.unity.cloud.gltfast/Runtime/Scripts/Logging/ConsoleLogger.cs
 0.1 kb	 0.0% Packages/com.unity.cloud.gltfast/Runtime/Scripts/Logging/CollectingLogger.cs
 0.1 kb	 0.0% Packages/com.unity.cloud.gltfast/Runtime/Scripts/Loading/ITextureDownload.cs
 0.1 kb	 0.0% Packages/com.unity.cloud.gltfast/Runtime/Scripts/Loading/INativeDownload.cs
 0.1 kb	 0.0% Packages/com.unity.cloud.gltfast/Runtime/Scripts/ImageCreateContext.cs
 0.1 kb	 0.0% Packages/com.unity.cloud.gltfast/Runtime/Scripts/IMaterialProvider.cs
 0.1 kb	 0.0% Packages/com.unity.cloud.gltfast/Runtime/Scripts/Export/ImageExport.cs
 0.1 kb	 0.0% Packages/com.unity.cloud.gltfast/Runtime/Scripts/Export/IMeshData.cs
 0.1 kb	 0.0% Packages/com.unity.cloud.gltfast/Runtime/Scripts/Export/GltfWriter.cs
 0.1 kb	 0.0% Packages/com.unity.cloud.gltfast/Runtime/Scripts/Export/ExportJobs.cs
 0.1 kb	 0.0% Packages/com.unity.cloud.gltfast/Runtime/Scripts/Export/Constants.cs
 0.1 kb	 0.0% Packages/com.unity.cloud.gltfast/Runtime/Scripts/DontDestroyOnLoad.cs
 0.1 kb	 0.0% Packages/com.unity.cloud.gltfast/Runtime/Scripts/DefaultDeferAgent.cs
 0.1 kb	 0.0% Packages/com.unity.burst/Runtime/NoAliasAttribute.cs
 0.1 kb	 0.0% Packages/com.unity.burst/Runtime/FunctionPointer.cs
 0.1 kb	 0.0% Packages/com.unity.burst/Runtime/Editor/BurstLoader.cs
 0.1 kb	 0.0% Packages/com.unity.burst/Runtime/CompilerServices/Constant.cs
 0.1 kb	 0.0% Packages/com.unity.burst/Runtime/CompilerServices/Aliasing.cs
 0.1 kb	 0.0% Packages/com.unity.burst/Runtime/BurstString.Float.cs
 0.1 kb	 0.0% Packages/com.unity.burst/Runtime/BurstCompiler.cs
 0.1 kb	 0.0% Packages/com.unity.ai.inference/Runtime/Core/Serialization/SentisFlatBuffer/Tensor.cs
 0.1 kb	 0.0% Packages/com.unity.ai.inference/Runtime/Core/Serialization/SentisFlatBuffer/String.cs
 0.1 kb	 0.0% Packages/com.unity.ai.inference/Runtime/Core/Serialization/SentisFlatBuffer/Short.cs
 0.1 kb	 0.0% Packages/com.unity.ai.inference/Runtime/Core/Serialization/SentisFlatBuffer/Program.cs
 0.1 kb	 0.0% Packages/com.unity.ai.inference/Runtime/Core/Serialization/SentisFlatBuffer/Operator.cs
 0.1 kb	 0.0% Packages/com.unity.ai.inference/Runtime/Core/Serialization/SentisFlatBuffer/IntList.cs
 0.1 kb	 0.0% Packages/com.unity.ai.inference/Runtime/Core/Serialization/SentisFlatBuffer/Float.cs
 0.1 kb	 0.0% Packages/com.unity.ai.inference/Runtime/Core/Serialization/SentisFlatBuffer/EValue.cs
 0.1 kb	 0.0% Packages/com.unity.ai.inference/Runtime/Core/Serialization/SentisFlatBuffer/Chain.cs
 0.1 kb	 0.0% Packages/com.unity.ai.inference/Runtime/Core/Serialization/SentisFlatBuffer/Buffer.cs
 0.1 kb	 0.0% Packages/com.unity.ai.inference/Runtime/Core/Serialization/SentisFlatBuffer/BoolList.cs
 0.1 kb	 0.0% Packages/com.unity.ai.inference/Runtime/Core/Backends/Ops.cs
 0.1 kb	 0.0% Packages/com.unity.ai.assistant/Modules/Unity.AI.Tracing/TraceWriter.cs
 0.1 kb	 0.0% Packages/com.unity.ai.assistant/Modules/Unity.AI.Tracing/TraceLogger.cs
 0.1 kb	 0.0% Packages/com.unity.ai.assistant/Modules/Unity.AI.Tracing/TraceLogDir.cs
 0.1 kb	 0.0% Assets/com.unity.inputsystem@ea5ab5b33a26/InputSystem/Plugins/XR/Devices/OpenVR.cs
 0.1 kb	 0.0% Assets/com.unity.inputsystem@ea5ab5b33a26/InputSystem/Plugins/HID/HID.cs
 0.1 kb	 0.0% Assets/GameHub/Scripts/PuzzleHumanInput.cs
 0.1 kb	 0.0% Assets/GameHub/Scripts/ModelRegistry.cs
 0.1 kb	 0.0% Assets/GameHub/Scripts/LLM/LLMPuzzleDriver.cs
 0.1 kb	 0.0% Assets/GameHub/Scripts/LLM/LLMDriverBase.cs
 0.1 kb	 0.0% Assets/GameHub/Scripts/GameModeApplier.cs
 0.1 kb	 0.0% Assets/Football/Scripts/Initializer.cs
 0.1 kb	 0.0% Assets/Football/Scripts/CamRotate.cs
 0.1 kb	 0.0% Assets/Football/Scripts/BallEvent.cs
 0.1 kb	 0.0% Assets/Football/Scripts/AgentStats.cs
 0.1 kb	 0.0% Assets/Football/RenderTexture.renderTexture
 0.1 kb	 0.0% Assets/CrossTheRoad/Scripts/CrossTheRoadObstacle.cs
 0.1 kb	 0.0% Assets/CrossTheRoad/Scripts/CrossTheRoadAgent.cs
 0.1 kb	 0.0% Packages/com.unity.ugui/Runtime/UGUI/UI/Core/Culling/IClipRegion.cs
 0.1 kb	 0.0% Packages/com.unity.ugui/Runtime/TMP/TextMeshPro.cs
 0.1 kb	 0.0% Packages/com.unity.ugui/Runtime/TMP/TMP_TextInfo.cs
 0.1 kb	 0.0% Packages/com.unity.ugui/Runtime/TMP/TMP_SubMesh.cs
 0.1 kb	 0.0% Packages/com.unity.ugui/Runtime/TMP/TMP_Style.cs
 0.1 kb	 0.0% Packages/com.unity.ugui/Runtime/TMP/TMP_Sprite.cs
 0.1 kb	 0.0% Packages/com.unity.ugui/Runtime/TMP/TMP_Settings.cs
 0.1 kb	 0.0% Packages/com.unity.ugui/Runtime/TMP/TMP_MeshInfo.cs
 0.1 kb	 0.0% Packages/com.unity.ugui/Runtime/TMP/TMP_LineInfo.cs
 0.1 kb	 0.0% Packages/com.unity.ugui/Runtime/TMP/TMP_Dropdown.cs
 0.1 kb	 0.0% Packages/com.unity.ugui/Runtime/TMP/TMP_Asset.cs
 0.1 kb	 0.0% Packages/com.unity.ugui/Runtime/TMP/FastAction.cs
 0.1 kb	 0.0% Packages/com.unity.timeline/Runtime/ObjectId.cs
 0.1 kb	 0.0% Packages/com.unity.timeline/Runtime/Events/Marker.cs
 0.1 kb	 0.0% Packages/com.unity.timeline/Runtime/Events/IMarker.cs
 0.1 kb	 0.0% Packages/com.unity.ml-agents/Runtime/Timer.cs
 0.1 kb	 0.0% Packages/com.unity.mathematics/Unity.Mathematics/int4.gen.cs
 0.1 kb	 0.0% Packages/com.unity.mathematics/Unity.Mathematics/int3.gen.cs
 0.1 kb	 0.0% Packages/com.unity.mathematics/Unity.Mathematics/int2.gen.cs
 0.1 kb	 0.0% Packages/com.unity.cloud.gltfast/Runtime/Scripts/VertexStructs.cs
 0.1 kb	 0.0% Packages/com.unity.cloud.gltfast/Runtime/Scripts/Schema/GltfAnimation.cs
 0.1 kb	 0.0% Packages/com.unity.cloud.gltfast/Runtime/Scripts/Schema/FakeSchema/NamedObject.cs
 0.1 kb	 0.0% Packages/com.unity.cloud.gltfast/Runtime/Scripts/Material/Constants.cs
 0.1 kb	 0.0% Packages/com.unity.burst/Runtime/Intrinsics/Common.cs
 0.1 kb	 0.0% Packages/com.unity.burst/Runtime/Intrinsics/Arm/NEON_ctor.cs
 0.1 kb	 0.0% Packages/com.unity.burst/Runtime/Intrinsics/Arm/NEON_AArch64.cs
 0.1 kb	 0.0% Packages/com.unity.ai.assistant/Modules/Unity.AI.Tracing/TraceSinks.cs
 0.1 kb	 0.0% Assets/com.unity.inputsystem@ea5ab5b33a26/InputSystem/Devices/Pen.cs
 0.1 kb	 0.0% Packages/com.unity.ugui/Runtime/UGUI/UI/Core/VertexModifiers/Shadow.cs
 0.1 kb	 0.0% Packages/com.unity.ugui/Runtime/UGUI/UI/Core/VertexModifiers/Outline.cs
 0.1 kb	 0.0% Packages/com.unity.ugui/Runtime/UGUI/UI/Core/Toggle.cs
 0.1 kb	 0.0% Packages/com.unity.ugui/Runtime/UGUI/UI/Core/Slider.cs
 0.1 kb	 0.0% Packages/com.unity.ugui/Runtime/UGUI/UI/Core/RawImage.cs
 0.1 kb	 0.0% Packages/com.unity.ugui/Runtime/UGUI/UI/Core/Image.cs
 0.1 kb	 0.0% Packages/com.unity.ugui/Runtime/UGUI/UI/Core/IMask.cs
 0.1 kb	 0.0% Packages/com.unity.ugui/Runtime/UGUI/UI/Core/Graphic.cs
 0.1 kb	 0.0% Packages/com.unity.ugui/Runtime/UGUI/UI/Core/FontData.cs
 0.1 kb	 0.0% Packages/com.unity.ugui/Runtime/UGUI/UI/Core/Dropdown.cs
 0.1 kb	 0.0% Packages/com.unity.ugui/Runtime/UGUI/UI/Core/Culling/Clipping.cs
 0.1 kb	 0.0% Packages/com.unity.ugui/Runtime/UGUI/UI/Core/Button.cs
 0.1 kb	 0.0% Packages/com.unity.ml-agents/Runtime/Agent.cs
 0.1 kb	 0.0% Packages/com.unity.ml-agents/Runtime/Academy.cs
 0.1 kb	 0.0% Packages/com.unity.mathematics/Unity.Mathematics/svd.cs
 0.1 kb	 0.0% Packages/com.unity.mathematics/Unity.Mathematics/math.cs
 0.1 kb	 0.0% Packages/com.unity.mathematics/Unity.Mathematics/half.cs
 0.1 kb	 0.0% Packages/com.unity.cloud.gltfast/Runtime/Scripts/StreamExtension.cs
 0.1 kb	 0.0% Packages/com.unity.cloud.gltfast/Runtime/Scripts/Schema/TextureInfo.cs
 0.1 kb	 0.0% Packages/com.unity.cloud.gltfast/Runtime/Scripts/Schema/SpotLight.cs
 0.1 kb	 0.0% Packages/com.unity.cloud.gltfast/Runtime/Scripts/Schema/NamedObject.cs
 0.1 kb	 0.0% Packages/com.unity.cloud.gltfast/Runtime/Scripts/Schema/MaterialSheen.cs
 0.1 kb	 0.0% Packages/com.unity.cloud.gltfast/Runtime/Scripts/Schema/MaterialIor.cs
 0.1 kb	 0.0% Packages/com.unity.cloud.gltfast/Runtime/Scripts/Schema/JsonWriter.cs
 0.1 kb	 0.0% Packages/com.unity.cloud.gltfast/Runtime/Scripts/Schema/IBufferView.cs
 0.1 kb	 0.0% Packages/com.unity.cloud.gltfast/Runtime/Scripts/Schema/Constants.cs
 0.1 kb	 0.0% Packages/com.unity.cloud.gltfast/Runtime/Scripts/Schema/BufferView.cs
 0.1 kb	 0.0% Packages/com.unity.cloud.gltfast/Runtime/Scripts/RootExtension.cs
 0.1 kb	 0.0% Packages/com.unity.cloud.gltfast/Runtime/Scripts/NodeExtension.cs
 0.1 kb	 0.0% Packages/com.unity.cloud.gltfast/Runtime/Scripts/MeshGenerator.cs
 0.1 kb	 0.0% Packages/com.unity.cloud.gltfast/Runtime/Scripts/MeshAssignment.cs
 0.1 kb	 0.0% Packages/com.unity.cloud.gltfast/Runtime/Scripts/Logging/LogMessages.cs
 0.1 kb	 0.0% Packages/com.unity.cloud.gltfast/Runtime/Scripts/Logging/ICodeLogger.cs
 0.1 kb	 0.0% Packages/com.unity.cloud.gltfast/Runtime/Scripts/Loading/IDownload.cs
 0.1 kb	 0.0% Packages/com.unity.cloud.gltfast/Runtime/Scripts/ImportSettings.cs
 0.1 kb	 0.0% Packages/com.unity.cloud.gltfast/Runtime/Scripts/ImportAddons/ImportAddon.cs
 0.1 kb	 0.0% Packages/com.unity.cloud.gltfast/Runtime/Scripts/IInstantiator.cs
 0.1 kb	 0.0% Packages/com.unity.cloud.gltfast/Runtime/Scripts/IGltfReadable.cs
 0.1 kb	 0.0% Packages/com.unity.cloud.gltfast/Runtime/Scripts/GltfBoundsAsset.cs
 0.1 kb	 0.0% Packages/com.unity.cloud.gltfast/Runtime/Scripts/GltfAssetBase.cs
 0.1 kb	 0.0% Packages/com.unity.cloud.gltfast/Runtime/Scripts/AnimationUtils.cs
 0.1 kb	 0.0% Packages/com.unity.burst/Runtime/SharedStatic.cs
 0.1 kb	 0.0% Packages/com.unity.burst/Runtime/Intrinsics/x86/Ssse3.cs
 0.1 kb	 0.0% Packages/com.unity.burst/Runtime/Intrinsics/x86/Sse4_2.cs
 0.1 kb	 0.0% Packages/com.unity.burst/Runtime/Intrinsics/x86/Sse4_1.cs
 0.1 kb	 0.0% Packages/com.unity.burst/Runtime/Intrinsics/x86/Popcnt.cs
 0.1 kb	 0.0% Packages/com.unity.burst/Runtime/Intrinsics/x86/Common.cs
 0.1 kb	 0.0% Packages/com.unity.burst/Runtime/CompilerServices/Hint.cs
 0.1 kb	 0.0% Packages/com.unity.burst/Runtime/BurstString.cs
 0.1 kb	 0.0% Packages/com.unity.burst/Runtime/BurstRuntime.cs
 0.1 kb	 0.0% Packages/com.unity.ai.inference/Runtime/Core/Serialization/SentisFlatBuffer/Null.cs
 0.1 kb	 0.0% Packages/com.unity.ai.inference/Runtime/Core/Serialization/SentisFlatBuffer/Int.cs
 0.1 kb	 0.0% Packages/com.unity.ai.inference/Runtime/Core/Serialization/SentisFlatBuffer/EDim.cs
 0.1 kb	 0.0% Packages/com.unity.ai.inference/Runtime/Core/Serialization/SentisFlatBuffer/Byte.cs
 0.1 kb	 0.0% Packages/com.unity.ai.inference/Runtime/Core/Serialization/SentisFlatBuffer/Bool.cs
 0.1 kb	 0.0% Packages/com.unity.ai.assistant/Modules/Unity.AI.Tracing/Trace.cs
 0.1 kb	 0.0% Assets/GameHub/Scripts/UILineChart.cs
 0.1 kb	 0.0% Assets/GameHub/Scripts/UIBuilder.cs
 0.1 kb	 0.0% Assets/GameHub/Scripts/TrainingData.cs
 0.1 kb	 0.0% Assets/GameHub/Scripts/SwipeArea.cs
 0.1 kb	 0.0% Assets/GameHub/Scripts/Preview3D.cs
 0.1 kb	 0.0% Assets/GameHub/Scripts/OrbitInput.cs
 0.1 kb	 0.0% Assets/GameHub/Scripts/MainMenuUI.cs
 0.1 kb	 0.0% Assets/GameHub/Scripts/LLM/LLMConfig.cs
 0.1 kb	 0.0% Assets/GameHub/Scripts/LLM/LLMClient.cs
 0.1 kb	 0.0% Assets/GameHub/Scripts/InGameHUD.cs
 0.1 kb	 0.0% Assets/GameHub/Scripts/CameraFramer.cs
 0.1 kb	 0.0% Assets/Football/Scripts/TrailUI.cs
 0.1 kb	 0.0% Assets/Football/Scripts/Timer.cs
 0.1 kb	 0.0% Assets/Football/Scripts/StatsUI.cs
 0.1 kb	 0.0% Assets/Football/Scripts/SoundFX.cs
 0.1 kb	 0.0% Assets/CrossTheRoad/Scripts/CrossTheRoadGoal.cs
 0.1 kb	 0.0% Assets/CrossTheRoad/Scripts/CrossTheRoadCar.cs
 0.1 kb	 0.0% Assets/CrossTheRoad/Scripts/CarController.cs
 0.1 kb	 0.0% Assets/CrossTheRoad/Scripts/AgentAvoidance.cs
 0.1 kb	 0.0% Assets/Collaboration/Scripts/EnvController.cs
 0.1 kb	 0.0% Assets/Collaboration/Scripts/DetectTrigger.cs
 0.1 kb	 0.0% Assets/Collaboration/Scripts/DetectCollision.cs
 0.1 kb	 0.0% Packages/com.unity.ugui/Runtime/TMP/TMP_Text.cs
 0.1 kb	 0.0% Packages/com.unity.cloud.gltfast/Runtime/Scripts/Schema/GltfCamera.cs
 0.1 kb	 0.0% Packages/com.unity.cloud.gltfast/Runtime/Scripts/Schema/FakeSchema/Material.cs
 0.1 kb	 0.0% Packages/com.unity.cloud.gltfast/Runtime/Scripts/Extensions.cs
 0.1 kb	 0.0% Packages/com.unity.burst/Runtime/Intrinsics/x86/Sse3.cs
 0.1 kb	 0.0% Packages/com.unity.burst/Runtime/Intrinsics/x86/Sse2.cs
 0.1 kb	 0.0% Packages/com.unity.burst/Runtime/Intrinsics/x86/Sse.cs
 0.1 kb	 0.0% Packages/com.unity.burst/Runtime/Intrinsics/x86/Fma.cs
 0.1 kb	 0.0% Packages/com.unity.burst/Runtime/Intrinsics/x86/F16C.cs
 0.1 kb	 0.0% Packages/com.unity.burst/Runtime/Intrinsics/x86/Csr.cs
 0.1 kb	 0.0% Packages/com.unity.burst/Runtime/Intrinsics/x86/Bmi2.cs
 0.1 kb	 0.0% Packages/com.unity.burst/Runtime/Intrinsics/x86/Bmi1.cs
 0.1 kb	 0.0% Packages/com.unity.burst/Runtime/Intrinsics/x86/Avx2.cs
 0.1 kb	 0.0% Packages/com.unity.burst/Runtime/Intrinsics/x86/Avx.cs
 0.1 kb	 0.0% Packages/com.unity.burst/Runtime/Intrinsics/v64.cs
 0.1 kb	 0.0% Packages/com.unity.burst/Runtime/Intrinsics/v256.cs
 0.1 kb	 0.0% Packages/com.unity.burst/Runtime/Intrinsics/v128.cs
 0.1 kb	 0.0% Packages/com.unity.burst/Runtime/Intrinsics/Arm/NEON.cs
 0.1 kb	 0.0% Assets/com.unity.inputsystem@ea5ab5b33a26/InputSystem/Plugins/UI/UISupport.cs
 0.1 kb	 0.0% Packages/com.unity.ugui/Runtime/UGUI/UI/Core/Text.cs
 0.1 kb	 0.0% Packages/com.unity.ugui/Runtime/UGUI/UI/Core/Misc.cs
 0.1 kb	 0.0% Packages/com.unity.ugui/Runtime/UGUI/UI/Core/Mask.cs
 0.1 kb	 0.0% Packages/com.unity.cloud.gltfast/Runtime/Scripts/UvTransform.cs
 0.1 kb	 0.0% Packages/com.unity.cloud.gltfast/Runtime/Scripts/UriHelper.cs
 0.1 kb	 0.0% Packages/com.unity.cloud.gltfast/Runtime/Scripts/Schema/Texture.cs
 0.1 kb	 0.0% Packages/com.unity.cloud.gltfast/Runtime/Scripts/Schema/Scene.cs
 0.1 kb	 0.0% Packages/com.unity.cloud.gltfast/Runtime/Scripts/Schema/Sampler.cs
 0.1 kb	 0.0% Packages/com.unity.cloud.gltfast/Runtime/Scripts/Schema/Material.cs
 0.1 kb	 0.0% Packages/com.unity.cloud.gltfast/Runtime/Scripts/Schema/Image.cs
 0.1 kb	 0.0% Packages/com.unity.cloud.gltfast/Runtime/Scripts/Schema/Buffer.cs
 0.1 kb	 0.0% Packages/com.unity.cloud.gltfast/Runtime/Scripts/Schema/Asset.cs
 0.1 kb	 0.0% Packages/com.unity.cloud.gltfast/Runtime/Scripts/Schema/Accessor.cs
 0.1 kb	 0.0% Packages/com.unity.cloud.gltfast/Runtime/Scripts/SamplerKey.cs
 0.1 kb	 0.0% Packages/com.unity.cloud.gltfast/Runtime/Scripts/PrimitiveSet.cs
 0.1 kb	 0.0% Packages/com.unity.cloud.gltfast/Runtime/Scripts/MeshSubset.cs
 0.1 kb	 0.0% Packages/com.unity.cloud.gltfast/Runtime/Scripts/MeshResult.cs
 0.1 kb	 0.0% Packages/com.unity.cloud.gltfast/Runtime/Scripts/MeshOrder.cs
 0.1 kb	 0.0% Packages/com.unity.cloud.gltfast/Runtime/Scripts/MeshComparer.cs
 0.1 kb	 0.0% Packages/com.unity.cloud.gltfast/Runtime/Scripts/Mathematics.cs
 0.1 kb	 0.0% Packages/com.unity.cloud.gltfast/Runtime/Scripts/Jobs.cs
 0.1 kb	 0.0% Packages/com.unity.cloud.gltfast/Runtime/Scripts/IGltfBuffers.cs
 0.1 kb	 0.0% Packages/com.unity.cloud.gltfast/Runtime/Scripts/IDeferAgent.cs
 0.1 kb	 0.0% Packages/com.unity.cloud.gltfast/Runtime/Scripts/GltfImport.cs
 0.1 kb	 0.0% Packages/com.unity.cloud.gltfast/Runtime/Scripts/GltfGlobals.cs
 0.1 kb	 0.0% Packages/com.unity.cloud.gltfast/Runtime/Scripts/GltfAsset.cs
 0.1 kb	 0.0% Packages/com.unity.cloud.gltfast/Runtime/Scripts/GlbBinChunk.cs
 0.1 kb	 0.0% Assets/Football/Scripts/Util.cs
 0.1 kb	 0.0% Assets/Football/Scripts/Team.cs
 0.1 kb	 0.0% Assets/Football/Scripts/Tags.cs
 0.1 kb	 0.0% Assets/Football/Scripts/Ball.cs
 0.1 kb	 0.0% Assets/CrossTheRoad/Scripts/TargetMoving.cs
 0.1 kb	 0.0% Assets/CrossTheRoad/Scripts/PlayerAgent.cs
 0.1 kb	 0.0% Assets/CrossTheRoad/Scripts/CarObstacle.cs
 0.1 kb	 0.0% Assets/CrossTheRoad/Scripts/BaseAgent.cs
 0.1 kb	 0.0% Assets/Collaboration/Scripts/PuzzleAgent.cs
 0.1 kb	 0.0% Assets/Collaboration/Scripts/GUIManager.cs
 0.1 kb	 0.0% Packages/com.unity.cloud.gltfast/Runtime/Scripts/Schema/FakeSchema/Root.cs
 0.1 kb	 0.0% Packages/com.unity.cloud.gltfast/Runtime/Scripts/Schema/FakeSchema/Mesh.cs
 0.1 kb	 0.0% Packages/com.unity.cloud.gltfast/Runtime/Scripts/ushort3.cs
 0.1 kb	 0.0% Packages/com.unity.cloud.gltfast/Runtime/Scripts/short4.cs
 0.1 kb	 0.0% Packages/com.unity.cloud.gltfast/Runtime/Scripts/short3.cs
 0.1 kb	 0.0% Packages/com.unity.cloud.gltfast/Runtime/Scripts/sbyte4.cs
 0.1 kb	 0.0% Packages/com.unity.cloud.gltfast/Runtime/Scripts/sbyte3.cs
 0.1 kb	 0.0% Packages/com.unity.cloud.gltfast/Runtime/Scripts/byte3.cs
 0.1 kb	 0.0% Packages/com.unity.cloud.gltfast/Runtime/Scripts/Schema/Skin.cs
 0.1 kb	 0.0% Packages/com.unity.cloud.gltfast/Runtime/Scripts/Schema/Root.cs
 0.1 kb	 0.0% Packages/com.unity.cloud.gltfast/Runtime/Scripts/Schema/Node.cs
 0.1 kb	 0.0% Packages/com.unity.cloud.gltfast/Runtime/Scripts/Schema/Mesh.cs
 0.1 kb	 0.0% Assets/Football/Scripts/CamUI.cs
 0.1 kb	 0.0% Assets/CrossTheRoad/Scripts/CarSpots.cs
 0.1 kb	 0.0% Assets/CrossTheRoad/Scripts/CarGoal.cs
 0.1 kb	 0.0% Assets/CrossTheRoad/Scripts/CarAgent.cs
 0.1 kb	 0.0% Assets/Collaboration/TutorialInfo/Scripts/Readme.cs
 0.1 kb	 0.0% Assets/Collaboration/Scripts/OpenDoor.cs
 0.1 kb	 0.0% Assets/Resources/PerformanceTestRunSettings.json
 0.1 kb	 0.0% Assets/CrossTheRoad/AssetStore/Gridbox Prototype Materials/Resources/ProBuilder Data/Prototype Materials.asset
 0.0 kb	 0.0% Assets/Football/Football/LightingData.asset
 0.0 kb	 0.0% Assets/Football/Physics/Table.physicMaterial
 0.0 kb	 0.0% Assets/Football/Physics/Player.physicMaterial
 0.0 kb	 0.0% Assets/Football/Physics/Ball.physicMaterial
-------------------------------------------------------------------------------
Unloading 1 Unused Serialized files (Serialized files now loaded: 0)
Unloading 5081 unused Assets / (3.7 MB). Loaded Objects now: 11687.
Memory consumption went from 266.1 MB to 262.4 MB.
Total: 17.049900 ms (FindLiveObjects: 0.529700 ms CreateObjectMapping: 0.231100 ms MarkObjects: 13.799100 ms  DeleteObjects: 2.489300 ms)

DisplayProgressNotification: Build Successful
Build Finished, Result: Success.
##utp:{"type":"PlayerBuildInfo","version":2,"phase":"Immediate","time":1785214246620,"processId":15684,"steps":[{"description":"Preprocess Player","duration":98},{"description":"Prepare For Build","duration":5},{"description":"ProducePlayerScriptAssemblies","duration":1699},{"description":"Verify Build setup","duration":54},{"description":"Prepare assets for target platform","duration":2},{"description":"Prepare splash screen","duration":9},{"description":"Building scenes","duration":2075},{"description":"Build scripts DLLs","duration":27},{"description":"Build GlobalGameManagers file","duration":171},{"description":"Writing asset files","duration":1152316},{"description":"Building Resources/unity_builtin_extra","duration":356},{"description":"Write data build dirty tracking information","duration":403},{"description":"Postprocess built player","duration":10281}],"duration":1167496}
Unloading 0 Unused Serialized files (Serialized files now loaded: 0)
Loaded scene 'Temp/__Backupscenes/0.backup'
	Deserialize:            4.917 ms
	Integration:            216.342 ms
	Integration of assets:  0.002 ms
	Thread Wait Time:       0.014 ms
	Total Operation Time:   221.275 ms
Unloading 0 unused Assets / (32.6 KB). Loaded Objects now: 11677.
Memory consumption went from 255.3 MB to 255.3 MB.
Total: 13.180700 ms (FindLiveObjects: 0.403100 ms CreateObjectMapping: 0.188100 ms MarkObjects: 12.570600 ms  DeleteObjects: 0.018000 ms)

[HeadlessBuilder] FootballDiscrete: OK (279 MB, 1169s) → C:\Users\Admin\Documents\GitHub\GraduationProject\GraduationProject\Builds\FootballDiscrete\FootballDiscrete.exe
UnityEngine.Debug:ExtractStackTraceNoAlloc (byte*,int,string)
UnityEngine.StackTraceUtility:ExtractStackTrace ()
UnityEngine.DebugLogHandler:Internal_Log (UnityEngine.LogType,UnityEngine.LogOption,string,UnityEngine.Object)
UnityEngine.DebugLogHandler:LogFormat (UnityEngine.LogType,UnityEngine.Object,string,object[])
UnityEngine.Logger:Log (UnityEngine.LogType,object)
UnityEngine.Debug:Log (object)
GraduationProject.EditorTools.HeadlessBuilder:BuildAll (string[]) (at Assets/Editor/HeadlessBuilder.cs:140)
GraduationProject.EditorTools.HeadlessBuilder:BuildAllFromCommandLine () (at Assets/Editor/HeadlessBuilder.cs:90)

(Filename: Assets/Editor/HeadlessBuilder.cs Line: 140)

[HeadlessBuilder] Đã build xong toàn bộ vào C:\Users\Admin\Documents\GitHub\GraduationProject\GraduationProject\Builds
UnityEngine.Debug:ExtractStackTraceNoAlloc (byte*,int,string)
UnityEngine.StackTraceUtility:ExtractStackTrace ()
UnityEngine.DebugLogHandler:Internal_Log (UnityEngine.LogType,UnityEngine.LogOption,string,UnityEngine.Object)
UnityEngine.DebugLogHandler:LogFormat (UnityEngine.LogType,UnityEngine.Object,string,object[])
UnityEngine.Logger:Log (UnityEngine.LogType,object)
UnityEngine.Debug:Log (object)
GraduationProject.EditorTools.HeadlessBuilder:BuildAll (string[]) (at Assets/Editor/HeadlessBuilder.cs:155)
GraduationProject.EditorTools.HeadlessBuilder:BuildAllFromCommandLine () (at Assets/Editor/HeadlessBuilder.cs:90)

(Filename: Assets/Editor/HeadlessBuilder.cs Line: 155)

Killing ADB server in 2.0829343 seconds.
Start importing ProjectSettings/ProjectSettings.asset using Guid(00000000000000004000000000000000) (LibraryAssetImporter) -> (artifact id: 'a8f0e6b297cd05ab5cef2cd50de2ac1f') in 0.0018423 seconds
Refreshing native plugins compatible for Editor in 3.17 ms, found 6 plugins.
Preloading 1 native plugins for Editor in 0.08 ms.
Asset Pipeline Refresh (id=1ff1a1dcb4650354894e50dd02b48767): Total: 0.025 seconds - Initiated by StopAssetImportingV2(NoUpdateAssetOptions)
[Physics::Module] Cleanup current backend.
[Physics::Module] Id: 0xf2b8ea05
Input System module state changed to: ShutdownInProgress.
Input System polling thread exited.
Input System module state changed to: Shutdown.
[Licensing::IpcConnector] LicenseClient-Admin-6000.3.14-notifications channel disconnected successfully.
[Licensing::IpcConnector] LicenseClient-Admin-6000.3.14 channel disconnected successfully.
AcceleratorClientConnectionCallback - disconnected - :0
Cleanup mono
Checking for leaked weakptr:
  Found no leaked weakptrs.
[Package Manager] Server process was shutdown
Internal: There are remaining Allocations on the JobTempAlloc. This is a leak, and will impact performance
To Debug, run app with -diag-job-temp-memory-leak-validation cmd line argument. This will output the callstacks of the leaked allocations.
Internal: There are remaining Allocations on the JobTempAlloc. This is a leak, and will impact performance
To Debug, run app with -diag-job-temp-memory-leak-validation cmd line argument. This will output the callstacks of the leaked allocations.
##utp:{"type":"MemoryLeaks","version":2,"phase":"Immediate","time":1785214252291,"processId":15684,"allocatedMemory":19629019,"memoryLabels":[{"Default":29313},{"Permanent":15236},{"NewDelete":71547},{"Thread":4230344},{"Manager":39645},{"VertexData":8},{"Geometry":816},{"Texture":160},{"Shader":235029},{"Material":24},{"GfxDevice":55865},{"Animation":392},{"Audio":3040},{"FreeType":8},{"FontEngine":736},{"Physics":2090},{"Physics2D":16},{"Input":14984},{"JobScheduler":33024},{"TextLib":216},{"Mono":32},{"MonoCode":768},{"ScriptingNativeRuntime":155060},{"BaseObject":1620336},{"Resource":1336},{"Renderer":3000},{"Transform":4685},{"File":6866},{"WebCam":616},{"Culling":32},{"Terrain":11394},{"Wind":24},{"STL":40},{"String":19392},{"DynamicArray":127151},{"HashMap":96575},{"Utility":2661366},{"Curl":2559},{"PoolAlloc":2872},{"AI":80},{"TypeTree":5341},{"ScriptManager":512},{"RuntimeInitializeOnLoadManager":64},{"SpriteAtlas":112},{"GI":7792},{"Director":8240},{"CloudService":8496},{"WebRequest":14498},{"VR":47994},{"SceneManager":504},{"Video":64},{"LazyScriptCache":32},{"Camera":17},{"Secure":2113},{"SerializationCache":1576},{"APIUpdating":10320},{"Subsystems":336},{"VirtualTexturing":57888},{"StaticSafetyDebugInfo":278528},{"Analytics":384},{"Hierarchy":608},{"CoreStats":13032},{"Identifiers":12960},{"Gui":96},{"EditorUtility":118722},{"VersionControl":4},{"Undo":947},{"AssetDatabase":9546312},{"EditorGi":328},{"UnityConnect":29208},{"Upm":1896},{"AssetCompliance":64},{"DrivenProperties":72},{"LocalIPC":211},{"ProfilerEditor":9746},{"CoreBusinessMetrics":2877},{"Licensing":664},{"AssetReference":32},{"IPCStream":32}]}
