[Licensing::Module] Trying to connect to existing licensing client channel...
Built from '6000.3/staging' branch; Version is '6000.3.14f1 (d68c3f99a318) revision 14060607'; Using compiler version '194234433'; Build Type 'Release'
[Licensing::IpcConnector] Successfully connected to: "LicenseClient-vanhu" at "2026-07-27T16:55:30.1591669Z"
OS: 'Windows 11  (10.0.22631) CoreSingleLanguage' Language: 'en' Physical Memory: 16068 MB
BatchMode: 1, IsHumanControllingUs: 0, StartBugReporterOnCrash: 0, Is64bit: 1
System  architecture: x64
Process architecture: x64
Date: 2026-07-27T16:55:30Z
[Licensing::Client] Code 10 while verifying Licensing Client signature (process Id: 130056, path: "C:/Program Files/Unity Hub/UnityLicensingClient_V1/Unity.Licensing.Client.exe")
[Licensing::Module] LicensingClient has failed validation; ignoring
[Licensing::Client] Error: HandshakeResponse reported an error:
	ResponseCode: 505
	ResponseStatus: Unsupported protocol version '1.18.1'.
[Licensing::Module] Error: Failed to handshake to channel: "LicenseClient-vanhu"
[Licensing::IpcConnector] LicenseClient-vanhu channel disconnected successfully.
[Licensing::IpcConnector] Channel LicenseClient-vanhu-6000.3.14 doesn't exist
[Licensing::Module] Successfully launched the LicensingClient (PId: 120720)

COMMAND LINE ARGUMENTS:
C:\Program Files\Unity\Hub\Editor\6000.3.14f1\Editor\Unity.exe
-batchmode
-nographics
-projectPath
C:\Program1\Code\Unity\GraduationProject\GraduationProject
-executeMethod
GraduationProject.EditorTools.HeadlessBuilder.BuildAllFromCommandLine
-logFile
C:\Program1\Code\Unity\GraduationProject\GraduationProject\training_logs\unity_build_20260727_235530.log
Successfully changed project path to: C:\Program1\Code\Unity\GraduationProject\GraduationProject
C:/Program1/Code/Unity/GraduationProject/GraduationProject
[UnityMemory] Configuration Parameters - Can be set up in boot.config
    "memorysetup-temp-allocator-size-nav-mesh-worker=65536"
    "memorysetup-temp-allocator-size-audio-worker=65536"
    "memorysetup-temp-allocator-size-gfx=262144"
    "memorysetup-allocator-temp-initial-block-size-main=262144"
    "memorysetup-allocator-temp-initial-block-size-worker=262144"
    "memorysetup-temp-allocator-size-background-worker=32768"
    "memorysetup-temp-allocator-size-job-worker=262144"
    "memorysetup-temp-allocator-size-preload-manager=33554432"
    "memorysetup-temp-allocator-size-gi-baking-worker=262144"
    "memorysetup-temp-allocator-size-gi-baking-worker=262144"
    "memorysetup-temp-allocator-size-gi-baking-worker=262144"
    "memorysetup-temp-allocator-size-gi-baking-worker=262144"
    "memorysetup-temp-allocator-size-gi-baking-worker=262144"
    "memorysetup-bucket-allocator-granularity=16"
    "memorysetup-bucket-allocator-bucket-count=8"
    "memorysetup-bucket-allocator-block-size=33554432"
    "memorysetup-bucket-allocator-block-count=8"
    "memorysetup-main-allocator-block-size=16777216"
    "memorysetup-thread-allocator-block-size=16777216"
    "memorysetup-gfx-main-allocator-block-size=16777216"
    "memorysetup-gfx-thread-allocator-block-size=16777216"
    "memorysetup-cache-allocator-block-size=4194304"
    "memorysetup-typetree-allocator-block-size=2097152"
    "memorysetup-profiler-bucket-allocator-granularity=16"
    "memorysetup-profiler-bucket-allocator-bucket-count=8"
    "memorysetup-profiler-bucket-allocator-block-size=33554432"
    "memorysetup-profiler-bucket-allocator-block-count=8"
    "memorysetup-profiler-allocator-block-size=16777216"
    "memorysetup-profiler-editor-allocator-block-size=1048576"
    "memorysetup-temp-allocator-size-main=16777216"
    "memorysetup-job-temp-allocator-block-size=2097152"
    "memorysetup-job-temp-allocator-block-size-background=1048576"
    "memorysetup-job-temp-allocator-reduction-small-platforms=262144"
    "memorysetup-temp-allocator-size-cloud-worker=32768"
Player connection [89888]  Target information:

Player connection [89888]  * "[IP] 192.168.1.148 [Port] 55504 [Flags] 2 [Guid] 1255262869 [EditorId] 1255262869 [Version] 1048832 [Id] WindowsEditor(7,DESKTOP-NCLNVBL) [Debug] 1 [PackageName] WindowsEditor [ProjectName] Editor" 

Player connection [89888] Host joined multi-casting on [225.0.0.222:54997]...
Player connection [89888] Host joined alternative multi-casting on [225.0.0.222:34997]...
Input System module state changed to: Initialized.
[Physics::Module] Initialized fallback backend.
[Physics::Module] Id: 0xdecafbad
[Licensing::IpcConnector] Successfully connected to: "LicenseClient-vanhu-6000.3.14" at "2026-07-27T16:55:30.5689658Z"
[Package Manager] Connected to IPC stream "Upm-116572" after 0.3 seconds.
[Licensing::Module] Licensing is not yet initialized.
[Licensing::Client] Handshaking with LicensingClient:
  Version:                 1.18.1+9fbee8e
  Session Id:              b886918007e848beb24b88f673d0e233
  Correlation Id:          595ac726a665b137487b8ea37df3b258
  External correlation Id: 5271313160582250939
  Machine Id:              DwkoCvQF5mcqgSUgdlbgxRxWakg=
[Licensing::Module] Successfully connected to LicensingClient on channel: "LicenseClient-vanhu-6000.3.14" (connect: 0.37s, validation: 0.04s, handshake: 0.77s)
[Licensing::IpcConnector] Successfully connected to: "LicenseClient-vanhu-6000.3.14-notifications" at "2026-07-27T16:55:31.3851557Z"
[Licensing::Module] Connected to LicensingClient (PId: 120720, launch time: 0.00, total connection time: 1.19s)
[Licensing::Module] Error: Access token is unavailable; failed to update
[Licensing::Client] Successfully resolved entitlement details
[Licensing::Module] License group:
  Id: 18967721460531-UnityPersXXXX
  Product: Unity Personal
  Type: Assigned
  Expiration: Unlimited
[Licensing::Client] Successfully updated license, isAsync: True, time: 0.01
[Licensing::Client] Successfully resolved entitlement details
[Licensing::Module] Licensing Background thread has ended after 1.25s
[Licensing::Module] Licensing is initialized (took 0.65s).
[Licensing::Client] Successfully resolved entitlement details
Library Redirect Path: Library/
[Physics::Module] Selected backend.
[Physics::Module] Name: PhysX
[Physics::Module] Id: 0xf2b8ea05
[Physics::Module] SDK Version: 4.1.2
[Physics::Module] Integration Version: 1.0.0
[Physics::Module] Threading Mode: Multi-Threaded
Artifact Garbage Collection - Removed 3 unused hashed content files
Refreshing native plugins compatible for Editor in 0.78 ms, found 0 plugins.
Preloading 0 native plugins for Editor in 0.00 ms.
Initialize engine version: 6000.3.14f1 (d68c3f99a318)
[Subsystems] Discovering subsystems at path C:/Program Files/Unity/Hub/Editor/6000.3.14f1/Editor/Data/Resources/UnitySubsystems
[Subsystems] Discovering subsystems at path C:/Program1/Code/Unity/GraduationProject/GraduationProject/Assets
Forcing GfxDevice: Null
GfxDevice: creating device client; kGfxThreadingModeNonThreaded
NullGfxDevice:
    Version:  NULL 1.0 [1.0]
    Renderer: Null Device
    Vendor:   Unity Technologies
Initialize mono
Mono path[0] = 'C:/Program Files/Unity/Hub/Editor/6000.3.14f1/Editor/Data/Managed'
Mono path[1] = 'C:/Program Files/Unity/Hub/Editor/6000.3.14f1/Editor/Data/MonoBleedingEdge/lib/mono/unityjit-win32'
Mono config path = 'C:/Program Files/Unity/Hub/Editor/6000.3.14f1/Editor/Data/MonoBleedingEdge/etc'
Using monoOptions --debugger-agent=transport=dt_socket,embedding=1,server=y,suspend=n,address=127.0.0.1:56572
Using cacheserver namespaces - metadata:defaultmetadata, artifacts:defaultartifacts
Using cacheserver namespaces - metadata:defaultmetadata, artifacts:defaultartifacts
ImportWorker Server TCP listen port: 0
AcceleratorClientConnectionCallback - disconnected - :0
Begin MonoManager ReloadAssembly
Registering precompiled unity dll's ...
Register platform support module: C:/Program Files/Unity/Hub/Editor/6000.3.14f1/Editor/Data/PlaybackEngines/WindowsStandaloneSupport/UnityEditor.WindowsStandalone.Extensions.dll
[Licensing::Client] Successfully resolved entitlement details
Register platform support module: C:/Program Files/Unity/Hub/Editor/6000.3.14f1/Editor/Data/PlaybackEngines/AndroidPlayer/UnityEditor.Android.Extensions.dll
[Licensing::Client] Successfully resolved entitlement details
Register platform support module: C:/Program Files/Unity/Hub/Editor/6000.3.14f1/Editor/Data/PlaybackEngines/iOSSupport/UnityEditor.iOS.Extensions.dll
Registered in 0.006818 seconds.
- Loaded All Assemblies, in  0.351 seconds
Native extension for iOS target not found
Native extension for Android target not found
Native extension for WindowsStandalone target not found
Package Manager log level set to [2]
ScheduleIndexationOnStartup MainProcess:False IndexOnStartup:True
Mono: successfully reloaded assembly
- Finished resetting the current domain, in  0.360 seconds
Domain Reload Profiling: 710ms
	BeginReloadAssembly (118ms)
		ExecutionOrderSort (0ms)
		DisableScriptedObjects (0ms)
		BackupInstance (0ms)
		ReleaseScriptingObjects (0ms)
		CreateAndSetChildDomain (14ms)
	RebuildCommonClasses (31ms)
	RebuildNativeTypeToScriptingClass (12ms)
	initialDomainReloadingComplete (42ms)
	LoadAllAssembliesAndSetupDomain (147ms)
		LoadAssemblies (104ms)
		RebuildTransferFunctionScriptingTraits (0ms)
		AnalyzeDomain (143ms)
			TypeCache.Refresh (142ms)
				TypeCache.ScanAssembly (129ms)
			BuildScriptInfoCaches (0ms)
			ResolveRequiredComponents (0ms)
	FinalizeReload (360ms)
		ReleaseScriptCaches (0ms)
		RebuildScriptCaches (0ms)
		SetupLoadedEditorAssemblies (326ms)
			LogAssemblyErrors (0ms)
			InitializePlatformSupportModulesInManaged (53ms)
			SetLoadedEditorAssemblies (4ms)
			BeforeProcessingInitializeOnLoad (74ms)
			ProcessInitializeOnLoadAttributes (118ms)
			ProcessInitializeOnLoadMethodAttributes (77ms)
			AfterProcessingInitializeOnLoad (0ms)
			EditorAssembliesLoaded (0ms)
		ExecutionOrderSort2 (0ms)
		AwakeInstancesAfterBackupRestoration (0ms)
[Licensing::Client] Successfully resolved entitlement details
Application.AssetDatabase Initial Refresh Start
[Package Manager] Restoring resolved packages state from cache
[Licensing::Client] Successfully resolved entitlement details
[Package Manager] Registered 68 packages:
  Packages from [https://packages.unity.com]:
    com.unity.ai.assistant@2.6.0-pre.1 (location: C:\Program1\Code\Unity\GraduationProject\GraduationProject\Library\PackageCache\com.unity.ai.assistant@fc16ca46e208)
    com.unity.ai.inference@2.6.1 (location: C:\Program1\Code\Unity\GraduationProject\GraduationProject\Library\PackageCache\com.unity.ai.inference@9a123aee5df7)
    com.unity.collab-proxy@2.12.4 (location: C:\Program1\Code\Unity\GraduationProject\GraduationProject\Library\PackageCache\com.unity.collab-proxy@0b1559bcd34e)
    com.unity.ml-agents@4.0.2 (location: C:\Program1\Code\Unity\GraduationProject\GraduationProject\Library\PackageCache\com.unity.ml-agents@0f918b8a6271)
    com.unity.timeline@1.8.12 (location: C:\Program1\Code\Unity\GraduationProject\GraduationProject\Library\PackageCache\com.unity.timeline@8cd8509afae5)
    com.unity.visualscripting@1.9.11 (location: C:\Program1\Code\Unity\GraduationProject\GraduationProject\Library\PackageCache\com.unity.visualscripting@8bed5ad90189)
    com.unity.ide.visualstudio@2.0.26 (location: C:\Program1\Code\Unity\GraduationProject\GraduationProject\Library\PackageCache\com.unity.ide.visualstudio@a99d56dec63f)
    com.unity.ide.rider@3.0.39 (location: C:\Program1\Code\Unity\GraduationProject\GraduationProject\Library\PackageCache\com.unity.ide.rider@4504839d03f7)
    com.unity.editorcoroutines@1.1.0 (location: C:\Program1\Code\Unity\GraduationProject\GraduationProject\Library\PackageCache\com.unity.editorcoroutines@87a15ed012c2)
    com.unity.performance.profile-analyzer@1.3.3 (location: C:\Program1\Code\Unity\GraduationProject\GraduationProject\Library\PackageCache\com.unity.performance.profile-analyzer@10347e9ce886)
    com.unity.testtools.codecoverage@1.3.0 (location: C:\Program1\Code\Unity\GraduationProject\GraduationProject\Library\PackageCache\com.unity.testtools.codecoverage@19a841221620)
    com.unity.burst@1.8.29 (location: C:\Program1\Code\Unity\GraduationProject\GraduationProject\Library\PackageCache\com.unity.burst@6bb9aca3ef38)
    com.unity.dt.app-ui@2.1.1 (location: C:\Program1\Code\Unity\GraduationProject\GraduationProject\Library\PackageCache\com.unity.dt.app-ui@8ac7e730dd5d)
    com.unity.collections@2.6.5 (location: C:\Program1\Code\Unity\GraduationProject\GraduationProject\Library\PackageCache\com.unity.collections@12999e356c23)
    com.unity.nuget.newtonsoft-json@3.2.2 (location: C:\Program1\Code\Unity\GraduationProject\GraduationProject\Library\PackageCache\com.unity.nuget.newtonsoft-json@4dfd81071c64)
    com.unity.mathematics@1.3.3 (location: C:\Program1\Code\Unity\GraduationProject\GraduationProject\Library\PackageCache\com.unity.mathematics@19a9377c4ffa)
    com.unity.cloud.gltfast@6.14.1 (location: C:\Program1\Code\Unity\GraduationProject\GraduationProject\Library\PackageCache\com.unity.cloud.gltfast@0847aee0f6da)
    com.unity.serialization@3.1.3 (location: C:\Program1\Code\Unity\GraduationProject\GraduationProject\Library\PackageCache\com.unity.serialization@7725fb70c685)
    com.unity.searcher@4.9.4 (location: C:\Program1\Code\Unity\GraduationProject\GraduationProject\Library\PackageCache\com.unity.searcher@d45a78918735)
    com.unity.settings-manager@2.1.1 (location: C:\Program1\Code\Unity\GraduationProject\GraduationProject\Library\PackageCache\com.unity.settings-manager@0b8638c5ce86)
    com.unity.nuget.mono-cecil@1.11.6 (location: C:\Program1\Code\Unity\GraduationProject\GraduationProject\Library\PackageCache\com.unity.nuget.mono-cecil@ecb9724e46ff)
    com.unity.test-framework.performance@3.4.0 (location: C:\Program1\Code\Unity\GraduationProject\GraduationProject\Library\PackageCache\com.unity.test-framework.performance@aa81a99c4a75)
  Built-in packages:
    com.unity.feature.development@1.0.2 (location: C:\Program1\Code\Unity\GraduationProject\GraduationProject\Library\PackageCache\com.unity.feature.development@767aadbc6eb7)
    com.unity.multiplayer.center@1.0.1 (location: C:\Program1\Code\Unity\GraduationProject\GraduationProject\Library\PackageCache\com.unity.multiplayer.center@f01f4ba8d00a)
    com.unity.render-pipelines.universal@17.3.0 (location: C:\Program1\Code\Unity\GraduationProject\GraduationProject\Library\PackageCache\com.unity.render-pipelines.universal@3b809f23691d)
    com.unity.ugui@2.0.0 (location: C:\Program1\Code\Unity\GraduationProject\GraduationProject\Library\PackageCache\com.unity.ugui@8ccc29d23a79)
    com.unity.modules.accessibility@1.0.0 (location: C:\Program1\Code\Unity\GraduationProject\GraduationProject\Library\PackageCache\com.unity.modules.accessibility)
    com.unity.modules.adaptiveperformance@1.0.0 (location: C:\Program1\Code\Unity\GraduationProject\GraduationProject\Library\PackageCache\com.unity.modules.adaptiveperformance)
    com.unity.modules.ai@1.0.0 (location: C:\Program1\Code\Unity\GraduationProject\GraduationProject\Library\PackageCache\com.unity.modules.ai)
    com.unity.modules.androidjni@1.0.0 (location: C:\Program1\Code\Unity\GraduationProject\GraduationProject\Library\PackageCache\com.unity.modules.androidjni)
    com.unity.modules.animation@1.0.0 (location: C:\Program1\Code\Unity\GraduationProject\GraduationProject\Library\PackageCache\com.unity.modules.animation)
    com.unity.modules.assetbundle@1.0.0 (location: C:\Program1\Code\Unity\GraduationProject\GraduationProject\Library\PackageCache\com.unity.modules.assetbundle)
    com.unity.modules.audio@1.0.0 (location: C:\Program1\Code\Unity\GraduationProject\GraduationProject\Library\PackageCache\com.unity.modules.audio)
    com.unity.modules.cloth@1.0.0 (location: C:\Program1\Code\Unity\GraduationProject\GraduationProject\Library\PackageCache\com.unity.modules.cloth)
    com.unity.modules.director@1.0.0 (location: C:\Program1\Code\Unity\GraduationProject\GraduationProject\Library\PackageCache\com.unity.modules.director)
    com.unity.modules.imageconversion@1.0.0 (location: C:\Program1\Code\Unity\GraduationProject\GraduationProject\Library\PackageCache\com.unity.modules.imageconversion)
    com.unity.modules.imgui@1.0.0 (location: C:\Program1\Code\Unity\GraduationProject\GraduationProject\Library\PackageCache\com.unity.modules.imgui)
    com.unity.modules.jsonserialize@1.0.0 (location: C:\Program1\Code\Unity\GraduationProject\GraduationProject\Library\PackageCache\com.unity.modules.jsonserialize)
    com.unity.modules.particlesystem@1.0.0 (location: C:\Program1\Code\Unity\GraduationProject\GraduationProject\Library\PackageCache\com.unity.modules.particlesystem)
    com.unity.modules.physics@1.0.0 (location: C:\Program1\Code\Unity\GraduationProject\GraduationProject\Library\PackageCache\com.unity.modules.physics)
    com.unity.modules.physics2d@1.0.0 (location: C:\Program1\Code\Unity\GraduationProject\GraduationProject\Library\PackageCache\com.unity.modules.physics2d)
    com.unity.modules.screencapture@1.0.0 (location: C:\Program1\Code\Unity\GraduationProject\GraduationProject\Library\PackageCache\com.unity.modules.screencapture)
    com.unity.modules.terrain@1.0.0 (location: C:\Program1\Code\Unity\GraduationProject\GraduationProject\Library\PackageCache\com.unity.modules.terrain)
    com.unity.modules.terrainphysics@1.0.0 (location: C:\Program1\Code\Unity\GraduationProject\GraduationProject\Library\PackageCache\com.unity.modules.terrainphysics)
    com.unity.modules.tilemap@1.0.0 (location: C:\Program1\Code\Unity\GraduationProject\GraduationProject\Library\PackageCache\com.unity.modules.tilemap)
    com.unity.modules.ui@1.0.0 (location: C:\Program1\Code\Unity\GraduationProject\GraduationProject\Library\PackageCache\com.unity.modules.ui)
    com.unity.modules.uielements@1.0.0 (location: C:\Program1\Code\Unity\GraduationProject\GraduationProject\Library\PackageCache\com.unity.modules.uielements)
    com.unity.modules.umbra@1.0.0 (location: C:\Program1\Code\Unity\GraduationProject\GraduationProject\Library\PackageCache\com.unity.modules.umbra)
    com.unity.modules.unityanalytics@1.0.0 (location: C:\Program1\Code\Unity\GraduationProject\GraduationProject\Library\PackageCache\com.unity.modules.unityanalytics)
    com.unity.modules.unitywebrequest@1.0.0 (location: C:\Program1\Code\Unity\GraduationProject\GraduationProject\Library\PackageCache\com.unity.modules.unitywebrequest)
    com.unity.modules.unitywebrequestassetbundle@1.0.0 (location: C:\Program1\Code\Unity\GraduationProject\GraduationProject\Library\PackageCache\com.unity.modules.unitywebrequestassetbundle)
    com.unity.modules.unitywebrequestaudio@1.0.0 (location: C:\Program1\Code\Unity\GraduationProject\GraduationProject\Library\PackageCache\com.unity.modules.unitywebrequestaudio)
    com.unity.modules.unitywebrequesttexture@1.0.0 (location: C:\Program1\Code\Unity\GraduationProject\GraduationProject\Library\PackageCache\com.unity.modules.unitywebrequesttexture)
    com.unity.modules.unitywebrequestwww@1.0.0 (location: C:\Program1\Code\Unity\GraduationProject\GraduationProject\Library\PackageCache\com.unity.modules.unitywebrequestwww)
    com.unity.modules.vectorgraphics@1.0.0 (location: C:\Program1\Code\Unity\GraduationProject\GraduationProject\Library\PackageCache\com.unity.modules.vectorgraphics)
    com.unity.modules.vehicles@1.0.0 (location: C:\Program1\Code\Unity\GraduationProject\GraduationProject\Library\PackageCache\com.unity.modules.vehicles)
    com.unity.modules.video@1.0.0 (location: C:\Program1\Code\Unity\GraduationProject\GraduationProject\Library\PackageCache\com.unity.modules.video)
    com.unity.modules.vr@1.0.0 (location: C:\Program1\Code\Unity\GraduationProject\GraduationProject\Library\PackageCache\com.unity.modules.vr)
    com.unity.modules.wind@1.0.0 (location: C:\Program1\Code\Unity\GraduationProject\GraduationProject\Library\PackageCache\com.unity.modules.wind)
    com.unity.modules.xr@1.0.0 (location: C:\Program1\Code\Unity\GraduationProject\GraduationProject\Library\PackageCache\com.unity.modules.xr)
    com.unity.modules.subsystems@1.0.0 (location: C:\Program1\Code\Unity\GraduationProject\GraduationProject\Library\PackageCache\com.unity.modules.subsystems)
    com.unity.modules.hierarchycore@1.0.0 (location: C:\Program1\Code\Unity\GraduationProject\GraduationProject\Library\PackageCache\com.unity.modules.hierarchycore)
    com.unity.render-pipelines.core@17.3.0 (location: C:\Program1\Code\Unity\GraduationProject\GraduationProject\Library\PackageCache\com.unity.render-pipelines.core@02dfbe8e43de)
    com.unity.shadergraph@17.3.0 (location: C:\Program1\Code\Unity\GraduationProject\GraduationProject\Library\PackageCache\com.unity.shadergraph@28ee1cc75774)
    com.unity.render-pipelines.universal-config@17.0.3 (location: C:\Program1\Code\Unity\GraduationProject\GraduationProject\Library\PackageCache\com.unity.render-pipelines.universal-config@8dc1aab4af1d)
    com.unity.test-framework@1.6.0 (location: C:\Program1\Code\Unity\GraduationProject\GraduationProject\Library\PackageCache\com.unity.test-framework@aebcb98460c6)
    com.unity.2d.sprite@1.0.0 (location: C:\Program1\Code\Unity\GraduationProject\GraduationProject\Library\PackageCache\com.unity.2d.sprite@d14b9d497a24)
    com.unity.ext.nunit@2.0.5 (location: C:\Program1\Code\Unity\GraduationProject\GraduationProject\Library\PackageCache\com.unity.ext.nunit@d8c07649098d)
[Subsystems] No new subsystems found in resolved package list.
[Package Manager] Done registering packages in 0.02 seconds
Duplicate assembly 'System.Runtime.CompilerServices.Unsafe.dll' with different versions detected, using 'Packages/com.unity.ai.assistant/Plugins/Shared/System.Runtime.CompilerServices.Unsafe.dll, AssemblyName=System.Runtime.CompilerServices.Unsafe, Version=6.0.3.0, Culture=neutral, PublicKeyToken=b03f5f7f11d50a3a' and ignoring 'Packages/com.unity.collections/Unity.Collections.Tests/System.Runtime.CompilerServices.Unsafe/System.Runtime.CompilerServices.Unsafe.dll, AssemblyName=System.Runtime.CompilerServices.Unsafe, Version=6.0.0.0, Culture=neutral, PublicKeyToken=b03f5f7f11d50a3a'.Refreshing native plugins compatible for Editor in 2.53 ms, found 6 plugins.
Starting: C:\Program Files\Unity\Hub\Editor\6000.3.14f1\Editor\Data\Tools\BuildPipeline\bee_backend.exe --ipc --defer-dag-verification --dagfile="Library/Bee/1900b0aE.dag" --continue-on-failure --profile="Library/Bee/backend1.traceevents" ScriptAssemblies
WorkingDir: C:/Program1/Code/Unity/GraduationProject/GraduationProject
DisplayProgressbar: Compiling Scripts
ExitCode: 0 Duration: 0s327ms
[1260/1660  0s] ILPP-Configuration Library/ilpp-configuration.nevergeneratedoutput
*** Tundra build success (0.30 seconds), 1 items updated, 1660 evaluated
AssetDatabase: script compilation time: 0.792319s
Begin MonoManager ReloadAssembly
Duplicate assembly 'System.Runtime.CompilerServices.Unsafe.dll' with different versions detected, using 'Packages/com.unity.ai.assistant/Plugins/Shared/System.Runtime.CompilerServices.Unsafe.dll, AssemblyName=System.Runtime.CompilerServices.Unsafe, Version=6.0.3.0, Culture=neutral, PublicKeyToken=b03f5f7f11d50a3a' and ignoring 'Packages/com.unity.collections/Unity.Collections.Tests/System.Runtime.CompilerServices.Unsafe/System.Runtime.CompilerServices.Unsafe.dll, AssemblyName=System.Runtime.CompilerServices.Unsafe, Version=6.0.0.0, Culture=neutral, PublicKeyToken=b03f5f7f11d50a3a'.- Loaded All Assemblies, in  1.290 seconds
Refreshing native plugins compatible for Editor in 2.97 ms, found 6 plugins.
Native extension for iOS target not found
Native extension for Android target not found
Native extension for WindowsStandalone target not found
Refreshing native plugins compatible for Editor in 3.33 ms, found 6 plugins.
Duplicate assembly 'System.Runtime.CompilerServices.Unsafe.dll' with different versions detected, using 'Packages/com.unity.ai.assistant/Plugins/Shared/System.Runtime.CompilerServices.Unsafe.dll, AssemblyName=System.Runtime.CompilerServices.Unsafe, Version=6.0.3.0, Culture=neutral, PublicKeyToken=b03f5f7f11d50a3a' and ignoring 'Packages/com.unity.collections/Unity.Collections.Tests/System.Runtime.CompilerServices.Unsafe/System.Runtime.CompilerServices.Unsafe.dll, AssemblyName=System.Runtime.CompilerServices.Unsafe, Version=6.0.0.0, Culture=neutral, PublicKeyToken=b03f5f7f11d50a3a'.Refreshing native plugins compatible for Editor in 3.23 ms, found 6 plugins.
ScheduleIndexationOnStartup MainProcess:True IndexOnStartup:True
Mono: successfully reloaded assembly
- Finished resetting the current domain, in  4.721 seconds
Domain Reload Profiling: 6007ms
	BeginReloadAssembly (300ms)
		ExecutionOrderSort (0ms)
		DisableScriptedObjects (35ms)
		BackupInstance (0ms)
		ReleaseScriptingObjects (0ms)
		CreateAndSetChildDomain (142ms)
	RebuildCommonClasses (31ms)
	RebuildNativeTypeToScriptingClass (11ms)
	initialDomainReloadingComplete (52ms)
	LoadAllAssembliesAndSetupDomain (891ms)
		LoadAssemblies (467ms)
		RebuildTransferFunctionScriptingTraits (0ms)
		AnalyzeDomain (511ms)
			TypeCache.Refresh (405ms)
				TypeCache.ScanAssembly (375ms)
			BuildScriptInfoCaches (93ms)
			ResolveRequiredComponents (10ms)
	FinalizeReload (4721ms)
		ReleaseScriptCaches (0ms)
		RebuildScriptCaches (0ms)
		SetupLoadedEditorAssemblies (4513ms)
			LogAssemblyErrors (0ms)
			InitializePlatformSupportModulesInManaged (34ms)
			SetLoadedEditorAssemblies (6ms)
			BeforeProcessingInitializeOnLoad (201ms)
			ProcessInitializeOnLoadAttributes (3780ms)
			ProcessInitializeOnLoadMethodAttributes (486ms)
			AfterProcessingInitializeOnLoad (5ms)
			EditorAssembliesLoaded (0ms)
		ExecutionOrderSort2 (0ms)
		AwakeInstancesAfterBackupRestoration (19ms)
Asset Pipeline Refresh (id=25e64341d3a71814ebb4cfd46d8884be): Total: 7.671 seconds - Initiated by InitialRefreshV2(ForceSynchronousImport)
	Summary:
		Imports: total=0 (actual=0, local cache=0, cache server=0)
		Asset DB Process Time: managed=0 ms, native=5374 ms
		Asset DB Callback time: managed=115 ms, native=22 ms
		Scripting: domain reloads=1, domain reload time=1290 ms, compile time=795 ms, other=72 ms
		Project Asset Count: scripts=2309, non-scripts=5686
		Asset File Changes: new=0, changed=0, moved=0, deleted=0
		Scan Filter Count: 0
	InvokeCustomDependenciesCallbacks: 0.002ms
	InvokePackagesCallback: 24.109ms
	ApplyChangesToAssetFolders: 1.055ms
	Scan: 180.672ms
	OnSourceAssetsModified: 0.021ms
	CategorizeAssetsWithTransientArtifact: 74.628ms
	ProcessAssetsWithTransientArtifactChanges: 98.931ms
	CategorizeAssets: 115.634ms
	ImportOutOfDateAssets: 4741.582ms (3943.676ms without children)
		CompileScripts: 795.196ms
		ReloadNativeAssets: 0.009ms
		UnloadImportedAssets: 0.126ms
		EnsureUptoDateAssetsAreRegisteredWithGuidPM: 1.108ms
		InitializingProgressBar: 0.001ms
		PostProcessAllAssetNotificationsAddChangedAssets: 0.001ms
		OnDemandSchedulerStart: 1.467ms
	PostProcessAllAssets: 115.589ms
	GatherAllCurrentPrimaryArtifactRevisions: 0.002ms
	UnloadStreamsBegin: 3.164ms
	PersistCurrentRevisions: 0.382ms
	UnloadStreamsEnd: 0.002ms
	GenerateScriptTypeHashes: 4.570ms
	Untracked: 2314.837ms

Application.AssetDatabase Initial Refresh End
Scanning for USB devices : 0.999ms
Initializing Unity extensions:
[MODES] ModeService[none].Initialize
[MODES] ModeService[none].LoadModes
[MODES] Loading mode Default (0) for mode-current-id-GraduationProject
Unloading 166 Unused Serialized files (Serialized files now loaded: 0)
Unloading 10740 unused Assets / (5.0 MB). Loaded Objects now: 11618.
Memory consumption went from 270.8 MB to 265.9 MB.
Total: 22.019500 ms (FindLiveObjects: 0.859600 ms CreateObjectMapping: 0.874000 ms MarkObjects: 16.683200 ms  DeleteObjects: 3.601300 ms)

Curl error 35: Recv failure: Connection was reset
[HeadlessBuilder] Đang build CrossTheRoad từ Assets/CrossTheRoad/Scenes/CrossTheRoad.unity …
UnityEngine.Debug:ExtractStackTraceNoAlloc (byte*,int,string)
UnityEngine.StackTraceUtility:ExtractStackTrace ()
UnityEngine.DebugLogHandler:Internal_Log (UnityEngine.LogType,UnityEngine.LogOption,string,UnityEngine.Object)
UnityEngine.DebugLogHandler:LogFormat (UnityEngine.LogType,UnityEngine.Object,string,object[])
UnityEngine.Logger:Log (UnityEngine.LogType,object)
UnityEngine.Debug:Log (object)
GraduationProject.EditorTools.HeadlessBuilder:BuildAll () (at Assets/Editor/HeadlessBuilder.cs:93)
GraduationProject.EditorTools.HeadlessBuilder:BuildAllFromCommandLine () (at Assets/Editor/HeadlessBuilder.cs:55)

(Filename: Assets/Editor/HeadlessBuilder.cs Line: 93)

Start importing Assets/Resources using Guid(11b690a5d1abe8d4881c4da859da3ce5) (DefaultImporter) -> (artifact id: '6a8b2cfc8ece6ed4703d95280b4c0d03') in 0.0139959 seconds
Refreshing native plugins compatible for Editor in 3.79 ms, found 6 plugins.
Preloading 1 native plugins for Editor in 0.04 ms.
Asset Pipeline Refresh (id=0d7408c8f4238134da85f640d887149f): Total: 0.747 seconds - Initiated by StopAssetImportingV2(NoUpdateAssetOptions)
	Summary:
		Imports: total=1 (actual=1, local cache=0, cache server=0)
		Asset DB Process Time: managed=2 ms, native=138 ms
		Asset DB Callback time: managed=596 ms, native=9 ms
		Scripting: domain reloads=0, domain reload time=0 ms, compile time=0 ms, other=0 ms
		Project Asset Count: scripts=2310, non-scripts=5686
		Asset File Changes: new=1, changed=1, moved=0, deleted=0
		Scan Filter Count: 2
	InvokeCustomDependenciesCallbacks: 0.001ms
	InvokePackagesCallback: 0.001ms
	ApplyChangesToAssetFolders: 0.208ms
	Scan: 38.613ms
	OnSourceAssetsModified: 0.831ms
	CategorizeAssetsWithTransientArtifact: 0.022ms
	ProcessAssetsWithTransientArtifactChanges: 0.155ms
	CategorizeAssets: 65.924ms
	ImportOutOfDateAssets: 18.714ms (0.716ms without children)
		ImportManagerImport: 16.200ms (1.045ms without children)
			ImportInProcess: 15.132ms
			UpdateCategorizedAssets: 0.023ms
		ReloadNativeAssets: 0.029ms
		UnloadImportedAssets: 0.194ms
		ReloadImportedAssets: 0.000ms
		EnsureUptoDateAssetsAreRegisteredWithGuidPM: 0.941ms
		InitializingProgressBar: 0.000ms
		PostProcessAllAssetNotificationsAddChangedAssets: 0.001ms
		OnDemandSchedulerStart: 0.632ms
	PostProcessAllAssets: 600.261ms
	Hotreload: 5.298ms
	GatherAllCurrentPrimaryArtifactRevisions: 0.627ms
	UnloadStreamsBegin: 0.144ms
	PersistCurrentRevisions: 0.406ms
	UnloadStreamsEnd: 0.002ms
	Untracked: 15.844ms

Font Asset [LiberationSans SDF - Fallback] Units Per EM set to 2048. Please commit the newly serialized value.
UnityEngine.Debug:ExtractStackTraceNoAlloc (byte*,int,string)
UnityEngine.StackTraceUtility:ExtractStackTrace ()
UnityEngine.DebugLogHandler:Internal_Log (UnityEngine.LogType,UnityEngine.LogOption,string,UnityEngine.Object)
UnityEngine.DebugLogHandler:LogFormat (UnityEngine.LogType,UnityEngine.Object,string,object[])
UnityEngine.Logger:Log (UnityEngine.LogType,object)
UnityEngine.Debug:Log (object)
TMPro.TMP_FontAsset:ReadFontAssetDefinition () (at ./Library/PackageCache/com.unity.ugui@8ccc29d23a79/Runtime/TMP/TMP_FontAsset.cs:819)
TMPro.TMP_FontAsset:OnValidate () (at ./Library/PackageCache/com.unity.ugui@8ccc29d23a79/Runtime/TMP/TMP_FontAsset.cs:757)
UnityEditor.AssetDatabase:LoadAssetAtPath (string,System.Type)
UnityEditor.AssetDatabase:LoadAssetAtPath<TMPro.TMP_FontAsset> (string)
TMPro.TMP_PreBuildProcessor:OnPreprocessBuild (UnityEditor.Build.Reporting.BuildReport) (at ./Library/PackageCache/com.unity.ugui@8ccc29d23a79/Editor/TMP/TMP_PreBuildProcessor.cs:21)
UnityEditor.Build.BuildPipelineInterfaces/<>c__DisplayClass17_0:<OnBuildPreProcess>b__1 (UnityEditor.Build.IPreprocessBuildWithReport)
UnityEditor.Build.BuildPipelineInterfaces:InvokeCallbackInterfacesPair<UnityEditor.Build.IPreprocessBuild, UnityEditor.Build.IPreprocessBuildWithReport> (System.Collections.Generic.List`1<UnityEditor.Build.IPreprocessBuild>,System.Action`1<UnityEditor.Build.IPreprocessBuild>,System.Collections.Generic.List`1<UnityEditor.Build.IPreprocessBuildWithReport>,System.Action`1<UnityEditor.Build.IPreprocessBuildWithReport>,bool)
UnityEditor.Build.BuildPipelineInterfaces:OnBuildPreProcess (UnityEditor.Build.Reporting.BuildReport)
UnityEditor.BuildPipeline:BuildPlayerInternalNoCheck (string[],string,string,UnityEditor.BuildTargetGroup,UnityEditor.BuildTarget,int,UnityEditor.BuildOptions,string[],bool)
UnityEditor.BuildPipeline:BuildPlayerInternal (string[],string,string,UnityEditor.BuildTargetGroup,UnityEditor.BuildTarget,int,UnityEditor.BuildOptions,string[])
UnityEditor.BuildPipeline:BuildPlayer (string[],string,string,UnityEditor.BuildTargetGroup,UnityEditor.BuildTarget,int,UnityEditor.BuildOptions,string[])
UnityEditor.BuildPipeline:BuildPlayer (UnityEditor.BuildPlayerOptions)
GraduationProject.EditorTools.HeadlessBuilder:BuildAll () (at Assets/Editor/HeadlessBuilder.cs:94)
GraduationProject.EditorTools.HeadlessBuilder:BuildAllFromCommandLine () (at Assets/Editor/HeadlessBuilder.cs:55)

(Filename: ./Library/PackageCache/com.unity.ugui@8ccc29d23a79/Runtime/TMP/TMP_FontAsset.cs Line: 819)

Start importing ProjectSettings/ProjectSettings.asset using Guid(00000000000000004000000000000000) (LibraryAssetImporter) -> (artifact id: 'a8f0e6b297cd05ab5cef2cd50de2ac1f') in 0.0137848 seconds
Start importing ProjectSettings/EditorBuildSettings.asset using Guid(0000000000000000b000000000000000) (LibraryAssetImporter) -> (artifact id: 'bd5d07e567471ca4134d040652275190') in 0.0020894 seconds
Refreshing native plugins compatible for Editor in 4.17 ms, found 6 plugins.
Preloading 1 native plugins for Editor in 0.05 ms.
Asset Pipeline Refresh (id=1b92eb9e3a6fb554995f95219132d96b): Total: 0.068 seconds - Initiated by StopAssetImportingV2(NoUpdateAssetOptions)
Launched and connected shader compiler UnityShaderCompiler.exe after 0.01 seconds
Starting: C:\Program Files\Unity\Hub\Editor\6000.3.14f1\Editor\Data\Tools\BuildPipeline\bee_backend.exe --ipc --defer-dag-verification --dagfile="Library/Bee/1900b0aESkipCompile.dag" --continue-on-failure --profile="Library/Bee/backend1.traceevents" ScriptAssembliesAndTypeDB
WorkingDir: C:/Program1/Code/Unity/GraduationProject/GraduationProject
ExitCode: 4 Duration: 0s31ms
[             ] Require frontend run.  Library/Bee/1900b0aESkipCompile.dag couldn't be loaded
Starting: C:\Program Files\Unity\Hub\Editor\6000.3.14f1\Editor\Data\netcorerun\netcorerun.exe "C:\Program Files\Unity\Hub\Editor\6000.3.14f1\Editor\Data\Tools\BuildPipeline\ScriptCompilationBuildProgram.exe" "Library/Bee/1900b0aESkipCompile.dag.json" "Library/Bee/1900b0aESkipCompile-inputdata.json" "Library\Bee\buildprogram0.traceevents"
WorkingDir: C:/Program1/Code/Unity/GraduationProject/GraduationProject
ExitCode: 0 Duration: 0s201ms
Starting: C:\Program Files\Unity\Hub\Editor\6000.3.14f1\Editor\Data\Tools\BuildPipeline\bee_backend.exe --ipc --defer-dag-verification --dagfile="Library/Bee/1900b0aESkipCompile.dag" --continue-on-failure --dagfilejson="Library\Bee\1900b0aESkipCompile.dag.json" --profile="Library/Bee/backend2.traceevents" ScriptAssembliesAndTypeDB
WorkingDir: C:/Program1/Code/Unity/GraduationProject/GraduationProject
ExitCode: 0 Duration: 2s345ms
Finished compiling graph: 5 nodes, 7 flattened edges (7 ToBuild, 0 ToUse), maximum node priority 5
[2/4        0s] WriteResponseFile Library/Bee/artifacts/rsp/6097564273297756792.rsp
[3/4        2s] BuildPlayerDataGenerator Library/BuildPlayerData/Editor/TypeDb-All.json
Field 'System.Numerics.Vector2 SixLabors.Fonts.GlyphInstance/ControlPointCollection::SecondControlPoint' from 'C:\Program1\Code\Unity\GraduationProject\GraduationProject\Library\PackageCache\com.unity.testtools.codecoverage@19a841221620\lib\ReportGenerator\ReportGeneratorMerged.dll', exception Failed to resolve System.Numerics.Vector2

Field 'System.Numerics.Vector2 SixLabors.Fonts.GlyphInstance/ControlPointCollection::ThirdControlPoint' from 'C:\Program1\Code\Unity\GraduationProject\GraduationProject\Library\PackageCache\com.unity.testtools.codecoverage@19a841221620\lib\ReportGenerator\ReportGeneratorMerged.dll', exception Failed to resolve System.Numerics.Vector2

Field 'System.Numerics.Vector4 SixLabors.ImageSharp.ComplexVector4::Real' from 'C:\Program1\Code\Unity\GraduationProject\GraduationProject\Library\PackageCache\com.unity.testtools.codecoverage@19a841221620\lib\ReportGenerator\ReportGeneratorMerged.dll', exception Failed to resolve System.Numerics.Vector4

Field 'System.Numerics.Vector4 SixLabors.ImageSharp.ComplexVector4::Imaginary' from 'C:\Program1\Code\Unity\GraduationProject\GraduationProject\Library\PackageCache\com.unity.testtools.codecoverage@19a841221620\lib\ReportGenerator\ReportGeneratorMerged.dll', exception Failed to resolve System.Numerics.Vector4

Field 'System.Numerics.Vector4 SixLabors.ImageSharp.Formats.Jpeg.Components.Block8x8F::V0L' from 'C:\Program1\Code\Unity\GraduationProject\GraduationProject\Library\PackageCache\com.unity.testtools.codecoverage@19a841221620\lib\ReportGenerator\ReportGeneratorMerged.dll', exception Failed to resolve System.Numerics.Vector4

Field 'System.Numerics.Vector4 SixLabors.ImageSharp.Formats.Jpeg.Components.Block8x8F::V0R' from 'C:\Program1\Code\Unity\GraduationProject\GraduationProject\Library\PackageCache\com.unity.testtools.codecoverage@19a841221620\lib\ReportGenerator\ReportGeneratorMerged.dll', exception Failed to resolve System.Numerics.Vector4

Field 'System.Numerics.Vector4 SixLabors.ImageSharp.Formats.Jpeg.Components.Block8x8F::V1L' from 'C:\Program1\Code\Unity\GraduationProject\GraduationProject\Library\PackageCache\com.unity.testtools.codecoverage@19a841221620\lib\ReportGenerator\ReportGeneratorMerged.dll', exception Failed to resolve System.Numerics.Vector4

Field 'System.Numerics.Vector4 SixLabors.ImageSharp.Formats.Jpeg.Components.Block8x8F::V1R' from 'C:\Program1\Code\Unity\GraduationProject\GraduationProject\Library\PackageCache\com.unity.testtools.codecoverage@19a841221620\lib\ReportGenerator\ReportGeneratorMerged.dll', exception Failed to resolve System.Numerics.Vector4

Field 'System.Numerics.Vector4 SixLabors.ImageSharp.Formats.Jpeg.Components.Block8x8F::V2L' from 'C:\Program1\Code\Unity\GraduationProject\GraduationProject\Library\PackageCache\com.unity.testtools.codecoverage@19a841221620\lib\ReportGenerator\ReportGeneratorMerged.dll', exception Failed to resolve System.Numerics.Vector4

Field 'System.Numerics.Vector4 SixLabors.ImageSharp.Formats.Jpeg.Components.Block8x8F::V2R' from 'C:\Program1\Code\Unity\GraduationProject\GraduationProject\Library\PackageCache\com.unity.testtools.codecoverage@19a841221620\lib\ReportGenerator\ReportGeneratorMerged.dll', exception Failed to resolve System.Numerics.Vector4

Field 'System.Numerics.Vector4 SixLabors.ImageSharp.Formats.Jpeg.Components.Block8x8F::V3L' from 'C:\Program1\Code\Unity\GraduationProject\GraduationProject\Library\PackageCache\com.unity.testtools.codecoverage@19a841221620\lib\ReportGenerator\ReportGeneratorMerged.dll', exception Failed to resolve System.Numerics.Vector4

Field 'System.Numerics.Vector4 SixLabors.ImageSharp.Formats.Jpeg.Components.Block8x8F::V3R' from 'C:\Program1\Code\Unity\GraduationProject\GraduationProject\Library\PackageCache\com.unity.testtools.codecoverage@19a841221620\lib\ReportGenerator\ReportGeneratorMerged.dll', exception Failed to resolve System.Numerics.Vector4

Field 'System.Numerics.Vector4 SixLabors.ImageSharp.Formats.Jpeg.Components.Block8x8F::V4L' from 'C:\Program1\Code\Unity\GraduationProject\GraduationProject\Library\PackageCache\com.unity.testtools.codecoverage@19a841221620\lib\ReportGenerator\ReportGeneratorMerged.dll', exception Failed to resolve System.Numerics.Vector4

Field 'System.Numerics.Vector4 SixLabors.ImageSharp.Formats.Jpeg.Components.Block8x8F::V4R' from 'C:\Program1\Code\Unity\GraduationProject\GraduationProject\Library\PackageCache\com.unity.testtools.codecoverage@19a841221620\lib\ReportGenerator\ReportGeneratorMerged.dll', exception Failed to resolve System.Numerics.Vector4

Field 'System.Numerics.Vector4 SixLabors.ImageSharp.Formats.Jpeg.Components.Block8x8F::V5L' from 'C:\Program1\Code\Unity\GraduationProject\GraduationProject\Library\PackageCache\com.unity.testtools.codecoverage@19a841221620\lib\ReportGenerator\ReportGeneratorMerged.dll', exception Failed to resolve System.Numerics.Vector4

Field 'System.Numerics.Vector4 SixLabors.ImageSharp.Formats.Jpeg.Components.Block8x8F::V5R' from 'C:\Program1\Code\Unity\GraduationProject\GraduationProject\Library\PackageCache\com.unity.testtools.codecoverage@19a841221620\lib\ReportGenerator\ReportGeneratorMerged.dll', exception Failed to resolve System.Numerics.Vector4

Field 'System.Numerics.Vector4 SixLabors.ImageSharp.Formats.Jpeg.Components.Block8x8F::V6L' from 'C:\Program1\Code\Unity\GraduationProject\GraduationProject\Library\PackageCache\com.unity.testtools.codecoverage@19a841221620\lib\ReportGenerator\ReportGeneratorMerged.dll', exception Failed to resolve System.Numerics.Vector4

Field 'System.Numerics.Vector4 SixLabors.ImageSharp.Formats.Jpeg.Components.Block8x8F::V6R' from 'C:\Program1\Code\Unity\GraduationProject\GraduationProject\Library\PackageCache\com.unity.testtools.codecoverage@19a841221620\lib\ReportGenerator\ReportGeneratorMerged.dll', exception Failed to resolve System.Numerics.Vector4

Field 'System.Numerics.Vector4 SixLabors.ImageSharp.Formats.Jpeg.Components.Block8x8F::V7L' from 'C:\Program1\Code\Unity\GraduationProject\GraduationProject\Library\PackageCache\com.unity.testtools.codecoverage@19a841221620\lib\ReportGenerator\ReportGeneratorMerged.dll', exception Failed to resolve System.Numerics.Vector4

Field 'System.Numerics.Vector4 SixLabors.ImageSharp.Formats.Jpeg.Components.Block8x8F::V7R' from 'C:\Program1\Code\Unity\GraduationProject\GraduationProject\Library\PackageCache\com.unity.testtools.codecoverage@19a841221620\lib\ReportGenerator\ReportGeneratorMerged.dll', exception Failed to resolve System.Numerics.Vector4

Field 'System.Numerics.Vector4 SixLabors.ImageSharp.Formats.Jpeg.Components.Decoder.ColorConverters.JpegColorConverter/Vector4Octet::V0' from 'C:\Program1\Code\Unity\GraduationProject\GraduationProject\Library\PackageCache\com.unity.testtools.codecoverage@19a841221620\lib\ReportGenerator\ReportGeneratorMerged.dll', exception Failed to resolve System.Numerics.Vector4

Field 'System.Numerics.Vector4 SixLabors.ImageSharp.Formats.Jpeg.Components.Decoder.ColorConverters.JpegColorConverter/Vector4Octet::V1' from 'C:\Program1\Code\Unity\GraduationProject\GraduationProject\Library\PackageCache\com.unity.testtools.codecoverage@19a841221620\lib\ReportGenerator\ReportGeneratorMerged.dll', exception Failed to resolve System.Numerics.Vector4

Field 'System.Numerics.Vector4 SixLabors.ImageSharp.Formats.Jpeg.Components.Decoder.ColorConverters.JpegColorConverter/Vector4Octet::V2' from 'C:\Program1\Code\Unity\GraduationProject\GraduationProject\Library\PackageCache\com.unity.testtools.codecoverage@19a841221620\lib\ReportGenerator\ReportGeneratorMerged.dll', exception Failed to resolve System.Numerics.Vector4

Field 'System.Numerics.Vector4 SixLabors.ImageSharp.Formats.Jpeg.Components.Decoder.ColorConverters.JpegColorConverter/Vector4Octet::V3' from 'C:\Program1\Code\Unity\GraduationProject\GraduationProject\Library\PackageCache\com.unity.testtools.codecoverage@19a841221620\lib\ReportGenerator\ReportGeneratorMerged.dll', exception Failed to resolve System.Numerics.Vector4

Field 'System.Numerics.Vector4 SixLabors.ImageSharp.Formats.Jpeg.Components.Decoder.ColorConverters.JpegColorConverter/Vector4Octet::V4' from 'C:\Program1\Code\Unity\GraduationProject\GraduationProject\Library\PackageCache\com.unity.testtools.codecoverage@19a841221620\lib\ReportGenerator\ReportGeneratorMerged.dll', exception Failed to resolve System.Numerics.Vector4

Field 'System.Numerics.Vector4 SixLabors.ImageSharp.Formats.Jpeg.Components.Decoder.ColorConverters.JpegColorConverter/Vector4Octet::V5' from 'C:\Program1\Code\Unity\GraduationProject\GraduationProject\Library\PackageCache\com.unity.testtools.codecoverage@19a841221620\lib\ReportGenerator\ReportGeneratorMerged.dll', exception Failed to resolve System.Numerics.Vector4

Field 'System.Numerics.Vector4 SixLabors.ImageSharp.Formats.Jpeg.Components.Decoder.ColorConverters.JpegColorConverter/Vector4Octet::V6' from 'C:\Program1\Code\Unity\GraduationProject\GraduationProject\Library\PackageCache\com.unity.testtools.codecoverage@19a841221620\lib\ReportGenerator\ReportGeneratorMerged.dll', exception Failed to resolve System.Numerics.Vector4

Field 'System.Numerics.Vector4 SixLabors.ImageSharp.Formats.Jpeg.Components.Decoder.ColorConverters.JpegColorConverter/Vector4Octet::V7' from 'C:\Program1\Code\Unity\GraduationProject\GraduationProject\Library\PackageCache\com.unity.testtools.codecoverage@19a841221620\lib\ReportGenerator\ReportGeneratorMerged.dll', exception Failed to resolve System.Numerics.Vector4

Field 'System.Numerics.Vector4 SixLabors.ImageSharp.Tuples.Vector4Pair::A' from 'C:\Program1\Code\Unity\GraduationProject\GraduationProject\Library\PackageCache\com.unity.testtools.codecoverage@19a841221620\lib\ReportGenerator\ReportGeneratorMerged.dll', exception Failed to resolve System.Numerics.Vector4

Field 'System.Numerics.Vector4 SixLabors.ImageSharp.Tuples.Vector4Pair::B' from 'C:\Program1\Code\Unity\GraduationProject\GraduationProject\Library\PackageCache\com.unity.testtools.codecoverage@19a841221620\lib\ReportGenerator\ReportGeneratorMerged.dll', exception Failed to resolve System.Numerics.Vector4
*** Tundra build success (2.32 seconds), 2 items updated, 4 evaluated
Start importing Assets/Resources/PerformanceTestRunInfo.json using Guid(370871baf20fcce4fae8d4b1b9dca964) (TextScriptImporter) -> (artifact id: 'f1b74c10c628d3fc35843f2e15ee3f2a') in 0.024102 seconds
Start importing Assets/Resources/PerformanceTestRunSettings.json using Guid(6865c6695c8774b41a72d6135cbb467b) (TextScriptImporter) -> (artifact id: 'f41d3d40c1e5c6752b3ff37f03dbf2f5') in 0.0105361 seconds
Refreshing native plugins compatible for Editor in 5.04 ms, found 6 plugins.
Preloading 1 native plugins for Editor in 0.06 ms.
Asset Pipeline Refresh (id=98af8be95812c924b8f66614339cde47): Total: 0.101 seconds - Initiated by RefreshV2(NoUpdateAssetOptions)
[ScriptCompilation] Requested script compilation because: Recompiling scripts for player build.
BuildPlayer: start building target 19
Starting: C:\Program Files\Unity\Hub\Editor\6000.3.14f1\Editor\Data\Tools\BuildPipeline\bee_backend.exe --ipc --defer-dag-verification --dagfile="Library/Bee/1900b0aP.dag" --continue-on-failure --profile="Library/Bee/backend1.traceevents" ScriptAssembliesAndTypeDB
WorkingDir: C:/Program1/Code/Unity/GraduationProject/GraduationProject
Duplicate assembly 'System.Runtime.CompilerServices.Unsafe.dll' with different versions detected, using 'Packages/com.unity.ai.assistant/Plugins/Shared/System.Runtime.CompilerServices.Unsafe.dll, AssemblyName=System.Runtime.CompilerServices.Unsafe, Version=6.0.3.0, Culture=neutral, PublicKeyToken=b03f5f7f11d50a3a' and ignoring 'Packages/com.unity.collections/Unity.Collections.Tests/System.Runtime.CompilerServices.Unsafe/System.Runtime.CompilerServices.Unsafe.dll, AssemblyName=System.Runtime.CompilerServices.Unsafe, Version=6.0.0.0, Culture=neutral, PublicKeyToken=b03f5f7f11d50a3a'.ExitCode: 4 Duration: 0s34ms
[             ] Require frontend run.  Library/Bee/1900b0aP.dag couldn't be loaded
Starting: C:\Program Files\Unity\Hub\Editor\6000.3.14f1\Editor\Data\netcorerun\netcorerun.exe "C:\Program Files\Unity\Hub\Editor\6000.3.14f1\Editor\Data\Tools\BuildPipeline\ScriptCompilationBuildProgram.exe" "Library/Bee/1900b0aP.dag.json" "Library/Bee/1900b0aP-inputdata.json" "Library\Bee\buildprogram0.traceevents"
WorkingDir: C:/Program1/Code/Unity/GraduationProject/GraduationProject
Total cache size 362475465
ExitCode: 0 Duration: 0s417ms
Starting: C:\Program Files\Unity\Hub\Editor\6000.3.14f1\Editor\Data\Tools\BuildPipeline\bee_backend.exe --ipc --defer-dag-verification --dagfile="Library/Bee/1900b0aP.dag" --continue-on-failure --dagfilejson="Library\Bee\1900b0aP.dag.json" --profile="Library/Bee/backend2.traceevents" ScriptAssembliesAndTypeDB
WorkingDir: C:/Program1/Code/Unity/GraduationProject/GraduationProject
Total cache size after purge 268232613, took 00:00:09.9235375
ExitCode: 0 Duration: 48s
Finished compiling graph: 738 nodes, 8700 flattened edges (7060 ToBuild, 98 ToUse), maximum node priority 406
[  1/737    0s] WriteText Library/Bee/artifacts/1900b0aP.dag/UnityEngine.UI.UnityAdditionalFile.txt
[  2/737    0s] WriteText Library/Bee/artifacts/1900b0aP.dag/UnityEngine.UI.rsp2
[  3/737    0s] WriteText Library/Bee/artifacts/StandaloneWindows64_CodeGen/UnityEngine.TestRunner.UnityAdditionalFile.txt
[  4/737    0s] WriteText Library/Bee/artifacts/StandaloneWindows64_CodeGen/UnityEngine.TestRunner.rsp2
[  5/737    0s] MovedFromExtractor Library/Bee/artifacts/mvdfrm/UnityEngine.TerrainPhysicsModule.dll_D74210DA5DA58990.mvfrm
[  6/737    0s] MovedFromExtractor Library/Bee/artifacts/mvdfrm/UnityEngine.SubstanceModule.dll_54E4CB8A49908E86.mvfrm
[  7/737    0s] MovedFromExtractor Library/Bee/artifacts/mvdfrm/UnityEngine.TilemapModule.dll_BFFBCFAA87119DF4.mvfrm
[  8/737    0s] MovedFromExtractor Library/Bee/artifacts/mvdfrm/UnityEngine.UnityConsentModule.dll_775DF31F0CC4DB43.mvfrm
[  9/737    0s] MovedFromExtractor Library/Bee/artifacts/mvdfrm/UnityEngine.SubsystemsModule.dll_5988F15E9377C3E2.mvfrm
[ 10/737    0s] MovedFromExtractor Library/Bee/artifacts/mvdfrm/UnityEngine.UnityConnectModule.dll_A5B85BF2FFBA44F3.mvfrm
[ 11/737    0s] MovedFromExtractor Library/Bee/artifacts/mvdfrm/UnityEngine.TextCoreTextEngineModule.dll_E2C2A033F23909B9.mvfrm
[ 12/737    0s] MovedFromExtractor Library/Bee/artifacts/mvdfrm/UnityEngine.TLSModule.dll_CE7F7A44204BFD91.mvfrm
[ 13/737    0s] MovedFromExtractor Library/Bee/artifacts/mvdfrm/UnityEngine.TextCoreFontEngineModule.dll_9ADA69C262B5509B.mvfrm
[ 14/737    0s] MovedFromExtractor Library/Bee/artifacts/mvdfrm/UnityEngine.UnityAnalyticsCommonModule.dll_15AFAF144A0BE7DA.mvfrm
[ 15/737    0s] MovedFromExtractor Library/Bee/artifacts/mvdfrm/UnityEngine.TerrainModule.dll_20FF68296F54BCEB.mvfrm
[ 16/737    0s] MovedFromExtractor Library/Bee/artifacts/mvdfrm/UnityEngine.TextRenderingModule.dll_A485643A8C080C75.mvfrm
[ 17/737    0s] MovedFromExtractor Library/Bee/artifacts/mvdfrm/UnityEngine.UnityAnalyticsModule.dll_F666D8D0F089E0FF.mvfrm
[ 18/737    0s] MovedFromExtractor Library/Bee/artifacts/mvdfrm/UnityEngine.StreamingModule.dll_7839B740FE3D9078.mvfrm
[ 19/737    0s] MovedFromExtractor Library/Bee/artifacts/mvdfrm/UnityEngine.UIModule.dll_8F58D43746FF4252.mvfrm
[ 20/737    0s] MovedFromExtractor Library/Bee/artifacts/mvdfrm/UnityEngine.UIElementsModule.dll_5DC752C696A3FFD9.mvfrm
[ 21/737    0s] MovedFromExtractor Library/Bee/artifacts/mvdfrm/UnityEngine.VehiclesModule.dll_BB7037D0E4DA5CB5.mvfrm
[ 22/737    0s] MovedFromExtractor Library/Bee/artifacts/mvdfrm/UnityEngine.VRModule.dll_E22AFABCE8B9C7CA.mvfrm
[ 23/737    0s] MovedFromExtractor Library/Bee/artifacts/mvdfrm/UnityEngine.VirtualTexturingModule.dll_EDDF100512B5881B.mvfrm
[ 24/737    0s] MovedFromExtractor Library/Bee/artifacts/mvdfrm/UnityEngine.UnityWebRequestWWWModule.dll_AD84E58FE1F8C625.mvfrm
[ 25/737    0s] MovedFromExtractor Library/Bee/artifacts/mvdfrm/UnityEngine.UnityWebRequestAudioModule.dll_F26D45AEB68E1414.mvfrm
[ 26/737    0s] MovedFromExtractor Library/Bee/artifacts/mvdfrm/UnityEngine.UnityWebRequestModule.dll_DE7B87D09BED43C6.mvfrm
[ 27/737    0s] MovedFromExtractor Library/Bee/artifacts/mvdfrm/UnityEngine.UnityCurlModule.dll_F6C16B221EC9CB27.mvfrm
[ 28/737    0s] MovedFromExtractor Library/Bee/artifacts/mvdfrm/UnityEngine.UnityWebRequestTextureModule.dll_1A0642AD27F8B469.mvfrm
[ 29/737    0s] MovedFromExtractor Library/Bee/artifacts/mvdfrm/UnityEngine.UnityWebRequestAssetBundleModule.dll_F7E0A10F8D9C2B10.mvfrm
[ 30/737    0s] MovedFromExtractor Library/Bee/artifacts/mvdfrm/UnityEngine.VectorGraphicsModule.dll_6E0E9E3BD669054C.mvfrm
[ 31/737    0s] MovedFromExtractor Library/Bee/artifacts/mvdfrm/UnityEngine.VideoModule.dll_F03C345138B97751.mvfrm
[ 32/737    0s] MovedFromExtractor Library/Bee/artifacts/mvdfrm/UnityEngine.WindModule.dll_2B1E2637D0C53626.mvfrm
[ 33/737    0s] MovedFromExtractor Library/Bee/artifacts/mvdfrm/UnityEngine.dll_4A0DDAAD0CF48548.mvfrm
[ 34/737    0s] MovedFromExtractor Library/Bee/artifacts/mvdfrm/UnityEngine.VFXModule.dll_4F5E12B2F6B966FE.mvfrm
[ 35/737    0s] MovedFromExtractor Library/Bee/artifacts/mvdfrm/UnityEngine.XRModule.dll_14E9BDC171F41528.mvfrm
[ 36/737    0s] MovedFromExtractor Library/Bee/artifacts/mvdfrm/UnityEngine.SpriteMaskModule.dll_EEDB8AFCC52FDBCF.mvfrm
[ 37/737    0s] MovedFromExtractor Library/Bee/artifacts/mvdfrm/UnityEngine.ARModule.dll_4D57FB0D47D59B6F.mvfrm
[ 38/737    0s] MovedFromExtractor Library/Bee/artifacts/mvdfrm/UnityEngine.SpriteShapeModule.dll_F025F2E34490F3B2.mvfrm
[ 39/737    0s] MovedFromExtractor Library/Bee/artifacts/mvdfrm/UnityEngine.UmbraModule.dll_46075BFF034E071F.mvfrm
[ 40/737    0s] MovedFromExtractor Library/Bee/artifacts/mvdfrm/UnityEngine.ClothModule.dll_321B0CE150443A90.mvfrm
[ 41/737    0s] MovedFromExtractor Library/Bee/artifacts/mvdfrm/UnityEngine.AndroidJNIModule.dll_DB61CE51DD7F5564.mvfrm
[ 42/737    0s] MovedFromExtractor Library/Bee/artifacts/mvdfrm/UnityEngine.AccessibilityModule.dll_0146BB6EC128FF94.mvfrm
[ 43/737    0s] MovedFromExtractor Library/Bee/artifacts/mvdfrm/UnityEngine.AdaptivePerformanceModule.dll_BC3F1C3755E17DE0.mvfrm
[ 44/737    0s] MovedFromExtractor Library/Bee/artifacts/mvdfrm/UnityEngine.AnimationModule.dll_C3A4C9F0AEB5D93A.mvfrm
[ 45/737    0s] MovedFromExtractor Library/Bee/artifacts/mvdfrm/UnityEngine.AssetBundleModule.dll_D6C4C5888EEEBBA8.mvfrm
[ 46/737    0s] MovedFromExtractor Library/Bee/artifacts/mvdfrm/UnityEngine.ContentLoadModule.dll_6FDB1EC95D716395.mvfrm
[ 47/737    0s] MovedFromExtractor Library/Bee/artifacts/mvdfrm/UnityEngine.AudioModule.dll_CB32AFE676275BAC.mvfrm
[ 48/737    0s] MovedFromExtractor Library/Bee/artifacts/mvdfrm/UnityEngine.CrashReportingModule.dll_83B51EBAD6510375.mvfrm
[ 49/737    0s] MovedFromExtractor Library/Bee/artifacts/mvdfrm/UnityEngine.CoreModule.dll_B4CF4B0F3F8EB7BD.mvfrm
[ 50/737    0s] MovedFromExtractor Library/Bee/artifacts/mvdfrm/UnityEngine.ClusterRendererModule.dll_60EA82760ED3F153.mvfrm
[ 51/737    0s] MovedFromExtractor Library/Bee/artifacts/mvdfrm/UnityEngine.ClusterInputModule.dll_37F54CF9B6BA170E.mvfrm
[ 52/737    0s] MovedFromExtractor Library/Bee/artifacts/mvdfrm/UnityEngine.DSPGraphModule.dll_48FE9FBADD115E3B.mvfrm
[ 53/737    0s] MovedFromExtractor Library/Bee/artifacts/mvdfrm/UnityEngine.GIModule.dll_2C217F17866724C0.mvfrm
[ 54/737    0s] MovedFromExtractor Library/Bee/artifacts/mvdfrm/UnityEngine.GraphicsStateCollectionSerializerModule.dll_2AB5AB63E3701ABC.mvfrm
[ 55/737    0s] MovedFromExtractor Library/Bee/artifacts/mvdfrm/UnityEngine.DirectorModule.dll_43AD3E516AB08D1A.mvfrm
[ 56/737    0s] MovedFromExtractor Library/Bee/artifacts/mvdfrm/UnityEngine.HierarchyCoreModule.dll_786158492FD6588A.mvfrm
[ 57/737    0s] MovedFromExtractor Library/Bee/artifacts/mvdfrm/UnityEngine.HotReloadModule.dll_44ED87F689E8F4BC.mvfrm
[ 58/737    0s] MovedFromExtractor Library/Bee/artifacts/mvdfrm/UnityEngine.AIModule.dll_93E53609EAB83CA6.mvfrm
[ 59/737    0s] MovedFromExtractor Library/Bee/artifacts/mvdfrm/UnityEngine.GridModule.dll_924066FD57E34DB4.mvfrm
[ 60/737    0s] MovedFromExtractor Library/Bee/artifacts/mvdfrm/UnityEngine.IMGUIModule.dll_03924F4D3C58EF8D.mvfrm
[ 61/737    0s] MovedFromExtractor Library/Bee/artifacts/mvdfrm/UnityEngine.GameCenterModule.dll_05AF186CA3C04655.mvfrm
[ 62/737    0s] MovedFromExtractor Library/Bee/artifacts/mvdfrm/UnityEngine.IdentifiersModule.dll_AF4E4D7E516789C0.mvfrm
[ 63/737    0s] MovedFromExtractor Library/Bee/artifacts/mvdfrm/UnityEngine.ImageConversionModule.dll_CCDC802690F8A947.mvfrm
[ 64/737    0s] MovedFromExtractor Library/Bee/artifacts/mvdfrm/UnityEngine.InputModule.dll_31A87796EC5F8050.mvfrm
[ 65/737    0s] MovedFromExtractor Library/Bee/artifacts/mvdfrm/UnityEngine.InputForUIModule.dll_0861728603E0E311.mvfrm
[ 66/737    0s] MovedFromExtractor Library/Bee/artifacts/mvdfrm/UnityEngine.InputLegacyModule.dll_6809E0A726E07199.mvfrm
[ 67/737    0s] MovedFromExtractor Library/Bee/artifacts/mvdfrm/UnityEngine.InsightsModule.dll_DD7406E1F52DDC99.mvfrm
[ 68/737    0s] MovedFromExtractor Library/Bee/artifacts/mvdfrm/UnityEngine.LocalizationModule.dll_7642174C4E360A07.mvfrm
[ 91/737    0s] MovedFromExtractor Library/Bee/artifacts/mvdfrm/UnityEngine.MarshallingModule.dll_7F2D641D7316E8FA.mvfrm
[210/737    0s] WriteText Library/Bee/artifacts/StandaloneWindows64_CodeGen/UnityEngine.TestRunner.dll.mvfrm.rsp
[211/737    0s] WriteText Library/Bee/artifacts/StandaloneWindows64_CodeGen/UnityEngine.UI.UnityAdditionalFile.txt
[212/737    0s] WriteText Library/Bee/artifacts/StandaloneWindows64_CodeGen/UnityEngine.UI.rsp2
[213/737    0s] MovedFromExtractor Library/Bee/artifacts/mvdfrm/UnityEngine.JSONSerializeModule.dll_615E44AAC064601E.mvfrm
[214/737    0s] MovedFromExtractor Library/Bee/artifacts/mvdfrm/UnityEngine.ParticleSystemModule.dll_D6C7680744628F03.mvfrm
[215/737    0s] WriteText Library/Bee/artifacts/StandaloneWindows64_CodeGen/UnityEditor.TestRunner.rsp2
[216/737    0s] WriteText Library/Bee/artifacts/StandaloneWindows64_CodeGen/UnityEditor.TestRunner.UnityAdditionalFile.txt
[217/737    0s] WriteText Library/Bee/artifacts/1900b0aP.dag/UnityEngine.UI.dll.mvfrm.rsp
[220/737    0s] WriteText Library/Bee/artifacts/1900b0aP.dag/UnityEngine.UI.rsp
[231/737    0s] WriteText Library/Bee/artifacts/StandaloneWindows64_CodeGen/UnityEngine.UI.dll.mvfrm.rsp
[232/737    0s] WriteText Library/Bee/artifacts/StandaloneWindows64_CodeGen/UnityEngine.UI.rsp
[233/737    0s] WriteText Library/Bee/artifacts/StandaloneWindows64_CodeGen/UnityEditor.TestRunner.dll.mvfrm.rsp
[234/737    0s] MovedFromExtractor Library/Bee/artifacts/mvdfrm/UnityEngine.PhysicsBackendPhysXModule.dll_965303C4389DC09F.mvfrm
[235/737    0s] MovedFromExtractor Library/Bee/artifacts/mvdfrm/UnityEngine.MultiplayerModule.dll_566CE21547B64920.mvfrm
[236/737    0s] WriteText Library/Bee/artifacts/StandaloneWindows64_CodeGen/UnityEditor.UI.UnityAdditionalFile.txt
[237/737    0s] WriteText Library/Bee/artifacts/StandaloneWindows64_CodeGen/UnityEditor.TestRunner.rsp
[238/737    0s] WriteText Library/Bee/artifacts/StandaloneWindows64_CodeGen/UnityEditor.UI.rsp2
[239/737    0s] WriteText Library/Bee/artifacts/StandaloneWindows64_CodeGen/Unity.Burst.rsp2
[240/737    0s] WriteText Library/Bee/artifacts/StandaloneWindows64_CodeGen/UnityEditor.UI.rsp
[241/737    0s] WriteText Library/Bee/artifacts/StandaloneWindows64_CodeGen/UnityEditor.UI.dll.mvfrm.rsp
[242/737    0s] WriteText Library/Bee/artifacts/StandaloneWindows64_CodeGen/Unity.Burst.UnityAdditionalFile.txt
[243/737    0s] WriteText Library/Bee/artifacts/StandaloneWindows64_CodeGen/Unity.Mathematics.UnityAdditionalFile.txt
[244/737    0s] WriteText Library/Bee/artifacts/1900b0aP.dag/Unity.Mathematics.rsp2
[245/737    0s] WriteText Library/Bee/artifacts/1900b0aP.dag/Unity.Mathematics.UnityAdditionalFile.txt
[246/737    0s] WriteText Library/Bee/artifacts/StandaloneWindows64_CodeGen/Unity.Mathematics.rsp2
[247/737    0s] WriteText Library/Bee/artifacts/1900b0aP.dag/Unity.Burst.rsp2
[249/737    0s] WriteText Library/Bee/artifacts/1900b0aP.dag/Unity.Burst.UnityAdditionalFile.txt
[250/737    0s] WriteText Library/Bee/artifacts/1900b0aP.dag/Unity.Mathematics.dll.mvfrm.rsp
[251/737    0s] WriteText Library/Bee/artifacts/1900b0aP.dag/Unity.Mathematics.rsp
[252/737    0s] WriteText Library/Bee/artifacts/1900b0aP.dag/Unity.Burst.dll.mvfrm.rsp
[253/737    0s] WriteText Library/Bee/artifacts/1900b0aP.dag/Unity.Burst.rsp
[254/737    0s] WriteText Library/Bee/artifacts/StandaloneWindows64_CodeGen/Unity.Burst.dll.mvfrm.rsp
[255/737    0s] WriteText Library/Bee/artifacts/StandaloneWindows64_CodeGen/Unity.Burst.rsp
[256/737    0s] WriteText Library/Bee/artifacts/StandaloneWindows64_CodeGen/Unity.Mathematics.dll.mvfrm.rsp
[257/737    0s] WriteText Library/Bee/artifacts/StandaloneWindows64_CodeGen/UnityEngine.TestRunner.rsp
[258/737    0s] WriteText Library/Bee/artifacts/1900b0aP.dag/Unity.Collections.UnityAdditionalFile.txt
[259/737    0s] WriteText Library/Bee/artifacts/StandaloneWindows64_CodeGen/Unity.Mathematics.rsp
[260/737    0s] WriteText Library/Bee/artifacts/1900b0aP.dag/Unity.Collections.rsp2
[261/737    0s] WriteText Library/Bee/artifacts/StandaloneWindows64_CodeGen/Unity.Collections.UnityAdditionalFile.txt
[262/737    0s] WriteText Library/Bee/artifacts/StandaloneWindows64_CodeGen/Unity.Collections.rsp2
[263/737    0s] WriteText Library/Bee/artifacts/1900b0aP.dag/Unity.InputSystem.UnityAdditionalFile.txt
[264/737    0s] WriteText Library/Bee/artifacts/1900b0aP.dag/Unity.InputSystem.rsp2
[265/737    0s] WriteText Library/Bee/artifacts/StandaloneWindows64_CodeGen/Unity.Collections.dll.mvfrm.rsp
[266/737    0s] WriteText Library/Bee/artifacts/1900b0aP.dag/Unity.Collections.dll.mvfrm.rsp
[267/737    0s] WriteText Library/Bee/artifacts/1900b0aP.dag/Unity.InputSystem.rsp
[268/737    0s] WriteText Library/Bee/artifacts/1900b0aP.dag/Unity.Collections.rsp
[269/737    0s] WriteText Library/Bee/artifacts/1900b0aP.dag/Unity.InputSystem.dll.mvfrm.rsp
[270/737    0s] WriteText Library/Bee/artifacts/StandaloneWindows64_CodeGen/Unity.Collections.rsp
[271/737    0s] WriteText Library/Bee/artifacts/StandaloneWindows64_CodeGen/Unity.Collections.CodeGen.rsp2
[272/737    0s] WriteText Library/Bee/artifacts/StandaloneWindows64_CodeGen/Unity.Collections.CodeGen.UnityAdditionalFile.txt
[273/737    0s] WriteText Library/Bee/artifacts/StandaloneWindows64_CodeGen/Unity.Burst.CodeGen.rsp2
[274/737    0s] WriteText Library/Bee/artifacts/1900b0aP.dag/Unity.RenderPipelines.Core.Runtime.UnityAdditionalFile.txt
[275/737    0s] WriteText Library/Bee/artifacts/1900b0aP.dag/Unity.RenderPipelines.Core.Runtime.dll.mvfrm.rsp
[281/737    0s] WriteText Library/Bee/artifacts/1900b0aP.dag/Unity.RenderPipelines.Core.Runtime.rsp
[282/737    0s] WriteText Library/Bee/artifacts/1900b0aP.dag/Unity.RenderPipelines.Core.Runtime.rsp2
[283/737    0s] WriteText Library/Bee/artifacts/StandaloneWindows64_CodeGen/Unity.Collections.CodeGen.dll.mvfrm.rsp
[284/737    0s] WriteText Library/Bee/artifacts/StandaloneWindows64_CodeGen/Unity.Burst.CodeGen.dll.mvfrm.rsp
[285/737    0s] WriteText Library/Bee/artifacts/StandaloneWindows64_CodeGen/Unity.Collections.CodeGen.rsp
[286/737    0s] WriteText Library/Bee/artifacts/StandaloneWindows64_CodeGen/Unity.Burst.CodeGen.rsp
[287/737    0s] WriteText Library/Bee/artifacts/1900b0aP.dag/Unity.RenderPipeline.Universal.ShaderLibrary.rsp2
[288/737    0s] WriteText Library/Bee/artifacts/1900b0aP.dag/Unity.RenderPipelines.Core.Runtime.Shared.UnityAdditionalFile.txt
[289/737    0s] WriteText Library/Bee/artifacts/1900b0aP.dag/Unity.RenderPipelines.Universal.Config.Runtime.UnityAdditionalFile.txt
[290/737    0s] MovedFromExtractor Library/Bee/artifacts/mvdfrm/UnityEngine.PerformanceReportingModule.dll_7A70F1D03023497C.mvfrm
[291/737    0s] WriteText Library/Bee/artifacts/1900b0aP.dag/Unity.RenderPipeline.Universal.ShaderLibrary.UnityAdditionalFile.txt
[292/737    0s] WriteText Library/Bee/artifacts/1900b0aP.dag/Unity.RenderPipelines.Core.Runtime.Shared.rsp2
[293/737    0s] WriteText Library/Bee/artifacts/1900b0aP.dag/Unity.RenderPipelines.GPUDriven.Runtime.rsp2
[294/737    0s] WriteText Library/Bee/artifacts/1900b0aP.dag/Unity.RenderPipelines.GPUDriven.Runtime.UnityAdditionalFile.txt
[295/737    0s] WriteText Library/Bee/artifacts/1900b0aP.dag/Unity.UnifiedRayTracing.Runtime.rsp2
[296/737    0s] WriteText Library/Bee/artifacts/1900b0aP.dag/Unity.RenderPipelines.Universal.Config.Runtime.rsp2
[297/737    0s] WriteText Library/Bee/artifacts/1900b0aP.dag/Unity.RenderPipeline.Universal.ShaderLibrary.dll.mvfrm.rsp
[298/737    0s] WriteText Library/Bee/artifacts/1900b0aP.dag/Unity.RenderPipeline.Universal.ShaderLibrary.rsp
[299/737    0s] WriteText Library/Bee/artifacts/1900b0aP.dag/Unity.UnifiedRayTracing.Runtime.UnityAdditionalFile.txt
[300/737    0s] WriteText Library/Bee/artifacts/StandaloneWindows64_CodeGen/Unity.Burst.CodeGen.UnityAdditionalFile.txt
[301/737    0s] WriteText Library/Bee/artifacts/1900b0aP.dag/Unity.RenderPipelines.GPUDriven.Runtime.dll.mvfrm.rsp
[302/737    0s] WriteText Library/Bee/artifacts/1900b0aP.dag/Unity.RenderPipelines.Core.Runtime.Shared.dll.mvfrm.rsp
[303/737    0s] WriteText Library/Bee/artifacts/1900b0aP.dag/Unity.UnifiedRayTracing.Runtime.dll.mvfrm.rsp
[304/737    0s] WriteText Library/Bee/artifacts/1900b0aP.dag/Unity.RenderPipelines.Universal.Config.Runtime.dll.mvfrm.rsp
[305/737    0s] WriteText Library/Bee/artifacts/1900b0aP.dag/Unity.RenderPipelines.Universal.Config.Runtime.rsp
[306/737    0s] WriteText Library/Bee/artifacts/1900b0aP.dag/Unity.UnifiedRayTracing.Runtime.rsp
[307/737    0s] WriteText Library/Bee/artifacts/1900b0aP.dag/Unity.RenderPipelines.GPUDriven.Runtime.rsp
[308/737    0s] WriteText Library/Bee/artifacts/1900b0aP.dag/Unity.VisualScripting.Core.UnityAdditionalFile.txt
[309/737    0s] WriteText Library/Bee/artifacts/1900b0aP.dag/Unity.RenderPipelines.Universal.Runtime.UnityAdditionalFile.txt
[310/737    0s] WriteText Library/Bee/artifacts/1900b0aP.dag/Unity.VisualScripting.Core.rsp2
[311/737    0s] WriteText Library/Bee/artifacts/1900b0aP.dag/Unity.RenderPipelines.Universal.Runtime.rsp2
[312/737    0s] WriteText Library/Bee/artifacts/1900b0aP.dag/Unity.VisualScripting.Core.dll.mvfrm.rsp
[313/737    0s] WriteText Library/Bee/artifacts/1900b0aP.dag/Unity.InferenceEngine.UnityAdditionalFile.txt
[314/737    0s] WriteText Library/Bee/artifacts/1900b0aP.dag/Unity.InferenceEngine.rsp2
[315/737    0s] WriteText Library/Bee/artifacts/1900b0aP.dag/Unity.ML-Agents.CommunicatorObjects.rsp2
[316/737    0s] WriteText Library/Bee/artifacts/1900b0aP.dag/Unity.VisualScripting.Core.rsp
[317/737    0s] WriteText Library/Bee/artifacts/1900b0aP.dag/Unity.ML-Agents.CommunicatorObjects.UnityAdditionalFile.txt
[318/737    0s] WriteResponseFile Library/Bee/artifacts/rsp/4747638433968585886.rsp
[319/737    0s] WriteText Library/Bee/artifacts/1900b0aP.dag/Unity.InferenceEngine.dll.mvfrm.rsp
[320/737    0s] WriteText Library/Bee/artifacts/1900b0aP.dag/Unity.InferenceEngine.rsp
[321/737    0s] WriteText Library/Bee/artifacts/1900b0aP.dag/Unity.ML-Agents.CommunicatorObjects.dll.mvfrm.rsp
[322/737    0s] WriteText Library/Bee/artifacts/1900b0aP.dag/Unity.RenderPipelines.Universal.Runtime.dll.mvfrm.rsp
[323/737    0s] WriteText Library/Bee/artifacts/1900b0aP.dag/Unity.RenderPipelines.Universal.Runtime.rsp
[324/737    0s] WriteText Library/Bee/artifacts/1900b0aP.dag/Unity.ML-Agents.CommunicatorObjects.rsp
[325/737    0s] WriteText Library/Bee/artifacts/1900b0aP.dag/Unity.VisualScripting.Flow.UnityAdditionalFile.txt
[326/737    0s] WriteText Library/Bee/artifacts/1900b0aP.dag/Unity.ML-Agents.rsp2
[327/737    0s] WriteText Library/Bee/artifacts/1900b0aP.dag/Unity.VisualScripting.Flow.rsp2
[328/737    0s] WriteText Library/Bee/artifacts/1900b0aP.dag/Unity.AI.Tracing.UnityAdditionalFile.txt
[329/737    0s] WriteText Library/Bee/artifacts/1900b0aP.dag/Unity.InternalAPIEngineBridge.004.rsp2
[330/737    0s] WriteText Library/Bee/artifacts/1900b0aP.dag/Unity.AI.Tracing.rsp2
[331/737    0s] WriteText Library/Bee/artifacts/1900b0aP.dag/Unity.ML-Agents.UnityAdditionalFile.txt
[332/737    0s] WriteText Library/Bee/artifacts/1900b0aP.dag/Unity.InternalAPIEngineBridge.004.UnityAdditionalFile.txt
[333/737    0s] WriteText Library/Bee/artifacts/1900b0aP.dag/glTFast.UnityAdditionalFile.txt
[334/737    0s] WriteText Library/Bee/artifacts/1900b0aP.dag/glTFast.rsp2
[335/737    0s] WriteText Library/Bee/artifacts/1900b0aP.dag/Unity.VisualScripting.Flow.rsp
[336/737    0s] WriteText Library/Bee/artifacts/1900b0aP.dag/Unity.ML-Agents.dll.mvfrm.rsp
[337/737    0s] WriteText Library/Bee/artifacts/1900b0aP.dag/Unity.InternalAPIEngineBridge.004.dll.mvfrm.rsp
[338/737    0s] WriteText Library/Bee/artifacts/1900b0aP.dag/Unity.ML-Agents.rsp
[339/737    0s] WriteText Library/Bee/artifacts/1900b0aP.dag/Unity.AI.Tracing.dll.mvfrm.rsp
[340/737    0s] WriteText Library/Bee/artifacts/1900b0aP.dag/Unity.VisualScripting.Flow.dll.mvfrm.rsp
[341/737    0s] WriteText Library/Bee/artifacts/1900b0aP.dag/Unity.AI.Tracing.rsp
[342/737    0s] WriteText Library/Bee/artifacts/1900b0aP.dag/glTFast.dll.mvfrm.rsp
[343/737    0s] WriteText Library/Bee/artifacts/1900b0aP.dag/Unity.InternalAPIEngineBridge.004.rsp
[344/737    0s] WriteText Library/Bee/artifacts/1900b0aP.dag/Unity.TextMeshPro.UnityAdditionalFile.txt
[345/737    0s] WriteText Library/Bee/artifacts/1900b0aP.dag/Unity.TextMeshPro.rsp2
[346/737    0s] WriteText Library/Bee/artifacts/1900b0aP.dag/Unity.VisualScripting.State.rsp2
[347/737    0s] WriteText Library/Bee/artifacts/1900b0aP.dag/Unity.Serialization.rsp2
[348/737    0s] WriteText Library/Bee/artifacts/1900b0aP.dag/Unity.RenderPipelines.Universal.Shaders.UnityAdditionalFile.txt
[349/737    0s] WriteText Library/Bee/artifacts/1900b0aP.dag/Unity.Serialization.UnityAdditionalFile.txt
[350/737    0s] WriteText Library/Bee/artifacts/1900b0aP.dag/Unity.RenderPipelines.ShaderGraph.ShaderGraphLibrary.UnityAdditionalFile.txt
[351/737    0s] WriteText Library/Bee/artifacts/1900b0aP.dag/Unity.RenderPipelines.Universal.2D.Runtime.rsp2
[352/737    0s] WriteText Library/Bee/artifacts/1900b0aP.dag/Unity.RenderPipelines.ShaderGraph.ShaderGraphLibrary.rsp2
[353/737    0s] WriteText Library/Bee/artifacts/1900b0aP.dag/Unity.Timeline.UnityAdditionalFile.txt
[354/737    0s] WriteText Library/Bee/artifacts/1900b0aP.dag/Unity.AI.Assistant.Runtime.UnityAdditionalFile.txt
[355/737    0s] WriteText Library/Bee/artifacts/1900b0aP.dag/Unity.AI.Assistant.Runtime.rsp2
[356/737    0s] WriteText Library/Bee/artifacts/1900b0aP.dag/Unity.AI.MCP.Runtime.UnityAdditionalFile.txt
[357/737    0s] WriteText Library/Bee/artifacts/1900b0aP.dag/Unity.AI.MCP.Runtime.rsp2
[358/737    0s] WriteText Library/Bee/artifacts/1900b0aP.dag/Unity.InferenceEngine.Tokenization.UnityAdditionalFile.txt
[359/737    0s] WriteText Library/Bee/artifacts/1900b0aP.dag/Unity.RenderPipelines.Universal.Shaders.rsp2
[360/737    0s] WriteText Library/Bee/artifacts/1900b0aP.dag/Unity.InferenceEngine.Tokenization.rsp2
[361/737    0s] WriteText Library/Bee/artifacts/1900b0aP.dag/Unity.InputSystem.ForUI.UnityAdditionalFile.txt
[362/737    0s] WriteText Library/Bee/artifacts/1900b0aP.dag/Unity.InputSystem.ForUI.rsp2
[363/737    0s] WriteText Library/Bee/artifacts/1900b0aP.dag/Unity.ML-Agents.Input.UnityAdditionalFile.txt
[364/737    0s] WriteText Library/Bee/artifacts/1900b0aP.dag/Unity.ML-Agents.Input.rsp2
[365/737    0s] WriteText Library/Bee/artifacts/1900b0aP.dag/Unity.Multiplayer.Center.Common.UnityAdditionalFile.txt
[366/737    0s] WriteText Library/Bee/artifacts/1900b0aP.dag/Unity.Multiplayer.Center.Common.rsp2
[367/737    0s] WriteText Library/Bee/artifacts/1900b0aP.dag/Unity.RenderPipelines.Core.ShaderLibrary.UnityAdditionalFile.txt
[368/737    0s] WriteText Library/Bee/artifacts/1900b0aP.dag/Unity.RenderPipelines.Universal.2D.Runtime.UnityAdditionalFile.txt
[369/737    0s] WriteText Library/Bee/artifacts/1900b0aP.dag/Unity.RenderPipelines.Core.ShaderLibrary.rsp2
[370/737    0s] WriteText Library/Bee/artifacts/1900b0aP.dag/Unity.Timeline.rsp2
[371/737    0s] WriteText Library/Bee/artifacts/1900b0aP.dag/Unity.VisualScripting.State.UnityAdditionalFile.txt
[372/737    0s] WriteText Library/Bee/artifacts/1900b0aP.dag/Unity.TextMeshPro.dll.mvfrm.rsp
[373/737    0s] WriteText Library/Bee/artifacts/1900b0aP.dag/Unity.AI.MCP.Runtime.dll.mvfrm.rsp
[374/737    0s] WriteText Library/Bee/artifacts/1900b0aP.dag/Unity.ML-Agents.Input.dll.mvfrm.rsp
[375/737    0s] WriteText Library/Bee/artifacts/1900b0aP.dag/Unity.RenderPipelines.Universal.2D.Runtime.dll.mvfrm.rsp
[376/737    0s] WriteText Library/Bee/artifacts/1900b0aP.dag/Unity.RenderPipelines.Core.ShaderLibrary.dll.mvfrm.rsp
[377/737    0s] WriteText Library/Bee/artifacts/1900b0aP.dag/Unity.Multiplayer.Center.Common.dll.mvfrm.rsp
[378/737    0s] WriteText Library/Bee/artifacts/1900b0aP.dag/Unity.InferenceEngine.Tokenization.dll.mvfrm.rsp
[379/737    0s] WriteText Library/Bee/artifacts/1900b0aP.dag/Unity.AI.Assistant.Runtime.dll.mvfrm.rsp
[380/737    0s] WriteText Library/Bee/artifacts/1900b0aP.dag/Unity.InputSystem.ForUI.dll.mvfrm.rsp
[381/737    0s] WriteText Library/Bee/artifacts/1900b0aP.dag/Unity.Timeline.dll.mvfrm.rsp
[382/737    0s] WriteText Library/Bee/artifacts/1900b0aP.dag/Unity.RenderPipelines.Core.Runtime.Shared.rsp
[383/737    0s] WriteText Library/Bee/artifacts/1900b0aP.dag/Unity.VisualScripting.State.dll.mvfrm.rsp
[384/737    0s] WriteText Library/Bee/artifacts/1900b0aP.dag/Unity.RenderPipelines.Universal.Shaders.dll.mvfrm.rsp
[385/737    0s] WriteText Library/Bee/artifacts/1900b0aP.dag/Unity.Serialization.dll.mvfrm.rsp
[386/737    0s] WriteText Library/Bee/artifacts/1900b0aP.dag/Unity.RenderPipelines.ShaderGraph.ShaderGraphLibrary.dll.mvfrm.rsp
[387/737    0s] WriteText Library/Bee/artifacts/1900b0aP.dag/Unity.RenderPipelines.ShaderGraph.ShaderGraphLibrary.rsp
[388/737    0s] WriteText Library/Bee/artifacts/1900b0aP.dag/Unity.AI.MCP.Runtime.rsp
[389/737    0s] WriteText Library/Bee/artifacts/1900b0aP.dag/Unity.Multiplayer.Center.Common.rsp
[390/737    0s] WriteText Library/Bee/artifacts/1900b0aP.dag/Unity.RenderPipelines.Core.ShaderLibrary.rsp
[391/737    0s] WriteText Library/Bee/artifacts/1900b0aP.dag/Unity.InputSystem.ForUI.rsp
[392/737    0s] WriteText Library/Bee/artifacts/1900b0aP.dag/Unity.RenderPipelines.Universal.2D.Runtime.rsp
[393/737    0s] WriteText Library/Bee/artifacts/1900b0aP.dag/Unity.Timeline.rsp
[394/737    0s] WriteText Library/Bee/artifacts/1900b0aP.dag/Unity.AI.Assistant.Runtime.rsp
[395/737    0s] WriteText Library/Bee/artifacts/1900b0aP.dag/glTFast.rsp
[396/737    0s] WriteText Library/Bee/artifacts/1900b0aP.dag/Unity.InferenceEngine.Tokenization.rsp
[397/737    0s] WriteText Library/Bee/artifacts/1900b0aP.dag/Unity.VisualScripting.State.rsp
[398/737    0s] WriteText Library/Bee/artifacts/1900b0aP.dag/Unity.ML-Agents.Input.rsp
[399/737    0s] WriteText Library/Bee/artifacts/1900b0aP.dag/Unity.TextMeshPro.rsp
[400/737    0s] WriteText Library/Bee/artifacts/1900b0aP.dag/glTFast.Newtonsoft.UnityAdditionalFile.txt
[401/737    0s] WriteText Library/Bee/artifacts/1900b0aP.dag/Unity.RenderPipelines.Universal.Shaders.rsp
[402/737    0s] WriteText Library/Bee/artifacts/1900b0aP.dag/glTFast.Export.UnityAdditionalFile.txt
[403/737    0s] WriteText Library/Bee/artifacts/1900b0aP.dag/glTFast.dots.rsp2
[404/737    0s] WriteText Library/Bee/artifacts/1900b0aP.dag/glTFast.dots.UnityAdditionalFile.txt
[405/737    0s] WriteText Library/Bee/artifacts/1900b0aP.dag/glTFast.Newtonsoft.rsp2
[406/737    0s] WriteText Library/Bee/artifacts/1900b0aP.dag/glTFast.dots.dll.mvfrm.rsp
[407/737    0s] WriteText Library/Bee/artifacts/1900b0aP.dag/glTFast.Export.dll.mvfrm.rsp
[408/737    0s] WriteText Library/Bee/artifacts/1900b0aP.dag/glTFast.Export.rsp
[409/737    0s] WriteText Library/Bee/artifacts/1900b0aP.dag/glTFast.Newtonsoft.rsp
[410/737    0s] WriteText Library/Bee/artifacts/1900b0aP.dag/glTFast.Newtonsoft.dll.mvfrm.rsp
[411/737    0s] WriteText Library/Bee/artifacts/1900b0aP.dag/glTFast.dots.rsp
[412/737    0s] WriteText Library/Bee/artifacts/1900b0aP.dag/glTFast.Documentation.Examples.dll.mvfrm.rsp
[413/737    0s] WriteText Library/Bee/artifacts/1900b0aP.dag/Unity.VisualScripting.DocCodeExamples.dll.mvfrm.rsp
[414/737    0s] WriteText Library/Bee/artifacts/1900b0aP.dag/glTFast.Documentation.Examples.rsp2
[415/737    0s] WriteText Library/Bee/artifacts/1900b0aP.dag/Assembly-CSharp.dll.mvfrm.rsp
[416/737    0s] WriteText Library/Bee/artifacts/1900b0aP.dag/Assembly-CSharp.UnityAdditionalFile.txt
[417/737    0s] WriteText Library/Bee/artifacts/1900b0aP.dag/Assembly-CSharp.rsp2
[418/737    0s] WriteText Library/Bee/artifacts/1900b0aP.dag/Unity.VisualScripting.DocCodeExamples.rsp2
[419/737    0s] WriteText Library/Bee/artifacts/1900b0aP.dag/glTFast.Documentation.Examples.UnityAdditionalFile.txt
[420/737    0s] WriteText Library/Bee/artifacts/1900b0aP.dag/Unity.VisualScripting.DocCodeExamples.UnityAdditionalFile.txt
[421/737    0s] WriteText Library/Bee/artifacts/1900b0aP.dag/Assembly-CSharp.rsp
[422/737    0s] WriteText Library/Bee/artifacts/1900b0aP.dag/glTFast.Documentation.Examples.rsp
[423/737    0s] WriteText Library/Bee/artifacts/1900b0aP.dag/Unity.VisualScripting.DocCodeExamples.rsp
[424/737    0s] WriteResponseFile Library/Bee/artifacts/rsp/13674863544783556533.rsp
[425/737    0s] WriteResponseFile Library/Bee/artifacts/rsp/9214959320304114541.rsp
[426/737    0s] WriteResponseFile Library/Bee/artifacts/rsp/15657232602956725864.rsp
[427/737    0s] WriteResponseFile Library/Bee/artifacts/rsp/11269469109637777866.rsp
[428/737    0s] WriteResponseFile Library/Bee/artifacts/rsp/3787072742597823484.rsp
[429/737    0s] WriteResponseFile Library/Bee/artifacts/rsp/5096412351288864528.rsp
[430/737    0s] WriteResponseFile Library/Bee/artifacts/rsp/17989673588231666562.rsp
[431/737    0s] WriteResponseFile Library/Bee/artifacts/rsp/8031029260432620717.rsp
[432/737    0s] WriteResponseFile Library/Bee/artifacts/rsp/16049648556358529166.rsp
[433/737    0s] WriteText Library/Bee/artifacts/1900b0aP.dag/Unity.Serialization.rsp
[434/737    0s] WriteText Library/Bee/artifacts/1900b0aP.dag/glTFast.Export.rsp2
[435/737    0s] WriteResponseFile Library/Bee/artifacts/rsp/7613050566626658858.rsp
[436/737    0s] WriteResponseFile Library/Bee/artifacts/rsp/15018142518069335940.rsp
[437/737    0s] WriteResponseFile Library/Bee/artifacts/rsp/11194717251339422286.rsp
[438/737    0s] WriteResponseFile Library/Bee/artifacts/rsp/9519284775347151035.rsp
[439/737    0s] WriteResponseFile Library/Bee/artifacts/rsp/6665052274935282542.rsp
[440/737    0s] WriteResponseFile Library/Bee/artifacts/rsp/18345886388837496740.rsp
[441/737    0s] WriteResponseFile Library/Bee/artifacts/rsp/581534939804293798.rsp
[442/737    0s] WriteResponseFile Library/Bee/artifacts/rsp/16535624540582444286.rsp
[443/737    0s] WriteResponseFile Library/Bee/artifacts/rsp/1680034479874699015.rsp
[444/737    0s] WriteResponseFile Library/Bee/artifacts/rsp/11083720766523286674.rsp
[445/737    0s] WriteResponseFile Library/Bee/artifacts/rsp/13782321602608311084.rsp
[446/737    0s] WriteResponseFile Library/Bee/artifacts/rsp/1631200633640713754.rsp
[447/737    0s] WriteResponseFile Library/Bee/artifacts/rsp/12777052554256862767.rsp
[448/737    0s] WriteResponseFile Library/Bee/artifacts/rsp/8583100661859349468.rsp
[449/737    0s] WriteResponseFile Library/Bee/artifacts/rsp/16165950076103467137.rsp
[450/737    0s] WriteResponseFile Library/Bee/artifacts/rsp/9958384054192440873.rsp
[451/737    0s] WriteResponseFile Library/Bee/artifacts/rsp/9086351026866434582.rsp
[452/737    0s] WriteResponseFile Library/Bee/artifacts/rsp/10426001015909793444.rsp
[453/737    0s] WriteResponseFile Library/Bee/artifacts/rsp/5214157732518510688.rsp
[454/737    0s] WriteResponseFile Library/Bee/artifacts/rsp/6112714924522806656.rsp
[455/737    0s] WriteResponseFile Library/Bee/artifacts/rsp/3763678773947237655.rsp
[456/737    0s] WriteResponseFile Library/Bee/artifacts/rsp/16977959586838228296.rsp
[457/737    0s] WriteResponseFile Library/Bee/artifacts/rsp/14579418617428099983.rsp
[458/737    0s] WriteResponseFile Library/Bee/artifacts/rsp/4007711799635523933.rsp
[459/737    0s] WriteResponseFile Library/Bee/artifacts/rsp/18390549771448848733.rsp
[460/737    0s] WriteResponseFile Library/Bee/artifacts/rsp/5310736496784036682.rsp
[461/737    0s] WriteResponseFile Library/Bee/artifacts/rsp/11482205187095294290.rsp
[462/737    0s] WriteResponseFile Library/Bee/artifacts/rsp/16214632825391732277.rsp
[463/737    0s] WriteResponseFile Library/Bee/artifacts/rsp/11958667247256460378.rsp
[464/737    0s] WriteResponseFile Library/Bee/artifacts/rsp/2825474603313457067.rsp
[465/737    0s] WriteResponseFile Library/Bee/artifacts/rsp/311659140213419344.rsp
[466/737    0s] WriteResponseFile Library/Bee/artifacts/rsp/4785370087603955865.rsp
[467/737    0s] MovedFromExtractor Library/Bee/artifacts/mvdfrm/UnityEngine.Physics2DModule.dll_104AB9E14FB2D0CF.mvfrm
[468/737    0s] MovedFromExtractor Library/Bee/artifacts/mvdfrm/UnityEngine.PhysicsModule.dll_06B8ECBA999673FD.mvfrm
[469/737    0s] MovedFromExtractor Library/Bee/artifacts/mvdfrm/UnityEngine.PropertiesModule.dll_32EA57AB16ABAA91.mvfrm
[470/737    0s] MovedFromExtractor Library/Bee/artifacts/mvdfrm/UnityEngine.RenderAs2DModule.dll_74221A30F605F4C8.mvfrm
[471/737    0s] MovedFromExtractor Library/Bee/artifacts/mvdfrm/UnityEngine.RuntimeInitializeOnLoadManagerInitializerModule.dll_C4FA64B0AE845F98.mvfrm
[472/737    0s] MovedFromExtractor Library/Bee/artifacts/mvdfrm/UnityEngine.SharedInternalsModule.dll_50EDBEFC0826A497.mvfrm
[473/737    0s] MovedFromExtractor Library/Bee/artifacts/mvdfrm/UnityEngine.ScreenCaptureModule.dll_7B45F22FD4D08C80.mvfrm
[474/737    0s] MovedFromExtractor Library/Bee/artifacts/mvdfrm/UnityEngine.ShaderVariantAnalyticsModule.dll_DAC0605DD3C4EFE4.mvfrm
[475/737    0s] MovedFromExtractor Library/Bee/artifacts/mvdfrm/UnityEngine.ShaderRuntimeModule.dll_911E649D112C6A09.mvfrm
[476/737    0s] MovedFromExtractor-Combine Library/Bee/artifacts/1900b0aP.dag/UnityEngine.UI.dll.mvfrm
[477/737    0s] MovedFromExtractor-Combine Library/Bee/artifacts/StandaloneWindows64_CodeGen/UnityEngine.TestRunner.dll.mvfrm
[478/737    0s] MovedFromExtractor-Combine Library/Bee/artifacts/StandaloneWindows64_CodeGen/UnityEngine.UI.dll.mvfrm
[479/737    5s] Csc Library/Bee/artifacts/1900b0aP.dag/UnityEngine.UI.dll (+2 others)
[480/737    5s] Csc Library/Bee/artifacts/StandaloneWindows64_CodeGen/UnityEngine.UI.dll (+2 others)
[481/737    5s] Csc Library/Bee/artifacts/StandaloneWindows64_CodeGen/UnityEngine.TestRunner.dll (+2 others)
[           0s] Csc Library/Bee/artifacts/1900b0aP.dag/UnityEngine.UI.dll (+2 others) [CacheWrite 00000000000000000000000000000005]
[           0s] Csc Library/Bee/artifacts/StandaloneWindows64_CodeGen/UnityEngine.UI.dll (+2 others) [CacheWrite 00000000000000000000000000000005]
[           0s] Csc Library/Bee/artifacts/StandaloneWindows64_CodeGen/UnityEngine.TestRunner.dll (+2 others) [CacheWrite 00000000000000000000000000000005]
[482/737    0s] MovedFromExtractor Library/Bee/artifacts/mvdfrm/UnityEngine.UI.ref.dll_067A08117AF80C84.mvfrm
[483/737    0s] MovedFromExtractor Library/Bee/artifacts/mvdfrm/UnityEngine.UI.ref.dll_FAE6DBEA21006BE5.mvfrm
[484/737    0s] MovedFromExtractor Library/Bee/artifacts/mvdfrm/UnityEngine.TestRunner.ref.dll_8A6B5906B2BCBEC2.mvfrm
[485/737    0s] MovedFromExtractor-Combine Library/Bee/artifacts/1900b0aP.dag/Unity.AI.MCP.Runtime.dll.mvfrm
[486/737    0s] MovedFromExtractor-Combine Library/Bee/artifacts/1900b0aP.dag/Unity.Mathematics.dll.mvfrm
[487/737    0s] MovedFromExtractor-Combine Library/Bee/artifacts/1900b0aP.dag/Unity.RenderPipelines.Universal.Shaders.dll.mvfrm
[488/737    0s] MovedFromExtractor-Combine Library/Bee/artifacts/1900b0aP.dag/Unity.InferenceEngine.Tokenization.dll.mvfrm
[489/737    0s] MovedFromExtractor-Combine Library/Bee/artifacts/1900b0aP.dag/Unity.AI.Tracing.dll.mvfrm
[490/737    0s] MovedFromExtractor-Combine Library/Bee/artifacts/1900b0aP.dag/Unity.Multiplayer.Center.Common.dll.mvfrm
[491/737    0s] MovedFromExtractor-Combine Library/Bee/artifacts/1900b0aP.dag/Unity.ML-Agents.CommunicatorObjects.dll.mvfrm
[492/737    0s] MovedFromExtractor-Combine Library/Bee/artifacts/1900b0aP.dag/Unity.Timeline.dll.mvfrm
[493/737    0s] MovedFromExtractor-Combine Library/Bee/artifacts/1900b0aP.dag/Unity.RenderPipelines.ShaderGraph.ShaderGraphLibrary.dll.mvfrm
[494/737    0s] MovedFromExtractor-Combine Library/Bee/artifacts/1900b0aP.dag/Unity.InternalAPIEngineBridge.004.dll.mvfrm
[495/737    0s] MovedFromExtractor-Combine Library/Bee/artifacts/1900b0aP.dag/glTFast.Newtonsoft.dll.mvfrm
[496/737    0s] MovedFromExtractor-Combine Library/Bee/artifacts/1900b0aP.dag/Unity.RenderPipelines.Core.ShaderLibrary.dll.mvfrm
[497/737    0s] MovedFromExtractor-Combine Library/Bee/artifacts/1900b0aP.dag/Unity.Burst.dll.mvfrm
[498/737    0s] MovedFromExtractor-Combine Library/Bee/artifacts/1900b0aP.dag/Unity.InputSystem.dll.mvfrm
[499/737    0s] MovedFromExtractor-Combine Library/Bee/artifacts/StandaloneWindows64_CodeGen/UnityEditor.TestRunner.dll.mvfrm
[500/737    1s] Csc Library/Bee/artifacts/1900b0aP.dag/Unity.RenderPipelines.Universal.Shaders.dll (+2 others)
[501/737    1s] Csc Library/Bee/artifacts/1900b0aP.dag/Unity.RenderPipelines.ShaderGraph.ShaderGraphLibrary.dll (+2 others)
[502/737    1s] Csc Library/Bee/artifacts/1900b0aP.dag/Unity.RenderPipelines.Core.ShaderLibrary.dll (+2 others)
[503/737    1s] Csc Library/Bee/artifacts/1900b0aP.dag/Unity.InternalAPIEngineBridge.004.dll (+2 others)
[           0s] Csc Library/Bee/artifacts/1900b0aP.dag/Unity.RenderPipelines.Universal.Shaders.dll (+2 others) [CacheWrite 00000000000000000000000000000005]
[           0s] Csc Library/Bee/artifacts/1900b0aP.dag/Unity.RenderPipelines.ShaderGraph.ShaderGraphLibrary.dll (+2 others) [CacheWrite 00000000000000000000000000000005]
[           0s] Csc Library/Bee/artifacts/1900b0aP.dag/Unity.RenderPipelines.Core.ShaderLibrary.dll (+2 others) [CacheWrite 00000000000000000000000000000005]
[           0s] Csc Library/Bee/artifacts/1900b0aP.dag/Unity.InternalAPIEngineBridge.004.dll (+2 others) [CacheWrite 00000000000000000000000000000005]
[504/737    1s] Csc Library/Bee/artifacts/1900b0aP.dag/Unity.Multiplayer.Center.Common.dll (+2 others)
[           0s] Csc Library/Bee/artifacts/1900b0aP.dag/Unity.Multiplayer.Center.Common.dll (+2 others) [CacheWrite 00000000000000000000000000000005]
[505/737    0s] MovedFromExtractor Library/Bee/artifacts/mvdfrm/Unity.RenderPipelines.ShaderGraph.ShaderGraphLibrary.ref.dll_2AC6C82FC7FB4B7D.mvfrm
[506/737    1s] Csc Library/Bee/artifacts/1900b0aP.dag/Unity.AI.MCP.Runtime.dll (+2 others)
[507/737    0s] MovedFromExtractor Library/Bee/artifacts/mvdfrm/Unity.InternalAPIEngineBridge.004.ref.dll_7AD2F2F025096F31.mvfrm
[508/737    0s] MovedFromExtractor Library/Bee/artifacts/mvdfrm/Unity.RenderPipelines.Core.ShaderLibrary.ref.dll_86BC04EDBBAD6DBD.mvfrm
[509/737    0s] MovedFromExtractor Library/Bee/artifacts/mvdfrm/Unity.RenderPipelines.Universal.Shaders.ref.dll_334E79423F1A0A4B.mvfrm
[           0s] Csc Library/Bee/artifacts/1900b0aP.dag/Unity.AI.MCP.Runtime.dll (+2 others) [CacheWrite 00000000000000000000000000000005]
[510/737    0s] MovedFromExtractor Library/Bee/artifacts/mvdfrm/Unity.Multiplayer.Center.Common.ref.dll_91DB8B878EE57073.mvfrm
[511/737    0s] MovedFromExtractor-Combine Library/Bee/artifacts/1900b0aP.dag/Unity.TextMeshPro.dll.mvfrm
[512/737    0s] MovedFromExtractor Library/Bee/artifacts/mvdfrm/Unity.AI.MCP.Runtime.ref.dll_B9577C8E1D710301.mvfrm
[513/737    1s] Csc Library/Bee/artifacts/1900b0aP.dag/Unity.AI.Tracing.dll (+2 others)
[           0s] Csc Library/Bee/artifacts/1900b0aP.dag/Unity.AI.Tracing.dll (+2 others) [CacheWrite 00000000000000000000000000000005]
[514/737    0s] MovedFromExtractor Library/Bee/artifacts/mvdfrm/Unity.AI.Tracing.ref.dll_176AB3F298AE185F.mvfrm
[515/737    0s] MovedFromExtractor-Combine Library/Bee/artifacts/1900b0aP.dag/Unity.AI.Assistant.Runtime.dll.mvfrm
[516/737    2s] Csc Library/Bee/artifacts/1900b0aP.dag/Unity.ML-Agents.CommunicatorObjects.dll (+2 others)
[           0s] Csc Library/Bee/artifacts/1900b0aP.dag/Unity.ML-Agents.CommunicatorObjects.dll (+2 others) [CacheWrite 00000000000000000000000000000005]
[517/737    0s] MovedFromExtractor Library/Bee/artifacts/mvdfrm/Unity.ML-Agents.CommunicatorObjects.ref.dll_6B47296F1AE21100.mvfrm
[518/737    3s] Csc Library/Bee/artifacts/1900b0aP.dag/Unity.InferenceEngine.Tokenization.dll (+2 others)
[           0s] Csc Library/Bee/artifacts/1900b0aP.dag/Unity.InferenceEngine.Tokenization.dll (+2 others) [CacheWrite 00000000000000000000000000000005]
[519/737    0s] MovedFromExtractor Library/Bee/artifacts/mvdfrm/Unity.InferenceEngine.Tokenization.ref.dll_BC25371174A1F861.mvfrm
[520/737    4s] Csc Library/Bee/artifacts/1900b0aP.dag/Unity.Timeline.dll (+2 others)
[           0s] Csc Library/Bee/artifacts/1900b0aP.dag/Unity.Timeline.dll (+2 others) [CacheWrite 00000000000000000000000000000005]
[521/737    0s] MovedFromExtractor Library/Bee/artifacts/mvdfrm/Unity.Timeline.ref.dll_54050F91DBE64E14.mvfrm
[522/737    6s] Csc Library/Bee/artifacts/1900b0aP.dag/Unity.Burst.dll (+2 others)
[           0s] Csc Library/Bee/artifacts/1900b0aP.dag/Unity.Burst.dll (+2 others) [CacheWrite 00000000000000000000000000000005]
[523/737    6s] Csc Library/Bee/artifacts/StandaloneWindows64_CodeGen/UnityEditor.TestRunner.dll (+2 others)
[           0s] Csc Library/Bee/artifacts/StandaloneWindows64_CodeGen/UnityEditor.TestRunner.dll (+2 others) [CacheWrite 00000000000000000000000000000005]
[524/737    5s] Csc Library/Bee/artifacts/1900b0aP.dag/Unity.TextMeshPro.dll (+2 others)
[525/737    0s] MovedFromExtractor Library/Bee/artifacts/mvdfrm/Unity.Burst.ref.dll_14316E70964BB953.mvfrm
[526/737    4s] Csc Library/Bee/artifacts/1900b0aP.dag/Unity.AI.Assistant.Runtime.dll (+2 others)
[           0s] Csc Library/Bee/artifacts/1900b0aP.dag/Unity.TextMeshPro.dll (+2 others) [CacheWrite 00000000000000000000000000000005]
[527/737    0s] MovedFromExtractor Library/Bee/artifacts/mvdfrm/UnityEditor.TestRunner.ref.dll_BE4D0E5886F960D7.mvfrm
[           0s] Csc Library/Bee/artifacts/1900b0aP.dag/Unity.AI.Assistant.Runtime.dll (+2 others) [CacheWrite 00000000000000000000000000000005]
[528/737    0s] MovedFromExtractor-Combine Library/Bee/artifacts/StandaloneWindows64_CodeGen/UnityEditor.UI.dll.mvfrm
[529/737    0s] MovedFromExtractor Library/Bee/artifacts/mvdfrm/Unity.TextMeshPro.ref.dll_B085F143991618E6.mvfrm
[530/737    0s] MovedFromExtractor Library/Bee/artifacts/mvdfrm/Unity.AI.Assistant.Runtime.ref.dll_4B5A0411516DF1F5.mvfrm
[531/737    7s] Csc Library/Bee/artifacts/1900b0aP.dag/Unity.InputSystem.dll (+2 others)
Assets\com.unity.inputsystem@ea5ab5b33a26\InputSystem\Plugins\XR\TrackedPoseDriver.cs(422,17): warning CS0618: 'XRDevice' is obsolete: 'UnityEngine.VRModule is deprecated and will be removed in a future version. Please use the APIs in the UnityEngine.XRModule instead'

Assets\com.unity.inputsystem@ea5ab5b33a26\InputSystem\Plugins\XR\TrackedPoseDriver.cs(457,17): warning CS0618: 'XRDevice' is obsolete: 'UnityEngine.VRModule is deprecated and will be removed in a future version. Please use the APIs in the UnityEngine.XRModule instead'
[532/737    7s] Csc Library/Bee/artifacts/1900b0aP.dag/Unity.Mathematics.dll (+2 others)
[           0s] Csc Library/Bee/artifacts/1900b0aP.dag/Unity.Mathematics.dll (+2 others) [CacheWrite 00000000000000000000000000000005]
[533/737    0s] MovedFromExtractor Library/Bee/artifacts/mvdfrm/Unity.InputSystem.ref.dll_29109081F030768C.mvfrm
[534/737    0s] Csc Library/Bee/artifacts/StandaloneWindows64_CodeGen/UnityEditor.UI.dll (+2 others)
[535/737    0s] MovedFromExtractor Library/Bee/artifacts/mvdfrm/Unity.Mathematics.ref.dll_14D1A32168A0AD59.mvfrm
[           0s] Csc Library/Bee/artifacts/StandaloneWindows64_CodeGen/UnityEditor.UI.dll (+2 others) [CacheWrite 00000000000000000000000000000005]
[536/737    0s] MovedFromExtractor-Combine Library/Bee/artifacts/1900b0aP.dag/Unity.VisualScripting.Core.dll.mvfrm
[537/737    0s] MovedFromExtractor-Combine Library/Bee/artifacts/1900b0aP.dag/Unity.InputSystem.ForUI.dll.mvfrm
[538/737    0s] MovedFromExtractor-Combine Library/Bee/artifacts/1900b0aP.dag/Unity.Collections.dll.mvfrm
[539/737    0s] MovedFromExtractor-Combine Library/Bee/artifacts/1900b0aP.dag/glTFast.Documentation.Examples.dll.mvfrm
[540/737    0s] MovedFromExtractor Library/Bee/artifacts/mvdfrm/UnityEditor.UI.ref.dll_4A1431B674D5E419.mvfrm
[541/737    0s] MovedFromExtractor-Combine Library/Bee/artifacts/StandaloneWindows64_CodeGen/Unity.Mathematics.dll.mvfrm
[542/737    0s] MovedFromExtractor-Combine Library/Bee/artifacts/StandaloneWindows64_CodeGen/Unity.Burst.dll.mvfrm
[543/737    1s] Csc Library/Bee/artifacts/1900b0aP.dag/Unity.InputSystem.ForUI.dll (+2 others)
[544/737    0s] MovedFromExtractor Library/Bee/artifacts/mvdfrm/Unity.InputSystem.ForUI.ref.dll_72EE3CA5CEB6E69B.mvfrm
[545/737    2s] Csc Library/Bee/artifacts/StandaloneWindows64_CodeGen/Unity.Burst.dll (+2 others)
[           0s] Csc Library/Bee/artifacts/StandaloneWindows64_CodeGen/Unity.Burst.dll (+2 others) [CacheWrite 00000000000000000000000000000005]
[546/737    0s] MovedFromExtractor Library/Bee/artifacts/mvdfrm/Unity.Burst.ref.dll_1FE2D3C1A29D2F04.mvfrm
[547/737    3s] Csc Library/Bee/artifacts/1900b0aP.dag/Unity.VisualScripting.Core.dll (+2 others)
[548/737    0s] MovedFromExtractor-Combine Library/Bee/artifacts/StandaloneWindows64_CodeGen/Unity.Burst.CodeGen.dll.mvfrm
[           0s] Csc Library/Bee/artifacts/1900b0aP.dag/Unity.VisualScripting.Core.dll (+2 others) [CacheWrite 00000000000000000000000000000005]
[549/737    3s] Csc Library/Bee/artifacts/1900b0aP.dag/Unity.Collections.dll (+2 others)
[550/737    0s] MovedFromExtractor Library/Bee/artifacts/mvdfrm/Unity.VisualScripting.Core.ref.dll_27ACA245D8399F39.mvfrm
[           0s] Csc Library/Bee/artifacts/1900b0aP.dag/Unity.Collections.dll (+2 others) [CacheWrite 00000000000000000000000000000005]
[551/737    0s] MovedFromExtractor-Combine Library/Bee/artifacts/1900b0aP.dag/Unity.VisualScripting.Flow.dll.mvfrm
[552/737    0s] MovedFromExtractor Library/Bee/artifacts/mvdfrm/Unity.Collections.ref.dll_914F3C16C2C534D8.mvfrm
[553/737    0s] Csc Library/Bee/artifacts/StandaloneWindows64_CodeGen/Unity.Burst.CodeGen.dll (+2 others)
[           0s] Csc Library/Bee/artifacts/StandaloneWindows64_CodeGen/Unity.Burst.CodeGen.dll (+2 others) [CacheWrite 00000000000000000000000000000005]
[554/737    0s] MovedFromExtractor-Combine Library/Bee/artifacts/1900b0aP.dag/Unity.UnifiedRayTracing.Runtime.dll.mvfrm
[555/737    0s] MovedFromExtractor-Combine Library/Bee/artifacts/1900b0aP.dag/Unity.InferenceEngine.dll.mvfrm
[556/737    0s] MovedFromExtractor-Combine Library/Bee/artifacts/1900b0aP.dag/Unity.RenderPipelines.Core.Runtime.dll.mvfrm
[557/737    0s] MovedFromExtractor-Combine Library/Bee/artifacts/1900b0aP.dag/glTFast.dots.dll.mvfrm
[558/737    0s] MovedFromExtractor-Combine Library/Bee/artifacts/1900b0aP.dag/Unity.Serialization.dll.mvfrm
[559/737    6s] Csc Library/Bee/artifacts/StandaloneWindows64_CodeGen/Unity.Mathematics.dll (+2 others)
[           0s] Csc Library/Bee/artifacts/StandaloneWindows64_CodeGen/Unity.Mathematics.dll (+2 others) [CacheWrite 00000000000000000000000000000005]
[560/737    0s] MovedFromExtractor Library/Bee/artifacts/mvdfrm/Unity.Mathematics.ref.dll_628E19C683409F6A.mvfrm
[561/737    0s] MovedFromExtractor-Combine Library/Bee/artifacts/StandaloneWindows64_CodeGen/Unity.Collections.dll.mvfrm
[562/737    6s] Csc Library/Bee/artifacts/1900b0aP.dag/Unity.UnifiedRayTracing.Runtime.dll (+2 others)
[           0s] Csc Library/Bee/artifacts/1900b0aP.dag/Unity.UnifiedRayTracing.Runtime.dll (+2 others) [CacheWrite 00000000000000000000000000000005]
[563/737    6s] Csc Library/Bee/artifacts/1900b0aP.dag/Unity.Serialization.dll (+2 others)
[           0s] Csc Library/Bee/artifacts/1900b0aP.dag/Unity.Serialization.dll (+2 others) [CacheWrite 00000000000000000000000000000005]
[564/737    7s] Csc Library/Bee/artifacts/1900b0aP.dag/Unity.VisualScripting.Flow.dll (+2 others)
[           0s] Csc Library/Bee/artifacts/1900b0aP.dag/Unity.VisualScripting.Flow.dll (+2 others) [CacheWrite 00000000000000000000000000000005]
[565/737    0s] MovedFromExtractor Library/Bee/artifacts/mvdfrm/Unity.Serialization.ref.dll_3393E19F85229453.mvfrm
[566/737    0s] MovedFromExtractor Library/Bee/artifacts/mvdfrm/Unity.UnifiedRayTracing.Runtime.ref.dll_B6B717069F1A2BB7.mvfrm
[567/737    4s] Csc Library/Bee/artifacts/StandaloneWindows64_CodeGen/Unity.Collections.dll (+2 others)
[           0s] Csc Library/Bee/artifacts/StandaloneWindows64_CodeGen/Unity.Collections.dll (+2 others) [CacheWrite 00000000000000000000000000000005]
[568/737    0s] MovedFromExtractor Library/Bee/artifacts/mvdfrm/Unity.VisualScripting.Flow.ref.dll_6EBD829C5A4313E8.mvfrm
[569/737    0s] MovedFromExtractor-Combine Library/Bee/artifacts/1900b0aP.dag/Unity.VisualScripting.DocCodeExamples.dll.mvfrm
[570/737    0s] MovedFromExtractor-Combine Library/Bee/artifacts/1900b0aP.dag/Unity.VisualScripting.State.dll.mvfrm
[571/737    0s] MovedFromExtractor Library/Bee/artifacts/mvdfrm/Unity.Collections.ref.dll_DF0BB2BBDD6526E9.mvfrm
[572/737    0s] MovedFromExtractor-Combine Library/Bee/artifacts/StandaloneWindows64_CodeGen/Unity.Collections.CodeGen.dll.mvfrm
[573/737    0s] Csc Library/Bee/artifacts/1900b0aP.dag/Unity.VisualScripting.DocCodeExamples.dll (+2 others)
[           0s] Csc Library/Bee/artifacts/1900b0aP.dag/Unity.VisualScripting.DocCodeExamples.dll (+2 others) [CacheWrite 00000000000000000000000000000005]
[574/737    1s] Csc Library/Bee/artifacts/1900b0aP.dag/Unity.VisualScripting.State.dll (+2 others)
[           0s] Csc Library/Bee/artifacts/1900b0aP.dag/Unity.VisualScripting.State.dll (+2 others) [CacheWrite 00000000000000000000000000000005]
[575/737    0s] MovedFromExtractor Library/Bee/artifacts/mvdfrm/Unity.VisualScripting.State.ref.dll_F0190167D28F2F4D.mvfrm
[576/737    0s] Csc Library/Bee/artifacts/StandaloneWindows64_CodeGen/Unity.Collections.CodeGen.dll (+2 others)
[577/737    8s] Csc Library/Bee/artifacts/1900b0aP.dag/Unity.RenderPipelines.Core.Runtime.dll (+2 others)
[           0s] Csc Library/Bee/artifacts/StandaloneWindows64_CodeGen/Unity.Collections.CodeGen.dll (+2 others) [CacheWrite 00000000000000000000000000000005]
[           0s] Csc Library/Bee/artifacts/1900b0aP.dag/Unity.RenderPipelines.Core.Runtime.dll (+2 others) [CacheWrite 00000000000000000000000000000005]
[578/737    0s] MovedFromExtractor Library/Bee/artifacts/mvdfrm/Unity.RenderPipelines.Core.Runtime.ref.dll_CA9A1FD000BA57CF.mvfrm
[579/737    0s] MovedFromExtractor-Combine Library/Bee/artifacts/1900b0aP.dag/Unity.RenderPipeline.Universal.ShaderLibrary.dll.mvfrm
[580/737    0s] MovedFromExtractor-Combine Library/Bee/artifacts/1900b0aP.dag/Unity.RenderPipelines.Universal.Config.Runtime.dll.mvfrm
[581/737    0s] MovedFromExtractor-Combine Library/Bee/artifacts/1900b0aP.dag/Unity.RenderPipelines.Core.Runtime.Shared.dll.mvfrm
[582/737    0s] MovedFromExtractor-Combine Library/Bee/artifacts/1900b0aP.dag/Unity.RenderPipelines.GPUDriven.Runtime.dll.mvfrm
[583/737    9s] Csc Library/Bee/artifacts/1900b0aP.dag/Unity.InferenceEngine.dll (+2 others)
[           0s] Csc Library/Bee/artifacts/1900b0aP.dag/Unity.InferenceEngine.dll (+2 others) [CacheWrite 00000000000000000000000000000005]
[584/737    0s] ILPP-Configuration Library/ilpp-configuration.nevergeneratedoutput
[585/737    0s] Csc Library/Bee/artifacts/1900b0aP.dag/Unity.RenderPipelines.Core.Runtime.Shared.dll (+2 others)
[586/737    0s] Csc Library/Bee/artifacts/1900b0aP.dag/Unity.RenderPipeline.Universal.ShaderLibrary.dll (+2 others)
[587/737    0s] Csc Library/Bee/artifacts/1900b0aP.dag/Unity.RenderPipelines.Universal.Config.Runtime.dll (+2 others)
[           0s] Csc Library/Bee/artifacts/1900b0aP.dag/Unity.RenderPipelines.Core.Runtime.Shared.dll (+2 others) [CacheWrite 00000000000000000000000000000005]
[           0s] Csc Library/Bee/artifacts/1900b0aP.dag/Unity.RenderPipeline.Universal.ShaderLibrary.dll (+2 others) [CacheWrite 00000000000000000000000000000005]
[           0s] Csc Library/Bee/artifacts/1900b0aP.dag/Unity.RenderPipelines.Universal.Config.Runtime.dll (+2 others) [CacheWrite 00000000000000000000000000000005]
[588/737    0s] ILPostProcess Library/Bee/artifacts/1900b0aP.dag/post-processed/Unity.AI.MCP.Runtime.dll (+pdb)
Processing assembly Library/Bee/artifacts/1900b0aP.dag/Unity.AI.MCP.Runtime.dll, with 129 defines and 212 references

processors: Unity.Jobs.CodeGen.JobsILPostProcessor, zzzUnity.Burst.CodeGen.BurstILPostProcessor

running Unity.Jobs.CodeGen.JobsILPostProcessor

running zzzUnity.Burst.CodeGen.BurstILPostProcessor
[589/737    0s] ILPostProcess Library/Bee/artifacts/1900b0aP.dag/post-processed/Unity.Multiplayer.Center.Common.dll (+pdb)
Processing assembly Library/Bee/artifacts/1900b0aP.dag/Unity.Multiplayer.Center.Common.dll, with 129 defines and 212 references

processors: Unity.Jobs.CodeGen.JobsILPostProcessor, zzzUnity.Burst.CodeGen.BurstILPostProcessor

running Unity.Jobs.CodeGen.JobsILPostProcessor

running zzzUnity.Burst.CodeGen.BurstILPostProcessor
[590/737    0s] MovedFromExtractor Library/Bee/artifacts/mvdfrm/Unity.InferenceEngine.ref.dll_537986545E5CF7BE.mvfrm
[591/737    0s] ILPostProcess Library/Bee/artifacts/1900b0aP.dag/post-processed/Unity.ML-Agents.CommunicatorObjects.dll (+pdb)
Processing assembly Library/Bee/artifacts/1900b0aP.dag/Unity.ML-Agents.CommunicatorObjects.dll, with 129 defines and 205 references

processors: Unity.Jobs.CodeGen.JobsILPostProcessor, zzzUnity.Burst.CodeGen.BurstILPostProcessor

running Unity.Jobs.CodeGen.JobsILPostProcessor

running zzzUnity.Burst.CodeGen.BurstILPostProcessor
[592/737    0s] ILPostProcess Library/Bee/artifacts/1900b0aP.dag/post-processed/Unity.InferenceEngine.Tokenization.dll (+pdb)
Processing assembly Library/Bee/artifacts/1900b0aP.dag/Unity.InferenceEngine.Tokenization.dll, with 129 defines and 203 references

processors: Unity.Jobs.CodeGen.JobsILPostProcessor, zzzUnity.Burst.CodeGen.BurstILPostProcessor

running Unity.Jobs.CodeGen.JobsILPostProcessor

running zzzUnity.Burst.CodeGen.BurstILPostProcessor
[593/737    0s] MovedFromExtractor Library/Bee/artifacts/mvdfrm/Unity.RenderPipeline.Universal.ShaderLibrary.ref.dll_3F999310E5378770.mvfrm
[594/737    0s] MovedFromExtractor Library/Bee/artifacts/mvdfrm/Unity.RenderPipelines.Core.Runtime.Shared.ref.dll_A11292DE152BD14A.mvfrm
[595/737    0s] MovedFromExtractor Library/Bee/artifacts/mvdfrm/Unity.RenderPipelines.Universal.Config.Runtime.ref.dll_353B80D40F2F40C5.mvfrm
[596/737    0s] ILPostProcess Library/Bee/artifacts/1900b0aP.dag/post-processed/Unity.Timeline.dll (+pdb)
Processing assembly Library/Bee/artifacts/1900b0aP.dag/Unity.Timeline.dll, with 130 defines and 212 references

processors: Unity.Jobs.CodeGen.JobsILPostProcessor, zzzUnity.Burst.CodeGen.BurstILPostProcessor

running Unity.Jobs.CodeGen.JobsILPostProcessor

running zzzUnity.Burst.CodeGen.BurstILPostProcessor
[597/737    0s] ILPostProcess Library/Bee/artifacts/1900b0aP.dag/post-processed/Unity.AI.Tracing.dll (+pdb)
Processing assembly Library/Bee/artifacts/1900b0aP.dag/Unity.AI.Tracing.dll, with 129 defines and 203 references

processors: Unity.Jobs.CodeGen.JobsILPostProcessor, zzzUnity.Burst.CodeGen.BurstILPostProcessor

running Unity.Jobs.CodeGen.JobsILPostProcessor

running zzzUnity.Burst.CodeGen.BurstILPostProcessor
[598/737    0s] ILPostProcess Library/Bee/artifacts/1900b0aP.dag/post-processed/Unity.RenderPipelines.Core.ShaderLibrary.dll (+pdb)
Processing assembly Library/Bee/artifacts/1900b0aP.dag/Unity.RenderPipelines.Core.ShaderLibrary.dll, with 129 defines and 212 references

processors: Unity.Jobs.CodeGen.JobsILPostProcessor, zzzUnity.Burst.CodeGen.BurstILPostProcessor

running Unity.Jobs.CodeGen.JobsILPostProcessor

running zzzUnity.Burst.CodeGen.BurstILPostProcessor
[599/737    0s] ILPostProcess Library/Bee/artifacts/1900b0aP.dag/post-processed/Unity.InputSystem.ForUI.dll (+pdb)
Processing assembly Library/Bee/artifacts/1900b0aP.dag/Unity.InputSystem.ForUI.dll, with 129 defines and 213 references

processors: Unity.Jobs.CodeGen.JobsILPostProcessor, zzzUnity.Burst.CodeGen.BurstILPostProcessor

running Unity.Jobs.CodeGen.JobsILPostProcessor

running zzzUnity.Burst.CodeGen.BurstILPostProcessor
[600/737    0s] ILPostProcess Library/Bee/artifacts/1900b0aP.dag/post-processed/Unity.VisualScripting.Flow.dll (+pdb)
Processing assembly Library/Bee/artifacts/1900b0aP.dag/Unity.VisualScripting.Flow.dll, with 134 defines and 214 references

processors: Unity.Jobs.CodeGen.JobsILPostProcessor, zzzUnity.Burst.CodeGen.BurstILPostProcessor

running Unity.Jobs.CodeGen.JobsILPostProcessor

running zzzUnity.Burst.CodeGen.BurstILPostProcessor
[601/737    0s] MovedFromExtractor-Combine Library/Bee/artifacts/1900b0aP.dag/Unity.ML-Agents.dll.mvfrm
[602/737    1s] Csc Library/Bee/artifacts/1900b0aP.dag/Unity.RenderPipelines.GPUDriven.Runtime.dll (+2 others)
[603/737    0s] ILPostProcess Library/Bee/artifacts/1900b0aP.dag/post-processed/Unity.RenderPipelines.Universal.Config.Runtime.dll (+pdb)
Processing assembly Library/Bee/artifacts/1900b0aP.dag/Unity.RenderPipelines.Universal.Config.Runtime.dll, with 129 defines and 213 references

processors: Unity.Jobs.CodeGen.JobsILPostProcessor, zzzUnity.Burst.CodeGen.BurstILPostProcessor

running Unity.Jobs.CodeGen.JobsILPostProcessor

running zzzUnity.Burst.CodeGen.BurstILPostProcessor
[604/737    0s] ILPostProcess Library/Bee/artifacts/1900b0aP.dag/post-processed/Unity.RenderPipeline.Universal.ShaderLibrary.dll (+pdb)
Processing assembly Library/Bee/artifacts/1900b0aP.dag/Unity.RenderPipeline.Universal.ShaderLibrary.dll, with 129 defines and 213 references

processors: Unity.Jobs.CodeGen.JobsILPostProcessor, zzzUnity.Burst.CodeGen.BurstILPostProcessor

running Unity.Jobs.CodeGen.JobsILPostProcessor

running zzzUnity.Burst.CodeGen.BurstILPostProcessor
[           0s] Csc Library/Bee/artifacts/1900b0aP.dag/Unity.RenderPipelines.GPUDriven.Runtime.dll (+2 others) [CacheWrite 00000000000000000000000000000005]
[605/737    0s] ILPostProcess Library/Bee/artifacts/1900b0aP.dag/post-processed/Unity.RenderPipelines.Core.Runtime.Shared.dll (+pdb)
Processing assembly Library/Bee/artifacts/1900b0aP.dag/Unity.RenderPipelines.Core.Runtime.Shared.dll, with 129 defines and 213 references

processors: Unity.Jobs.CodeGen.JobsILPostProcessor, zzzUnity.Burst.CodeGen.BurstILPostProcessor

running Unity.Jobs.CodeGen.JobsILPostProcessor

running zzzUnity.Burst.CodeGen.BurstILPostProcessor
[606/737    0s] ILPostProcess Library/Bee/artifacts/1900b0aP.dag/post-processed/UnityEngine.UI.dll (+pdb)
Processing assembly Library/Bee/artifacts/1900b0aP.dag/UnityEngine.UI.dll, with 134 defines and 211 references

processors: Unity.Jobs.CodeGen.JobsILPostProcessor, zzzUnity.Burst.CodeGen.BurstILPostProcessor

running Unity.Jobs.CodeGen.JobsILPostProcessor

running zzzUnity.Burst.CodeGen.BurstILPostProcessor
[607/737    0s] ILPostProcess Library/Bee/artifacts/1900b0aP.dag/post-processed/Unity.RenderPipelines.Universal.Shaders.dll (+pdb)
Processing assembly Library/Bee/artifacts/1900b0aP.dag/Unity.RenderPipelines.Universal.Shaders.dll, with 129 defines and 212 references

processors: Unity.Jobs.CodeGen.JobsILPostProcessor, zzzUnity.Burst.CodeGen.BurstILPostProcessor

running Unity.Jobs.CodeGen.JobsILPostProcessor

running zzzUnity.Burst.CodeGen.BurstILPostProcessor
[608/737    0s] ILPostProcess Library/Bee/artifacts/1900b0aP.dag/post-processed/Unity.TextMeshPro.dll (+pdb)
Processing assembly Library/Bee/artifacts/1900b0aP.dag/Unity.TextMeshPro.dll, with 130 defines and 213 references

processors: Unity.Jobs.CodeGen.JobsILPostProcessor, zzzUnity.Burst.CodeGen.BurstILPostProcessor

running Unity.Jobs.CodeGen.JobsILPostProcessor

running zzzUnity.Burst.CodeGen.BurstILPostProcessor
[609/737    0s] ILPostProcess Library/Bee/artifacts/1900b0aP.dag/post-processed/Unity.Mathematics.dll (+pdb)
Processing assembly Library/Bee/artifacts/1900b0aP.dag/Unity.Mathematics.dll, with 129 defines and 212 references

processors: Unity.Jobs.CodeGen.JobsILPostProcessor, zzzUnity.Burst.CodeGen.BurstILPostProcessor

running Unity.Jobs.CodeGen.JobsILPostProcessor

running zzzUnity.Burst.CodeGen.BurstILPostProcessor
[610/737    0s] ILPostProcess Library/Bee/artifacts/1900b0aP.dag/post-processed/Unity.InputSystem.dll (+pdb)
Processing assembly Library/Bee/artifacts/1900b0aP.dag/Unity.InputSystem.dll, with 141 defines and 212 references

processors: Unity.Jobs.CodeGen.JobsILPostProcessor, zzzUnity.Burst.CodeGen.BurstILPostProcessor

running Unity.Jobs.CodeGen.JobsILPostProcessor

running zzzUnity.Burst.CodeGen.BurstILPostProcessor
[611/737    0s] ILPostProcess Library/Bee/artifacts/1900b0aP.dag/post-processed/Unity.VisualScripting.DocCodeExamples.dll (+pdb)
Processing assembly Library/Bee/artifacts/1900b0aP.dag/Unity.VisualScripting.DocCodeExamples.dll, with 129 defines and 204 references

processors: Unity.Jobs.CodeGen.JobsILPostProcessor, zzzUnity.Burst.CodeGen.BurstILPostProcessor

running Unity.Jobs.CodeGen.JobsILPostProcessor

running zzzUnity.Burst.CodeGen.BurstILPostProcessor
[612/737    0s] MovedFromExtractor Library/Bee/artifacts/mvdfrm/Unity.RenderPipelines.GPUDriven.Runtime.ref.dll_33DB0E7B7B33ECCA.mvfrm
[613/737    0s] ILPostProcess Library/Bee/artifacts/1900b0aP.dag/post-processed/Unity.VisualScripting.Core.dll (+pdb)
Processing assembly Library/Bee/artifacts/1900b0aP.dag/Unity.VisualScripting.Core.dll, with 132 defines and 213 references

processors: Unity.Jobs.CodeGen.JobsILPostProcessor, zzzUnity.Burst.CodeGen.BurstILPostProcessor

running Unity.Jobs.CodeGen.JobsILPostProcessor

running zzzUnity.Burst.CodeGen.BurstILPostProcessor
[614/737    0s] ILPostProcess Library/Bee/artifacts/1900b0aP.dag/post-processed/Unity.RenderPipelines.ShaderGraph.ShaderGraphLibrary.dll (+pdb)
Processing assembly Library/Bee/artifacts/1900b0aP.dag/Unity.RenderPipelines.ShaderGraph.ShaderGraphLibrary.dll, with 129 defines and 212 references

processors: Unity.Jobs.CodeGen.JobsILPostProcessor, zzzUnity.Burst.CodeGen.BurstILPostProcessor

running Unity.Jobs.CodeGen.JobsILPostProcessor

running zzzUnity.Burst.CodeGen.BurstILPostProcessor
[615/737    0s] ILPostProcess Library/Bee/artifacts/1900b0aP.dag/post-processed/Unity.InternalAPIEngineBridge.004.dll (+pdb)
Processing assembly Library/Bee/artifacts/1900b0aP.dag/Unity.InternalAPIEngineBridge.004.dll, with 129 defines and 212 references

processors: Unity.Jobs.CodeGen.JobsILPostProcessor, zzzUnity.Burst.CodeGen.BurstILPostProcessor

running Unity.Jobs.CodeGen.JobsILPostProcessor

running zzzUnity.Burst.CodeGen.BurstILPostProcessor
[616/737    0s] ILPostProcess Library/Bee/artifacts/1900b0aP.dag/post-processed/Unity.AI.Assistant.Runtime.dll (+pdb)
Processing assembly Library/Bee/artifacts/1900b0aP.dag/Unity.AI.Assistant.Runtime.dll, with 129 defines and 205 references

processors: Unity.Jobs.CodeGen.JobsILPostProcessor, zzzUnity.Burst.CodeGen.BurstILPostProcessor

running Unity.Jobs.CodeGen.JobsILPostProcessor

running zzzUnity.Burst.CodeGen.BurstILPostProcessor
[617/737    0s] CopyFiles Library/Bee/PlayerScriptAssemblies/Unity.Timeline.dll
[618/737    0s] CopyFiles Library/Bee/PlayerScriptAssemblies/Unity.AI.Tracing.dll
[619/737    0s] CopyFiles Library/Bee/PlayerScriptAssemblies/Unity.RenderPipelines.Core.ShaderLibrary.dll
[620/737    0s] CopyFiles Library/Bee/PlayerScriptAssemblies/Unity.VisualScripting.DocCodeExamples.dll
[621/737    0s] MovedFromExtractor-Combine Library/Bee/artifacts/1900b0aP.dag/Unity.RenderPipelines.Universal.Runtime.dll.mvfrm
[622/737    0s] ILPostProcess Library/Bee/artifacts/1900b0aP.dag/post-processed/Unity.VisualScripting.State.dll (+pdb)
Processing assembly Library/Bee/artifacts/1900b0aP.dag/Unity.VisualScripting.State.dll, with 129 defines and 214 references

processors: Unity.Jobs.CodeGen.JobsILPostProcessor, zzzUnity.Burst.CodeGen.BurstILPostProcessor

running Unity.Jobs.CodeGen.JobsILPostProcessor

running zzzUnity.Burst.CodeGen.BurstILPostProcessor
[623/737    0s] CopyFiles Library/Bee/PlayerScriptAssemblies/Unity.InputSystem.ForUI.dll
[624/737    2s] ILPostProcess Library/Bee/artifacts/1900b0aP.dag/post-processed/Unity.Burst.dll (+pdb)
Processing assembly Library/Bee/artifacts/1900b0aP.dag/Unity.Burst.dll, with 129 defines and 203 references

processors: Unity.Jobs.CodeGen.JobsILPostProcessor, zzzUnity.Burst.CodeGen.BurstILPostProcessor

running Unity.Jobs.CodeGen.JobsILPostProcessor

running zzzUnity.Burst.CodeGen.BurstILPostProcessor
[625/737    0s] CopyFiles Library/Bee/PlayerScriptAssemblies/Unity.ML-Agents.CommunicatorObjects.dll
[626/737    0s] CopyFiles Library/Bee/PlayerScriptAssemblies/Unity.InferenceEngine.Tokenization.dll
[627/737    0s] CopyFiles Library/Bee/PlayerScriptAssemblies/Unity.AI.MCP.Runtime.dll
[628/737    0s] CopyFiles Library/Bee/PlayerScriptAssemblies/Unity.RenderPipelines.ShaderGraph.ShaderGraphLibrary.dll
[629/737    0s] CopyFiles Library/Bee/PlayerScriptAssemblies/Unity.Multiplayer.Center.Common.dll
[630/737    0s] CopyFiles Library/Bee/PlayerScriptAssemblies/Unity.VisualScripting.Flow.dll
[631/737    0s] CopyFiles Library/Bee/PlayerScriptAssemblies/Unity.InternalAPIEngineBridge.004.dll
[632/737    0s] CopyFiles Library/Bee/PlayerScriptAssemblies/Unity.VisualScripting.Core.dll
[633/737    0s] CopyFiles Library/Bee/PlayerScriptAssemblies/Unity.RenderPipelines.Universal.Shaders.dll
[634/737    0s] CopyFiles Library/Bee/PlayerScriptAssemblies/Unity.RenderPipelines.Core.Runtime.Shared.dll
[635/737    0s] CopyFiles Library/Bee/PlayerScriptAssemblies/Unity.RenderPipeline.Universal.ShaderLibrary.dll
[636/737    0s] CopyFiles Library/Bee/PlayerScriptAssemblies/Unity.RenderPipelines.Universal.Config.Runtime.dll
[637/737    0s] CopyFiles Library/Bee/PlayerScriptAssemblies/Unity.Burst.pdb
[638/737    0s] CopyFiles Library/Bee/PlayerScriptAssemblies/Unity.VisualScripting.State.pdb
[639/737    0s] CopyFiles Library/Bee/PlayerScriptAssemblies/Unity.InternalAPIEngineBridge.004.pdb
[640/737    0s] CopyFiles Library/Bee/PlayerScriptAssemblies/Unity.AI.Assistant.Runtime.pdb
[641/737    0s] CopyFiles Library/Bee/PlayerScriptAssemblies/Unity.RenderPipelines.ShaderGraph.ShaderGraphLibrary.pdb
[642/737    0s] CopyFiles Library/Bee/PlayerScriptAssemblies/Unity.VisualScripting.Core.pdb
[643/737    0s] CopyFiles Library/Bee/PlayerScriptAssemblies/Unity.VisualScripting.DocCodeExamples.pdb
[644/737    0s] CopyFiles Library/Bee/PlayerScriptAssemblies/Unity.InputSystem.pdb
[645/737    0s] CopyFiles Library/Bee/PlayerScriptAssemblies/Unity.TextMeshPro.pdb
[646/737    0s] CopyFiles Library/Bee/PlayerScriptAssemblies/Unity.Mathematics.pdb
[647/737    0s] CopyFiles Library/Bee/PlayerScriptAssemblies/UnityEngine.UI.pdb
[648/737    0s] CopyFiles Library/Bee/PlayerScriptAssemblies/Unity.RenderPipelines.Universal.Shaders.pdb
[649/737    0s] CopyFiles Library/Bee/PlayerScriptAssemblies/Unity.RenderPipelines.Core.Runtime.Shared.pdb
[650/737    0s] CopyFiles Library/Bee/PlayerScriptAssemblies/Unity.RenderPipeline.Universal.ShaderLibrary.pdb
[651/737    0s] CopyFiles Library/Bee/PlayerScriptAssemblies/Unity.RenderPipelines.Universal.Config.Runtime.pdb
[652/737    0s] CopyFiles Library/Bee/PlayerScriptAssemblies/Unity.VisualScripting.Flow.pdb
[653/737    0s] CopyFiles Library/Bee/PlayerScriptAssemblies/Unity.InputSystem.ForUI.pdb
[654/737    0s] CopyFiles Library/Bee/PlayerScriptAssemblies/Unity.RenderPipelines.Core.ShaderLibrary.pdb
[655/737    0s] CopyFiles Library/Bee/PlayerScriptAssemblies/Unity.AI.Tracing.pdb
[656/737    0s] CopyFiles Library/Bee/PlayerScriptAssemblies/Unity.Timeline.pdb
[657/737    0s] CopyFiles Library/Bee/PlayerScriptAssemblies/Unity.ML-Agents.CommunicatorObjects.pdb
[658/737    0s] CopyFiles Library/Bee/PlayerScriptAssemblies/Unity.InferenceEngine.Tokenization.pdb
[659/737    0s] CopyFiles Library/Bee/PlayerScriptAssemblies/Unity.Multiplayer.Center.Common.pdb
[660/737    0s] CopyFiles Library/Bee/PlayerScriptAssemblies/Unity.AI.MCP.Runtime.pdb
[661/737    0s] CopyFiles Library/Bee/PlayerScriptAssemblies/UnityEngine.UI.dll
[662/737    0s] CopyFiles Library/Bee/PlayerScriptAssemblies/Unity.VisualScripting.State.dll
[663/737    0s] CopyFiles Library/Bee/PlayerScriptAssemblies/Unity.TextMeshPro.dll
[664/737    0s] CopyFiles Library/Bee/PlayerScriptAssemblies/Unity.InputSystem.dll
[665/737    2s] ILPostProcess Library/Bee/artifacts/1900b0aP.dag/post-processed/Unity.RenderPipelines.Core.Runtime.dll (+pdb)
Processing assembly Library/Bee/artifacts/1900b0aP.dag/Unity.RenderPipelines.Core.Runtime.dll, with 131 defines and 216 references

processors: Unity.Jobs.CodeGen.JobsILPostProcessor, zzzUnity.Burst.CodeGen.BurstILPostProcessor

running Unity.Jobs.CodeGen.JobsILPostProcessor

running zzzUnity.Burst.CodeGen.BurstILPostProcessor
[666/737    0s] CopyFiles Library/Bee/PlayerScriptAssemblies/Unity.RenderPipelines.Core.Runtime.pdb
[667/737    2s] ILPostProcess Library/Bee/artifacts/1900b0aP.dag/post-processed/Unity.UnifiedRayTracing.Runtime.dll (+pdb)
Processing assembly Library/Bee/artifacts/1900b0aP.dag/Unity.UnifiedRayTracing.Runtime.dll, with 130 defines and 215 references

processors: Unity.Jobs.CodeGen.JobsILPostProcessor, zzzUnity.Burst.CodeGen.BurstILPostProcessor

running Unity.Jobs.CodeGen.JobsILPostProcessor

running zzzUnity.Burst.CodeGen.BurstILPostProcessor
[668/737    0s] CopyFiles Library/Bee/PlayerScriptAssemblies/Unity.UnifiedRayTracing.Runtime.pdb
[669/737    3s] ILPostProcess Library/Bee/artifacts/1900b0aP.dag/post-processed/Unity.Serialization.dll (+pdb)
Processing assembly Library/Bee/artifacts/1900b0aP.dag/Unity.Serialization.dll, with 129 defines and 215 references

processors: Unity.Jobs.CodeGen.JobsILPostProcessor, zzzUnity.Burst.CodeGen.BurstILPostProcessor

running Unity.Jobs.CodeGen.JobsILPostProcessor

running zzzUnity.Burst.CodeGen.BurstILPostProcessor
[670/737    0s] CopyFiles Library/Bee/PlayerScriptAssemblies/Unity.Serialization.pdb
[671/737    2s] ILPostProcess Library/Bee/artifacts/1900b0aP.dag/post-processed/Unity.RenderPipelines.GPUDriven.Runtime.dll (+pdb)
Processing assembly Library/Bee/artifacts/1900b0aP.dag/Unity.RenderPipelines.GPUDriven.Runtime.dll, with 129 defines and 216 references

processors: Unity.Jobs.CodeGen.JobsILPostProcessor, zzzUnity.Burst.CodeGen.BurstILPostProcessor

running Unity.Jobs.CodeGen.JobsILPostProcessor

running zzzUnity.Burst.CodeGen.BurstILPostProcessor
[672/737    0s] CopyFiles Library/Bee/PlayerScriptAssemblies/Unity.RenderPipelines.GPUDriven.Runtime.pdb
[673/737    0s] CopyFiles Library/Bee/PlayerScriptAssemblies/Unity.Burst.dll
[674/737    0s] CopyFiles Library/Bee/PlayerScriptAssemblies/Unity.AI.Assistant.Runtime.dll
[675/737    3s] Csc Library/Bee/artifacts/1900b0aP.dag/Unity.ML-Agents.dll (+2 others)
[           0s] Csc Library/Bee/artifacts/1900b0aP.dag/Unity.ML-Agents.dll (+2 others) [CacheWrite 00000000000000000000000000000005]
[676/737    3s] ILPostProcess Library/Bee/artifacts/1900b0aP.dag/post-processed/Unity.Collections.dll (+pdb)
Processing assembly Library/Bee/artifacts/1900b0aP.dag/Unity.Collections.dll, with 131 defines and 214 references

processors: Unity.Jobs.CodeGen.JobsILPostProcessor, zzzUnity.Burst.CodeGen.BurstILPostProcessor

running Unity.Jobs.CodeGen.JobsILPostProcessor

running zzzUnity.Burst.CodeGen.BurstILPostProcessor
[677/737    0s] CopyFiles Library/Bee/PlayerScriptAssemblies/Unity.Collections.pdb
[678/737    0s] CopyFiles Library/Bee/PlayerScriptAssemblies/Unity.Mathematics.dll
[679/737    4s] ILPostProcess Library/Bee/artifacts/1900b0aP.dag/post-processed/Unity.InferenceEngine.dll (+pdb)
Processing assembly Library/Bee/artifacts/1900b0aP.dag/Unity.InferenceEngine.dll, with 129 defines and 215 references

processors: Unity.Jobs.CodeGen.JobsILPostProcessor, zzzUnity.Burst.CodeGen.BurstILPostProcessor

running Unity.Jobs.CodeGen.JobsILPostProcessor

running zzzUnity.Burst.CodeGen.BurstILPostProcessor
[680/737    0s] CopyFiles Library/Bee/PlayerScriptAssemblies/Unity.InferenceEngine.pdb
[681/737    0s] MovedFromExtractor Library/Bee/artifacts/mvdfrm/Unity.ML-Agents.ref.dll_2891822AC5B1C96F.mvfrm
[682/737    0s] CopyFiles Library/Bee/PlayerScriptAssemblies/Unity.Serialization.dll
[683/737    0s] MovedFromExtractor-Combine Library/Bee/artifacts/1900b0aP.dag/Unity.ML-Agents.Input.dll.mvfrm
[684/737    0s] CopyFiles Library/Bee/PlayerScriptAssemblies/Unity.Collections.dll
[685/737    0s] CopyFiles Library/Bee/PlayerScriptAssemblies/Unity.RenderPipelines.GPUDriven.Runtime.dll
[686/737    0s] CopyFiles Library/Bee/PlayerScriptAssemblies/Unity.RenderPipelines.Core.Runtime.dll
[687/737    3s] Csc Library/Bee/artifacts/1900b0aP.dag/Unity.RenderPipelines.Universal.Runtime.dll (+2 others)
[           0s] Csc Library/Bee/artifacts/1900b0aP.dag/Unity.RenderPipelines.Universal.Runtime.dll (+2 others) [CacheWrite 00000000000000000000000000000005]
[688/737    0s] Csc Library/Bee/artifacts/1900b0aP.dag/Unity.ML-Agents.Input.dll (+2 others)
[           0s] Csc Library/Bee/artifacts/1900b0aP.dag/Unity.ML-Agents.Input.dll (+2 others) [CacheWrite 00000000000000000000000000000005]
[689/737    0s] CopyFiles Library/Bee/PlayerScriptAssemblies/Unity.InferenceEngine.dll
[690/737    0s] CopyFiles Library/Bee/PlayerScriptAssemblies/Unity.UnifiedRayTracing.Runtime.dll
[691/737    0s] MovedFromExtractor Library/Bee/artifacts/mvdfrm/Unity.RenderPipelines.Universal.Runtime.ref.dll_F2E669F900AB6F15.mvfrm
[692/737    0s] ILPostProcess Library/Bee/artifacts/1900b0aP.dag/post-processed/Unity.ML-Agents.dll (+pdb)
Processing assembly Library/Bee/artifacts/1900b0aP.dag/Unity.ML-Agents.dll, with 132 defines and 208 references

processors: Unity.Jobs.CodeGen.JobsILPostProcessor, zzzUnity.Burst.CodeGen.BurstILPostProcessor

running Unity.Jobs.CodeGen.JobsILPostProcessor

running zzzUnity.Burst.CodeGen.BurstILPostProcessor
[693/737    0s] CopyFiles Library/Bee/PlayerScriptAssemblies/Unity.ML-Agents.pdb
[694/737    0s] ILPostProcess Library/Bee/artifacts/1900b0aP.dag/post-processed/Unity.ML-Agents.Input.dll (+pdb)
Processing assembly Library/Bee/artifacts/1900b0aP.dag/Unity.ML-Agents.Input.dll, with 129 defines and 215 references

processors: Unity.Jobs.CodeGen.JobsILPostProcessor, zzzUnity.Burst.CodeGen.BurstILPostProcessor

running Unity.Jobs.CodeGen.JobsILPostProcessor

running zzzUnity.Burst.CodeGen.BurstILPostProcessor
[695/737    0s] CopyFiles Library/Bee/PlayerScriptAssemblies/Unity.ML-Agents.Input.dll
[696/737    0s] CopyFiles Library/Bee/PlayerScriptAssemblies/Unity.ML-Agents.Input.pdb
[697/737    0s] MovedFromExtractor Library/Bee/artifacts/mvdfrm/Unity.ML-Agents.Input.ref.dll_86CAB0E5836A47FB.mvfrm
[698/737    0s] MovedFromExtractor-Combine Library/Bee/artifacts/1900b0aP.dag/glTFast.dll.mvfrm
[699/737    0s] MovedFromExtractor-Combine Library/Bee/artifacts/1900b0aP.dag/Unity.RenderPipelines.Universal.2D.Runtime.dll.mvfrm
[700/737    0s] MovedFromExtractor-Combine Library/Bee/artifacts/1900b0aP.dag/glTFast.Export.dll.mvfrm
[701/737    0s] ILPostProcess Library/Bee/artifacts/1900b0aP.dag/post-processed/Unity.RenderPipelines.Universal.Runtime.dll (+pdb)
Processing assembly Library/Bee/artifacts/1900b0aP.dag/Unity.RenderPipelines.Universal.Runtime.dll, with 135 defines and 220 references

processors: Unity.Jobs.CodeGen.JobsILPostProcessor, zzzUnity.Burst.CodeGen.BurstILPostProcessor

running Unity.Jobs.CodeGen.JobsILPostProcessor

running zzzUnity.Burst.CodeGen.BurstILPostProcessor
[702/737    0s] CopyFiles Library/Bee/PlayerScriptAssemblies/Unity.RenderPipelines.Universal.Runtime.pdb
[703/737    0s] CopyFiles Library/Bee/PlayerScriptAssemblies/Unity.ML-Agents.dll
[704/737    0s] CopyFiles Library/Bee/PlayerScriptAssemblies/Unity.RenderPipelines.Universal.Runtime.dll
[705/737    1s] Csc Library/Bee/artifacts/1900b0aP.dag/Unity.RenderPipelines.Universal.2D.Runtime.dll (+2 others)
[           0s] Csc Library/Bee/artifacts/1900b0aP.dag/Unity.RenderPipelines.Universal.2D.Runtime.dll (+2 others) [CacheWrite 00000000000000000000000000000005]
[706/737    1s] Csc Library/Bee/artifacts/1900b0aP.dag/glTFast.dll (+2 others)
[           0s] Csc Library/Bee/artifacts/1900b0aP.dag/glTFast.dll (+2 others) [CacheWrite 00000000000000000000000000000005]
[707/737    0s] MovedFromExtractor Library/Bee/artifacts/mvdfrm/Unity.RenderPipelines.Universal.2D.Runtime.ref.dll_68A831FF7907BBB5.mvfrm
[708/737    0s] MovedFromExtractor-Combine Library/Bee/artifacts/1900b0aP.dag/Assembly-CSharp.dll.mvfrm
[709/737    0s] ILPostProcess Library/Bee/artifacts/1900b0aP.dag/post-processed/Unity.RenderPipelines.Universal.2D.Runtime.dll (+pdb)
Processing assembly Library/Bee/artifacts/1900b0aP.dag/Unity.RenderPipelines.Universal.2D.Runtime.dll, with 132 defines and 217 references

processors: Unity.Jobs.CodeGen.JobsILPostProcessor, zzzUnity.Burst.CodeGen.BurstILPostProcessor

running Unity.Jobs.CodeGen.JobsILPostProcessor

running zzzUnity.Burst.CodeGen.BurstILPostProcessor
[710/737    0s] CopyFiles Library/Bee/PlayerScriptAssemblies/Unity.RenderPipelines.Universal.2D.Runtime.pdb
[711/737    0s] Csc Library/Bee/artifacts/1900b0aP.dag/glTFast.dots.dll (+2 others)
[           0s] Csc Library/Bee/artifacts/1900b0aP.dag/glTFast.dots.dll (+2 others) [CacheWrite 00000000000000000000000000000005]
[712/737    0s] Csc Library/Bee/artifacts/1900b0aP.dag/glTFast.Newtonsoft.dll (+2 others)
[           0s] Csc Library/Bee/artifacts/1900b0aP.dag/glTFast.Newtonsoft.dll (+2 others) [CacheWrite 00000000000000000000000000000005]
[713/737    0s] ILPostProcess Library/Bee/artifacts/1900b0aP.dag/post-processed/glTFast.dots.dll (+pdb)
Processing assembly Library/Bee/artifacts/1900b0aP.dag/glTFast.dots.dll, with 130 defines and 216 references

processors: Unity.Jobs.CodeGen.JobsILPostProcessor, zzzUnity.Burst.CodeGen.BurstILPostProcessor

running Unity.Jobs.CodeGen.JobsILPostProcessor

running zzzUnity.Burst.CodeGen.BurstILPostProcessor
[714/737    0s] CopyFiles Library/Bee/PlayerScriptAssemblies/glTFast.dots.dll
[715/737    0s] CopyFiles Library/Bee/PlayerScriptAssemblies/glTFast.dots.pdb
[716/737    0s] ILPostProcess Library/Bee/artifacts/1900b0aP.dag/post-processed/glTFast.dll (+pdb)
Processing assembly Library/Bee/artifacts/1900b0aP.dag/glTFast.dll, with 140 defines and 216 references

processors: Unity.Jobs.CodeGen.JobsILPostProcessor, zzzUnity.Burst.CodeGen.BurstILPostProcessor

running Unity.Jobs.CodeGen.JobsILPostProcessor

running zzzUnity.Burst.CodeGen.BurstILPostProcessor
[717/737    0s] ILPostProcess Library/Bee/artifacts/1900b0aP.dag/post-processed/glTFast.Newtonsoft.dll (+pdb)
Processing assembly Library/Bee/artifacts/1900b0aP.dag/glTFast.Newtonsoft.dll, with 131 defines and 213 references

processors: Unity.Jobs.CodeGen.JobsILPostProcessor, zzzUnity.Burst.CodeGen.BurstILPostProcessor

running Unity.Jobs.CodeGen.JobsILPostProcessor

running zzzUnity.Burst.CodeGen.BurstILPostProcessor
[718/737    1s] Csc Library/Bee/artifacts/1900b0aP.dag/glTFast.Export.dll (+2 others)
[719/737    0s] CopyFiles Library/Bee/PlayerScriptAssemblies/glTFast.pdb
[720/737    0s] CopyFiles Library/Bee/PlayerScriptAssemblies/glTFast.Newtonsoft.pdb
[721/737    0s] CopyFiles Library/Bee/PlayerScriptAssemblies/Unity.RenderPipelines.Universal.2D.Runtime.dll
[722/737    0s] CopyFiles Library/Bee/PlayerScriptAssemblies/glTFast.Newtonsoft.dll
[           0s] Csc Library/Bee/artifacts/1900b0aP.dag/glTFast.Export.dll (+2 others) [CacheWrite 00000000000000000000000000000005]
[723/737    0s] Csc Library/Bee/artifacts/1900b0aP.dag/Assembly-CSharp.dll (+2 others)
Assets\CrossTheRoad\Scripts\CrossTheRoadAgent.cs(50,18): warning CS0114: 'CrossTheRoadAgent.Awake()' hides inherited member 'Agent.Awake()'. To make the current member override that implementation, add the override keyword. Otherwise add the new keyword.

Assets\CrossTheRoad\Scripts\AgentAvoidance.cs(39,18): warning CS0114: 'AgentAvoidance.Awake()' hides inherited member 'Agent.Awake()'. To make the current member override that implementation, add the override keyword. Otherwise add the new keyword.

Assets\CrossTheRoad\Scripts\Core\Singleton.cs(15,32): warning CS0618: 'Object.FindObjectsOfType(Type)' is obsolete: 'Object.FindObjectsOfType has been deprecated. Use Object.FindObjectsByType instead which lets you decide whether you need the results sorted or not.  FindObjectsOfType sorts the results by InstanceID, but if you do not need this using FindObjectSortMode.None is considerably faster.'

Assets\Football\Scripts\Initializer.cs(11,21): warning CS0618: 'Object.FindObjectsOfType<T>()' is obsolete: 'Object.FindObjectsOfType has been deprecated. Use Object.FindObjectsByType instead which lets you decide whether you need the results sorted or not.  FindObjectsOfType sorts the results by InstanceID but if you do not need this using FindObjectSortMode.None is considerably faster.'

Assets\Football\Scripts\Initializer.cs(17,28): warning CS0618: 'Object.FindObjectsOfType<T>()' is obsolete: 'Object.FindObjectsOfType has been deprecated. Use Object.FindObjectsByType instead which lets you decide whether you need the results sorted or not.  FindObjectsOfType sorts the results by InstanceID but if you do not need this using FindObjectSortMode.None is considerably faster.'

Assets\CrossTheRoad\Scripts\CrossTheRoadAgent.cs(45,29): warning CS0414: The field 'CrossTheRoadAgent.moveToDirection' is assigned but its value is never used
[724/737    0s] Csc Library/Bee/artifacts/1900b0aP.dag/glTFast.Documentation.Examples.dll (+2 others)
[725/737    0s] CopyFiles Library/Bee/PlayerScriptAssemblies/glTFast.dll
[           0s] Csc Library/Bee/artifacts/1900b0aP.dag/glTFast.Documentation.Examples.dll (+2 others) [CacheWrite 00000000000000000000000000000005]
[726/737    0s] ILPostProcess Library/Bee/artifacts/1900b0aP.dag/post-processed/glTFast.Export.dll (+pdb)
Processing assembly Library/Bee/artifacts/1900b0aP.dag/glTFast.Export.dll, with 134 defines and 217 references

processors: Unity.Jobs.CodeGen.JobsILPostProcessor, zzzUnity.Burst.CodeGen.BurstILPostProcessor

running Unity.Jobs.CodeGen.JobsILPostProcessor

running zzzUnity.Burst.CodeGen.BurstILPostProcessor
[727/737    0s] ILPostProcess Library/Bee/artifacts/1900b0aP.dag/post-processed/glTFast.Documentation.Examples.dll (+pdb)
Processing assembly Library/Bee/artifacts/1900b0aP.dag/glTFast.Documentation.Examples.dll, with 130 defines and 216 references

processors: Unity.Jobs.CodeGen.JobsILPostProcessor, zzzUnity.Burst.CodeGen.BurstILPostProcessor

running Unity.Jobs.CodeGen.JobsILPostProcessor

running zzzUnity.Burst.CodeGen.BurstILPostProcessor
[728/737    0s] CopyFiles Library/Bee/PlayerScriptAssemblies/glTFast.Export.pdb
[729/737    0s] CopyFiles Library/Bee/PlayerScriptAssemblies/glTFast.Documentation.Examples.pdb
[730/737    0s] CopyFiles Library/Bee/PlayerScriptAssemblies/glTFast.Documentation.Examples.dll
[731/737    0s] CopyFiles Library/Bee/PlayerScriptAssemblies/glTFast.Export.dll
[732/737    0s] ILPostProcess Library/Bee/artifacts/1900b0aP.dag/post-processed/Assembly-CSharp.dll (+pdb)
Processing assembly Library/Bee/artifacts/1900b0aP.dag/Assembly-CSharp.dll, with 129 defines and 246 references

processors: Unity.Jobs.CodeGen.JobsILPostProcessor, zzzUnity.Burst.CodeGen.BurstILPostProcessor

running Unity.Jobs.CodeGen.JobsILPostProcessor

running zzzUnity.Burst.CodeGen.BurstILPostProcessor
[733/737    0s] CopyFiles Library/Bee/PlayerScriptAssemblies/Assembly-CSharp.pdb
[734/737    0s] CopyFiles Library/Bee/PlayerScriptAssemblies/Assembly-CSharp.dll
[736/737    1s] BuildPlayerDataGenerator Library/BuildPlayerData/Player/RuntimeInitializeOnLoads.json (+1 other)
*** Tundra build success (48.78 seconds), 577 items updated, 737 evaluated
Assets\com.unity.inputsystem@ea5ab5b33a26\InputSystem\Plugins\XR\TrackedPoseDriver.cs(422,17): warning CS0618: 'XRDevice' is obsolete: 'UnityEngine.VRModule is deprecated and will be removed in a future version. Please use the APIs in the UnityEngine.XRModule instead'
Assets\com.unity.inputsystem@ea5ab5b33a26\InputSystem\Plugins\XR\TrackedPoseDriver.cs(457,17): warning CS0618: 'XRDevice' is obsolete: 'UnityEngine.VRModule is deprecated and will be removed in a future version. Please use the APIs in the UnityEngine.XRModule instead'
Assets\CrossTheRoad\Scripts\CrossTheRoadAgent.cs(50,18): warning CS0114: 'CrossTheRoadAgent.Awake()' hides inherited member 'Agent.Awake()'. To make the current member override that implementation, add the override keyword. Otherwise add the new keyword.
Assets\CrossTheRoad\Scripts\AgentAvoidance.cs(39,18): warning CS0114: 'AgentAvoidance.Awake()' hides inherited member 'Agent.Awake()'. To make the current member override that implementation, add the override keyword. Otherwise add the new keyword.
Assets\CrossTheRoad\Scripts\Core\Singleton.cs(15,32): warning CS0618: 'Object.FindObjectsOfType(Type)' is obsolete: 'Object.FindObjectsOfType has been deprecated. Use Object.FindObjectsByType instead which lets you decide whether you need the results sorted or not.  FindObjectsOfType sorts the results by InstanceID, but if you do not need this using FindObjectSortMode.None is considerably faster.'
Assets\Football\Scripts\Initializer.cs(11,21): warning CS0618: 'Object.FindObjectsOfType<T>()' is obsolete: 'Object.FindObjectsOfType has been deprecated. Use Object.FindObjectsByType instead which lets you decide whether you need the results sorted or not.  FindObjectsOfType sorts the results by InstanceID but if you do not need this using FindObjectSortMode.None is considerably faster.'
Assets\Football\Scripts\Initializer.cs(17,28): warning CS0618: 'Object.FindObjectsOfType<T>()' is obsolete: 'Object.FindObjectsOfType has been deprecated. Use Object.FindObjectsByType instead which lets you decide whether you need the results sorted or not.  FindObjectsOfType sorts the results by InstanceID but if you do not need this using FindObjectSortMode.None is considerably faster.'
Assets\CrossTheRoad\Scripts\CrossTheRoadAgent.cs(45,29): warning CS0414: The field 'CrossTheRoadAgent.moveToDirection' is assigned but its value is never used
[Licensing::Client] Successfully resolved entitlement details
[Licensing::Client] Successfully resolved entitlement details
Opening scene 'Assets/CrossTheRoad/Scenes/CrossTheRoad.unity'
LightingSettings: switching bake backend from 2 to 1.
Unloading 1 Unused Serialized files (Serialized files now loaded: 0)
[Licensing::Client] Successfully resolved entitlement details
Total cache size 290062297
Loaded scene 'Assets/CrossTheRoad/Scenes/CrossTheRoad.unity'
	Deserialize:            1.249 ms
	Integration:            451.949 ms
	Integration of assets:  0.002 ms
	Thread Wait Time:       41.034 ms
	Total Operation Time:   494.234 ms
Unloading 108 unused Assets / (0.7 MB). Loaded Objects now: 33879.
Memory consumption went from 295.6 MB to 294.9 MB.
Total: 27.771700 ms (FindLiveObjects: 1.867000 ms CreateObjectMapping: 1.040100 ms MarkObjects: 24.371500 ms  DeleteObjects: 0.491200 ms)

Created GICache directory at C:/Users/vanhu/AppData/LocalLow/Unity/Caches/GiCache. Took: 0.033s, timestamps: [67.068 - 67.101]
Total cache size after purge 267214492, took 00:00:01.5185536
  Pass "FORWARD":
    Target graphics API: d3d11
    Cached mesh channel usage data found for 0 variants. 36 variants require compilation to get this data.
    Processed in 0.01 seconds
Launched and connected shader compiler UnityShaderCompiler.exe after 0.01 seconds
Launched and connected shader compiler UnityShaderCompiler.exe after 0.01 seconds
Launched and connected shader compiler UnityShaderCompiler.exe after 0.01 seconds
Launched and connected shader compiler UnityShaderCompiler.exe after 0.02 seconds
Launched and connected shader compiler UnityShaderCompiler.exe after 0.01 seconds
Launched and connected shader compiler UnityShaderCompiler.exe after 0.02 seconds
Launched and connected shader compiler UnityShaderCompiler.exe after 0.02 seconds
Launched and connected shader compiler UnityShaderCompiler.exe after 0.01 seconds
Launched and connected shader compiler UnityShaderCompiler.exe after 0.01 seconds
Launched and connected shader compiler UnityShaderCompiler.exe after 0.01 seconds
Launched and connected shader compiler UnityShaderCompiler.exe after 0.01 seconds
Launched and connected shader compiler UnityShaderCompiler.exe after 0.01 seconds
Launched and connected shader compiler UnityShaderCompiler.exe after 0.01 seconds
Launched and connected shader compiler UnityShaderCompiler.exe after 0.01 seconds
Launched and connected shader compiler UnityShaderCompiler.exe after 0.01 seconds
  Pass FORWARD (vp, d3d11) finished in 0.43 seconds. Local cache hits 3 (0.00s CPU time), remote cache hits 0 (0.00s CPU time), compiled 33 variants (4.63s CPU time), skipped 0 variants.
  Pass "FORWARD_DELTA":
    Target graphics API: d3d11
    Cached mesh channel usage data found for 0 variants. 94 variants require compilation to get this data.
    Processed in 0.00 seconds
  Pass FORWARD_DELTA (vp, d3d11) finished in 0.43 seconds. Local cache hits 1 (0.01s CPU time), remote cache hits 0 (0.00s CPU time), compiled 93 variants (6.56s CPU time), skipped 0 variants.
  Pass "ShadowCaster":
    Target graphics API: d3d11
    Cached mesh channel usage data found for 0 variants. 4 variants require compilation to get this data.
    Processed in 0.00 seconds
  Pass ShadowCaster (vp, d3d11) finished in 0.02 seconds. Local cache hits 2 (0.00s CPU time), remote cache hits 0 (0.00s CPU time), compiled 2 variants (0.04s CPU time), skipped 0 variants.
  Pass "DEFERRED":
    Target graphics API: d3d11
    Cached mesh channel usage data found for 0 variants. 14 variants require compilation to get this data.
    Processed in 0.00 seconds
  Pass DEFERRED (vp, d3d11) finished in 0.07 seconds. Local cache hits 0 (0.00s CPU time), remote cache hits 0 (0.00s CPU time), compiled 14 variants (0.80s CPU time), skipped 0 variants.
  Pass "META":
    Target graphics API: d3d11
    Cached mesh channel usage data found for 0 variants. 1 variants require compilation to get this data.
    Processed in 0.00 seconds
  Pass META (vp, d3d11) finished in 0.02 seconds. Local cache hits 0 (0.00s CPU time), remote cache hits 0 (0.00s CPU time), compiled 1 variants (0.02s CPU time), skipped 0 variants.
  Pass "FORWARD":
    Target graphics API: d3d11
    Cached mesh channel usage data found for 0 variants. 36 variants require compilation to get this data.
    Processed in 0.00 seconds
  Pass FORWARD (vp, d3d11) finished in 0.17 seconds. Local cache hits 0 (0.00s CPU time), remote cache hits 0 (0.00s CPU time), compiled 36 variants (2.30s CPU time), skipped 0 variants.
  Pass "FORWARD_DELTA":
    Target graphics API: d3d11
    Cached mesh channel usage data found for 0 variants. 70 variants require compilation to get this data.
    Processed in 0.00 seconds
  Pass FORWARD_DELTA (vp, d3d11) finished in 0.31 seconds. Local cache hits 0 (0.00s CPU time), remote cache hits 0 (0.00s CPU time), compiled 70 variants (4.55s CPU time), skipped 0 variants.
  Pass "ShadowCaster":
    Target graphics API: d3d11
    Cached mesh channel usage data found for 0 variants. 4 variants require compilation to get this data.
    Processed in 0.00 seconds
  Pass ShadowCaster (vp, d3d11) finished in 0.02 seconds. Local cache hits 0 (0.00s CPU time), remote cache hits 0 (0.00s CPU time), compiled 4 variants (0.08s CPU time), skipped 0 variants.
  Pass "META":
    Target graphics API: d3d11
    Cached mesh channel usage data found for 0 variants. 1 variants require compilation to get this data.
    Processed in 0.00 seconds
  Pass META (vp, d3d11) finished in 0.02 seconds. Local cache hits 0 (0.00s CPU time), remote cache hits 0 (0.00s CPU time), compiled 1 variants (0.02s CPU time), skipped 0 variants.
  Pass "":
    Target graphics API: d3d11
    Cached mesh channel usage data found for 0 variants. 3 variants require compilation to get this data.
    Processed in 0.00 seconds
  Pass  (vp, d3d11) finished in 0.04 seconds. Local cache hits 0 (0.00s CPU time), remote cache hits 0 (0.00s CPU time), compiled 3 variants (0.10s CPU time), skipped 0 variants.
  Pass "":
    Target graphics API: d3d11
    Cached mesh channel usage data found for 0 variants. 1 variants require compilation to get this data.
    Processed in 0.00 seconds
  Pass  (vp, d3d11) finished in 0.01 seconds. Local cache hits 0 (0.00s CPU time), remote cache hits 0 (0.00s CPU time), compiled 1 variants (0.01s CPU time), skipped 0 variants.
  Pass "ShadowCaster":
    Target graphics API: d3d11
    Cached mesh channel usage data found for 0 variants. 2 variants require compilation to get this data.
    Processed in 0.00 seconds
  Pass ShadowCaster (vp, d3d11) finished in 0.01 seconds. Local cache hits 0 (0.00s CPU time), remote cache hits 0 (0.00s CPU time), compiled 2 variants (0.03s CPU time), skipped 0 variants.
  Pass "FORWARD":
    Target graphics API: d3d11
    Cached mesh channel usage data found for 0 variants. 32 variants require compilation to get this data.
    Processed in 0.00 seconds
  Pass FORWARD (vp, d3d11) finished in 0.14 seconds. Local cache hits 2 (0.01s CPU time), remote cache hits 0 (0.00s CPU time), compiled 30 variants (1.80s CPU time), skipped 0 variants.
  Pass "FORWARD_DELTA":
    Target graphics API: d3d11
    Cached mesh channel usage data found for 0 variants. 0 variants require compilation to get this data.
    Processed in 0.00 seconds
  Pass "ShadowCaster":
    Target graphics API: d3d11
    Cached mesh channel usage data found for 0 variants. 0 variants require compilation to get this data.
    Processed in 0.00 seconds
  Pass "DEFERRED":
    Target graphics API: d3d11
    Cached mesh channel usage data found for 1 variants. 16 variants require compilation to get this data.
    Processed in 0.00 seconds
  Pass DEFERRED (vp, d3d11) finished in 0.08 seconds. Local cache hits 0 (0.00s CPU time), remote cache hits 0 (0.00s CPU time), compiled 16 variants (0.95s CPU time), skipped 0 variants.
  Pass "META":
    Target graphics API: d3d11
    Cached mesh channel usage data found for 1 variants. 0 variants require compilation to get this data.
    Processed in 0.00 seconds
  Pass "FORWARD":
    Target graphics API: d3d11
    Cached mesh channel usage data found for 0 variants. 0 variants require compilation to get this data.
    Processed in 0.00 seconds
  Pass "FORWARD_DELTA":
    Target graphics API: d3d11
    Cached mesh channel usage data found for 0 variants. 0 variants require compilation to get this data.
    Processed in 0.00 seconds
  Pass "ShadowCaster":
    Target graphics API: d3d11
    Cached mesh channel usage data found for 0 variants. 0 variants require compilation to get this data.
    Processed in 0.00 seconds
  Pass "META":
    Target graphics API: d3d11
    Cached mesh channel usage data found for 1 variants. 0 variants require compilation to get this data.
    Processed in 0.00 seconds
  Pass "":
    Target graphics API: d3d11
    Cached mesh channel usage data found for 3 variants. 0 variants require compilation to get this data.
    Processed in 0.00 seconds
  Pass "":
    Target graphics API: d3d11
    Cached mesh channel usage data found for 1 variants. 0 variants require compilation to get this data.
    Processed in 0.00 seconds
  Pass "ShadowCaster":
    Target graphics API: d3d11
    Cached mesh channel usage data found for 2 variants. 0 variants require compilation to get this data.
    Processed in 0.00 seconds
  Pass "FORWARD":
    Target graphics API: d3d11
    Cached mesh channel usage data found for 0 variants. 18 variants require compilation to get this data.
    Processed in 0.00 seconds
  Pass FORWARD (vp, d3d11) finished in 0.08 seconds. Local cache hits 1 (0.00s CPU time), remote cache hits 0 (0.00s CPU time), compiled 17 variants (1.01s CPU time), skipped 0 variants.
  Pass "FORWARD_DELTA":
    Target graphics API: d3d11
    Cached mesh channel usage data found for 0 variants. 47 variants require compilation to get this data.
    Processed in 0.00 seconds
  Pass FORWARD_DELTA (vp, d3d11) finished in 0.21 seconds. Local cache hits 0 (0.00s CPU time), remote cache hits 0 (0.00s CPU time), compiled 47 variants (2.96s CPU time), skipped 0 variants.
  Pass "ShadowCaster":
    Target graphics API: d3d11
    Cached mesh channel usage data found for 0 variants. 2 variants require compilation to get this data.
    Processed in 0.00 seconds
  Pass ShadowCaster (vp, d3d11) finished in 0.02 seconds. Local cache hits 1 (0.00s CPU time), remote cache hits 0 (0.00s CPU time), compiled 1 variants (0.02s CPU time), skipped 0 variants.
  Pass "DEFERRED":
    Target graphics API: d3d11
    Cached mesh channel usage data found for 0 variants. 7 variants require compilation to get this data.
    Processed in 0.00 seconds
  Pass DEFERRED (vp, d3d11) finished in 0.04 seconds. Local cache hits 0 (0.00s CPU time), remote cache hits 0 (0.00s CPU time), compiled 7 variants (0.23s CPU time), skipped 0 variants.
  Pass "META":
    Target graphics API: d3d11
    Cached mesh channel usage data found for 0 variants. 1 variants require compilation to get this data.
    Processed in 0.00 seconds
  Pass META (vp, d3d11) finished in 0.02 seconds. Local cache hits 0 (0.00s CPU time), remote cache hits 0 (0.00s CPU time), compiled 1 variants (0.02s CPU time), skipped 0 variants.
  Pass "FORWARD":
    Target graphics API: d3d11
    Cached mesh channel usage data found for 0 variants. 18 variants require compilation to get this data.
    Processed in 0.00 seconds
  Pass FORWARD (vp, d3d11) finished in 0.08 seconds. Local cache hits 0 (0.00s CPU time), remote cache hits 0 (0.00s CPU time), compiled 18 variants (1.09s CPU time), skipped 0 variants.
  Pass "FORWARD_DELTA":
    Target graphics API: d3d11
    Cached mesh channel usage data found for 0 variants. 35 variants require compilation to get this data.
    Processed in 0.00 seconds
  Pass FORWARD_DELTA (vp, d3d11) finished in 0.15 seconds. Local cache hits 0 (0.00s CPU time), remote cache hits 0 (0.00s CPU time), compiled 35 variants (2.12s CPU time), skipped 0 variants.
  Pass "ShadowCaster":
    Target graphics API: d3d11
    Cached mesh channel usage data found for 0 variants. 2 variants require compilation to get this data.
    Processed in 0.00 seconds
  Pass ShadowCaster (vp, d3d11) finished in 0.02 seconds. Local cache hits 0 (0.00s CPU time), remote cache hits 0 (0.00s CPU time), compiled 2 variants (0.03s CPU time), skipped 0 variants.
  Pass "META":
    Target graphics API: d3d11
    Cached mesh channel usage data found for 0 variants. 1 variants require compilation to get this data.
    Processed in 0.00 seconds
  Pass META (vp, d3d11) finished in 0.02 seconds. Local cache hits 0 (0.00s CPU time), remote cache hits 0 (0.00s CPU time), compiled 1 variants (0.02s CPU time), skipped 0 variants.
  Pass "":
    Target graphics API: d3d11
    Cached mesh channel usage data found for 3 variants. 0 variants require compilation to get this data.
    Processed in 0.00 seconds
  Pass "":
    Target graphics API: d3d11
    Cached mesh channel usage data found for 1 variants. 0 variants require compilation to get this data.
    Processed in 0.00 seconds
  Pass "ShadowCaster":
    Target graphics API: d3d11
    Cached mesh channel usage data found for 2 variants. 0 variants require compilation to get this data.
    Processed in 0.00 seconds
Script attached to 'Main Camera' in scene 'Assets/CrossTheRoad/Scenes/CrossTheRoad.unity' is missing or no valid script is attached.
UnityEngine.Debug:ExtractStackTraceNoAlloc (byte*,int,string)
UnityEngine.StackTraceUtility:ExtractStackTrace ()
UnityEditor.BuildPipeline:BuildPlayerInternalNoCheck (string[],string,string,UnityEditor.BuildTargetGroup,UnityEditor.BuildTarget,int,UnityEditor.BuildOptions,string[],bool)
UnityEditor.BuildPipeline:BuildPlayerInternal (string[],string,string,UnityEditor.BuildTargetGroup,UnityEditor.BuildTarget,int,UnityEditor.BuildOptions,string[])
UnityEditor.BuildPipeline:BuildPlayer (string[],string,string,UnityEditor.BuildTargetGroup,UnityEditor.BuildTarget,int,UnityEditor.BuildOptions,string[])
UnityEditor.BuildPipeline:BuildPlayer (UnityEditor.BuildPlayerOptions)
GraduationProject.EditorTools.HeadlessBuilder:BuildAll () (at Assets/Editor/HeadlessBuilder.cs:94)
GraduationProject.EditorTools.HeadlessBuilder:BuildAllFromCommandLine () (at Assets/Editor/HeadlessBuilder.cs:55)

[Assets/Editor/HeadlessBuilder.cs line 94]

Script attached to 'Main Camera' in scene 'Assets/CrossTheRoad/Scenes/CrossTheRoad.unity' is missing or no valid script is attached.
UnityEngine.Debug:ExtractStackTraceNoAlloc (byte*,int,string)
UnityEngine.StackTraceUtility:ExtractStackTrace ()
UnityEditor.BuildPipeline:BuildPlayerInternalNoCheck (string[],string,string,UnityEditor.BuildTargetGroup,UnityEditor.BuildTarget,int,UnityEditor.BuildOptions,string[],bool)
UnityEditor.BuildPipeline:BuildPlayerInternal (string[],string,string,UnityEditor.BuildTargetGroup,UnityEditor.BuildTarget,int,UnityEditor.BuildOptions,string[])
UnityEditor.BuildPipeline:BuildPlayer (string[],string,string,UnityEditor.BuildTargetGroup,UnityEditor.BuildTarget,int,UnityEditor.BuildOptions,string[])
UnityEditor.BuildPipeline:BuildPlayer (UnityEditor.BuildPlayerOptions)
GraduationProject.EditorTools.HeadlessBuilder:BuildAll () (at Assets/Editor/HeadlessBuilder.cs:94)
GraduationProject.EditorTools.HeadlessBuilder:BuildAllFromCommandLine () (at Assets/Editor/HeadlessBuilder.cs:55)

[Assets/Editor/HeadlessBuilder.cs line 94]

  Pass "FORWARD":
    Target graphics API: d3d11
    Cached mesh channel usage data found for 36 variants. 0 variants require compilation to get this data.
    Processed in 0.00 seconds
  Pass "FORWARD_DELTA":
    Target graphics API: d3d11
    Cached mesh channel usage data found for 94 variants. 0 variants require compilation to get this data.
    Processed in 0.00 seconds
  Pass "ShadowCaster":
    Target graphics API: d3d11
    Cached mesh channel usage data found for 4 variants. 0 variants require compilation to get this data.
    Processed in 0.00 seconds
  Pass "DEFERRED":
    Target graphics API: d3d11
    Cached mesh channel usage data found for 14 variants. 0 variants require compilation to get this data.
    Processed in 0.00 seconds
  Pass "META":
    Target graphics API: d3d11
    Cached mesh channel usage data found for 1 variants. 0 variants require compilation to get this data.
    Processed in 0.00 seconds
  Pass "FORWARD":
    Target graphics API: d3d11
    Cached mesh channel usage data found for 36 variants. 0 variants require compilation to get this data.
    Processed in 0.00 seconds
  Pass "FORWARD_DELTA":
    Target graphics API: d3d11
    Cached mesh channel usage data found for 70 variants. 0 variants require compilation to get this data.
    Processed in 0.00 seconds
  Pass "ShadowCaster":
    Target graphics API: d3d11
    Cached mesh channel usage data found for 4 variants. 0 variants require compilation to get this data.
    Processed in 0.00 seconds
  Pass "META":
    Target graphics API: d3d11
    Cached mesh channel usage data found for 1 variants. 0 variants require compilation to get this data.
    Processed in 0.00 seconds
  Pass "":
    Target graphics API: d3d11
    Cached mesh channel usage data found for 3 variants. 0 variants require compilation to get this data.
    Processed in 0.00 seconds
  Pass "":
    Target graphics API: d3d11
    Cached mesh channel usage data found for 1 variants. 0 variants require compilation to get this data.
    Processed in 0.00 seconds
  Pass "ShadowCaster":
    Target graphics API: d3d11
    Cached mesh channel usage data found for 2 variants. 2 variants require compilation to get this data.
    Processed in 0.00 seconds
  Pass ShadowCaster (vp, d3d11) finished in 0.02 seconds. Local cache hits 0 (0.00s CPU time), remote cache hits 0 (0.00s CPU time), compiled 2 variants (0.05s CPU time), skipped 0 variants.
  Pass "ForwardLit":
    Target graphics API: d3d11
    Cached mesh channel usage data found for 0 variants. 0 variants require compilation to get this data.
    Processed in 0.04 seconds
  Pass "ShadowCaster":
    Target graphics API: d3d11
    Cached mesh channel usage data found for 0 variants. 0 variants require compilation to get this data.
    Processed in 0.00 seconds
  Pass "GBuffer":
    Target graphics API: d3d11
    Cached mesh channel usage data found for 0 variants. 0 variants require compilation to get this data.
    Processed in 0.00 seconds
  Pass "DepthOnly":
    Target graphics API: d3d11
    Cached mesh channel usage data found for 0 variants. 0 variants require compilation to get this data.
    Processed in 0.00 seconds
  Pass "DepthNormals":
    Target graphics API: d3d11
    Cached mesh channel usage data found for 0 variants. 0 variants require compilation to get this data.
    Processed in 0.00 seconds
  Pass "Meta":
    Target graphics API: d3d11
    Cached mesh channel usage data found for 0 variants. 0 variants require compilation to get this data.
    Processed in 0.00 seconds
  Pass "Universal2D":
    Target graphics API: d3d11
    Cached mesh channel usage data found for 0 variants. 0 variants require compilation to get this data.
    Processed in 0.00 seconds
  Pass "MotionVectors":
    Target graphics API: d3d11
    Cached mesh channel usage data found for 0 variants. 0 variants require compilation to get this data.
    Processed in 0.00 seconds
  Pass "XRMotionVectors":
    Target graphics API: d3d11
    Cached mesh channel usage data found for 0 variants. 0 variants require compilation to get this data.
    Processed in 0.00 seconds
  Pass "":
    Target graphics API: d3d11
    Cached mesh channel usage data found for 0 variants. 0 variants require compilation to get this data.
    Processed in 0.00 seconds
  Pass "FORWARD":
    Target graphics API: d3d11
    Cached mesh channel usage data found for 18 variants. 0 variants require compilation to get this data.
    Processed in 0.00 seconds
  Pass "FORWARD_DELTA":
    Target graphics API: d3d11
    Cached mesh channel usage data found for 47 variants. 0 variants require compilation to get this data.
    Processed in 0.00 seconds
  Pass "ShadowCaster":
    Target graphics API: d3d11
    Cached mesh channel usage data found for 2 variants. 0 variants require compilation to get this data.
    Processed in 0.00 seconds
  Pass "DEFERRED":
    Target graphics API: d3d11
    Cached mesh channel usage data found for 7 variants. 0 variants require compilation to get this data.
    Processed in 0.00 seconds
  Pass "META":
    Target graphics API: d3d11
    Cached mesh channel usage data found for 1 variants. 0 variants require compilation to get this data.
    Processed in 0.00 seconds
  Pass "FORWARD":
    Target graphics API: d3d11
    Cached mesh channel usage data found for 18 variants. 0 variants require compilation to get this data.
    Processed in 0.00 seconds
  Pass "FORWARD_DELTA":
    Target graphics API: d3d11
    Cached mesh channel usage data found for 35 variants. 0 variants require compilation to get this data.
    Processed in 0.00 seconds
  Pass "ShadowCaster":
    Target graphics API: d3d11
    Cached mesh channel usage data found for 2 variants. 0 variants require compilation to get this data.
    Processed in 0.00 seconds
  Pass "META":
    Target graphics API: d3d11
    Cached mesh channel usage data found for 1 variants. 0 variants require compilation to get this data.
    Processed in 0.00 seconds
  Pass "":
    Target graphics API: d3d11
    Cached mesh channel usage data found for 3 variants. 0 variants require compilation to get this data.
    Processed in 0.00 seconds
  Pass "":
    Target graphics API: d3d11
    Cached mesh channel usage data found for 1 variants. 0 variants require compilation to get this data.
    Processed in 0.00 seconds
  Pass "ShadowCaster":
    Target graphics API: d3d11
    Cached mesh channel usage data found for 4 variants. 0 variants require compilation to get this data.
    Processed in 0.00 seconds


Mono dependencies included in the build
Dependency assembly - Microsoft.Web.Infrastructure.dll
Dependency assembly - System.ServiceModel.Primitives.dll
Dependency assembly - System.Data.Services.Client.dll
Dependency assembly - System.ServiceModel.Discovery.dll
Dependency assembly - System.Web.Services.dll
Dependency assembly - System.Net.Primitives.dll
Dependency assembly - System.Net.AuthenticationManager.dll
Dependency assembly - System.Security.Claims.dll
Dependency assembly - System.Text.Encoding.dll
Dependency assembly - RabbitMQ.Client.dll
Dependency assembly - System.Web.Http.WebHost.dll
Dependency assembly - Unity.InternalAPIEngineBridge.004.dll
Dependency assembly - Microsoft.Win32.Registry.AccessControl.dll
Dependency assembly - System.Net.Requests.dll
Dependency assembly - System.ServiceProcess.ServiceController.dll
Dependency assembly - Unity.RenderPipelines.Core.ShaderLibrary.dll
Dependency assembly - System.Security.Cryptography.X509Certificates.dll
Dependency assembly - I18N.Rare.dll
Dependency assembly - Unity.RenderPipeline.Universal.ShaderLibrary.dll
Dependency assembly - Unity.Timeline.dll
Dependency assembly - System.Reflection.Emit.Lightweight.dll
Dependency assembly - netstandard.dll
Dependency assembly - System.IO.Compression.dll
Dependency assembly - System.Xml.XmlDocument.dll
Dependency assembly - glTFast.Export.dll
Dependency assembly - System.Runtime.CompilerServices.Unsafe.dll
Dependency assembly - Unity.RenderPipelines.GPUDriven.Runtime.dll
Dependency assembly - System.Runtime.Numerics.dll
Dependency assembly - System.Runtime.InteropServices.RuntimeInformation.dll
Dependency assembly - Mono.XBuild.Tasks.dll
Dependency assembly - System.Reflection.DispatchProxy.dll
Dependency assembly - System.Threading.AccessControl.dll
Dependency assembly - System.ServiceModel.Routing.dll
Dependency assembly - System.Linq.dll
Dependency assembly - System.IO.FileSystem.Primitives.dll
Dependency assembly - Mono.Data.Sqlite.dll
Dependency assembly - glTFast.dll
Dependency assembly - System.IO.Hashing.dll
Dependency assembly - System.Runtime.InteropServices.WindowsRuntime.dll
Dependency assembly - System.Reactive.Linq.dll
Dependency assembly - System.ComponentModel.TypeConverter.dll
Dependency assembly - System.Security.Cryptography.DeriveBytes.dll
Dependency assembly - System.Security.SecureString.dll
Dependency assembly - System.ServiceModel.Activation.dll
Dependency assembly - System.Net.Http.Rtc.dll
Dependency assembly - System.Data.SqlClient.dll
Dependency assembly - System.ComponentModel.Primitives.dll
Dependency assembly - System.Security.dll
Dependency assembly - Mono.Data.Tds.dll
Dependency assembly - System.IO.UnmanagedMemoryStream.dll
Dependency assembly - Assembly-CSharp.dll
Dependency assembly - System.Globalization.dll
Dependency assembly - System.IO.Abstractions.TestingHelpers.dll
Dependency assembly - System.Security.Cryptography.Algorithms.dll
Dependency assembly - Mono.Tasklets.dll
Dependency assembly - System.Diagnostics.Tracing.dll
Dependency assembly - I18N.Other.dll
Dependency assembly - System.IO.Compression.ZipFile.dll
Dependency assembly - System.IO.Compression.FileSystem.dll
Dependency assembly - System.Drawing.Design.dll
Dependency assembly - System.ComponentModel.DataAnnotations.dll
Dependency assembly - System.Web.ApplicationServices.dll
Dependency assembly - Microsoft.Build.Tasks.v4.0.dll
Dependency assembly - Mono.CompilerServices.SymbolWriter.dll
Dependency assembly - System.Reactive.PlatformServices.dll
Dependency assembly - Mono.Security.Win32.dll
Dependency assembly - System.Xml.XmlSerializer.dll
Dependency assembly - System.Xml.Linq.dll
Dependency assembly - System.Globalization.Calendars.dll
Dependency assembly - System.Xml.ReaderWriter.dll
Dependency assembly - System.Web.WebPages.Razor.dll
Dependency assembly - System.Data.Entity.dll
Dependency assembly - System.Reactive.Observable.Aliases.dll
Dependency assembly - System.IO.FileSystem.Watcher.dll
Dependency assembly - WebMatrix.Data.dll
Dependency assembly - System.Net.Ping.dll
Dependency assembly - System.Net.Http.WebRequest.dll
Dependency assembly - System.Net.Security.dll
Dependency assembly - System.Reflection.Emit.ILGeneration.dll
Dependency assembly - System.Net.WebSockets.Client.dll
Dependency assembly - System.Net.Http.dll
Dependency assembly - System.Runtime.Serialization.Xml.dll
Dependency assembly - System.Xml.XDocument.dll
Dependency assembly - System.AppContext.dll
Dependency assembly - System.Runtime.Handles.dll
Dependency assembly - System.Web.Extensions.Design.dll
Dependency assembly - System.Xml.Xsl.Primitives.dll
Dependency assembly - System.Threading.Tasks.dll
Dependency assembly - System.Workflow.ComponentModel.dll
Dependency assembly - System.Data.DataSetExtensions.dll
Dependency assembly - System.Data.Services.dll
Dependency assembly - Unity.VisualScripting.DocCodeExamples.dll
Dependency assembly - System.ServiceModel.Http.dll
Dependency assembly - Unity.InferenceEngine.Tokenization.dll
Dependency assembly - System.IdentityModel.dll
Dependency assembly - Mono.Management.dll
Dependency assembly - Mono.CSharp.dll
Dependency assembly - System.Reactive.Debugger.dll
Dependency assembly - Mono.Btls.Interface.dll
Dependency assembly - System.Configuration.Install.dll
Dependency assembly - System.Xml.dll
Dependency assembly - System.ComponentModel.Composition.dll
Dependency assembly - System.Security.Cryptography.RSA.dll
Dependency assembly - System.Net.Mail.dll
Dependency assembly - System.Runtime.DurableInstancing.dll
Dependency assembly - SystemWebTestShim.dll
Dependency assembly - System.Web.Extensions.dll
Dependency assembly - System.Net.NetworkInformation.dll
Dependency assembly - glTFast.dots.dll
Dependency assembly - Unity.Serialization.dll
Dependency assembly - System.ObjectModel.dll
Dependency assembly - Unity.AI.Assistant.Runtime.dll
Dependency assembly - Unity.UnifiedRayTracing.Runtime.dll
Dependency assembly - System.Web.Http.dll
Dependency assembly - System.Interactive.Async.dll
Dependency assembly - System.Windows.Forms.dll
Dependency assembly - System.Runtime.Serialization.Formatters.dll
Dependency assembly - System.Net.WebSockets.dll
Dependency assembly - Unity.RenderPipelines.Core.Runtime.Shared.dll
Dependency assembly - Unity.RenderPipelines.Universal.Runtime.dll
Dependency assembly - System.Threading.Tasks.Extensions.dll
Dependency assembly - System.Numerics.dll
Dependency assembly - System.Threading.Overlapped.dll
Dependency assembly - Mono.Cairo.dll
Dependency assembly - Unity.RenderPipelines.Universal.Shaders.dll
Dependency assembly - System.Runtime.Remoting.dll
Dependency assembly - IBM.Data.DB2.dll
Dependency assembly - Mono.Messaging.dll
Dependency assembly - System.ComponentModel.Annotations.dll
Dependency assembly - Mono.Messaging.RabbitMQ.dll
Dependency assembly - Unity.RenderPipelines.ShaderGraph.ShaderGraphLibrary.dll
Dependency assembly - System.ComponentModel.EventBasedAsync.dll
Dependency assembly - Unity.InferenceEngine.dll
Dependency assembly - System.Net.Http.Formatting.dll
Dependency assembly - System.Runtime.Serialization.dll
Dependency assembly - System.Net.ServicePoint.dll
Dependency assembly - System.Drawing.Primitives.dll
Dependency assembly - System.Net.WebHeaderCollection.dll
Dependency assembly - Unity.Burst.Unsafe.dll
Dependency assembly - System.Resources.Writer.dll
Dependency assembly - System.Reactive.Runtime.Remoting.dll
Dependency assembly - System.Workflow.Runtime.dll
Dependency assembly - System.Collections.Concurrent.dll
Dependency assembly - System.Web.Mvc.dll
Dependency assembly - System.Data.Linq.dll
Dependency assembly - Mono.C5.dll
Dependency assembly - System.IO.MemoryMappedFiles.dll
Dependency assembly - System.Security.AccessControl.dll
Dependency assembly - System.Security.Cryptography.RandomNumberGenerator.dll
Dependency assembly - System.Workflow.Activities.dll
Dependency assembly - System.Reactive.Experimental.dll
Dependency assembly - System.Diagnostics.Debug.dll
Dependency assembly - System.Diagnostics.Tools.dll
Dependency assembly - System.Reflection.Primitives.dll
Dependency assembly - Microsoft.Build.Engine.dll
Dependency assembly - System.Linq.Parallel.dll
Dependency assembly - Mono.Profiler.Log.dll
Dependency assembly - System.Reactive.Windows.Threading.dll
Dependency assembly - System.IO.FileSystem.AccessControl.dll
Dependency assembly - System.Net.NameResolution.dll
Dependency assembly - System.Reflection.Context.dll
Dependency assembly - System.Security.Cryptography.Encryption.Aes.dll
Dependency assembly - Mono.WebBrowser.dll
Dependency assembly - System.Collections.NonGeneric.dll
Dependency assembly - System.Security.Cryptography.Primitives.dll
Dependency assembly - System.Web.Routing.dll
Dependency assembly - System.Web.Abstractions.dll
Dependency assembly - Mono.Http.dll
Dependency assembly - System.Messaging.dll
Dependency assembly - mscorlib.dll
Dependency assembly - System.Web.Razor.dll
Dependency assembly - System.Diagnostics.Process.dll
Dependency assembly - System.Diagnostics.TextWriterTraceListener.dll
Dependency assembly - System.Threading.Thread.dll
Dependency assembly - System.Web.DynamicData.dll
Dependency assembly - System.Web.WebPages.dll
Dependency assembly - System.Security.Cryptography.Csp.dll
Dependency assembly - System.Text.RegularExpressions.dll
Dependency assembly - System.ServiceModel.dll
Dependency assembly - System.Security.Cryptography.Hashing.Algorithms.dll
Dependency assembly - Unity.ML-Agents.dll
Dependency assembly - Unity.Multiplayer.Center.Common.dll
Dependency assembly - System.Drawing.dll
Dependency assembly - Google.Protobuf_Packed.dll
Dependency assembly - System.Runtime.Loader.dll
Dependency assembly - System.Diagnostics.TraceEvent.dll
Dependency assembly - System.Runtime.InteropServices.dll
Dependency assembly - cscompmgd.dll
Dependency assembly - System.Transactions.dll
Dependency assembly - System.IdentityModel.Selectors.dll
Dependency assembly - System.Web.Mobile.dll
Dependency assembly - System.Json.Microsoft.dll
Dependency assembly - System.Diagnostics.Contracts.dll
Dependency assembly - System.IO.Pipes.dll
Dependency assembly - System.ServiceModel.Web.dll
Dependency assembly - System.Collections.dll
Dependency assembly - I18N.CJK.dll
Dependency assembly - System.Web.Http.SelfHost.dll
Dependency assembly - System.Net.Utilities.dll
Dependency assembly - System.Data.OracleClient.dll
Dependency assembly - Unity.ML-Agents.CommunicatorObjects.dll
Dependency assembly - System.Design.dll
Dependency assembly - UnityEngine.UI.dll
Dependency assembly - System.ComponentModel.dll
Dependency assembly - System.Runtime.Extensions.dll
Dependency assembly - System.Security.Cryptography.Pkcs.dll
Dependency assembly - SMDiagnostics.dll
Dependency assembly - Microsoft.Win32.Registry.dll
Dependency assembly - Grpc.Core.dll
Dependency assembly - System.Net.HttpListener.dll
Dependency assembly - System.Reflection.Emit.dll
Dependency assembly - Unity.Collections.dll
Dependency assembly - Microsoft.CSharp.dll
Dependency assembly - System.IO.IsolatedStorage.dll
Dependency assembly - System.Reactive.Windows.Forms.dll
Dependency assembly - System.Net.dll
Dependency assembly - System.Reflection.dll
Dependency assembly - System.Reactive.Providers.dll
Dependency assembly - System.Core.dll
Dependency assembly - System.Linq.Expressions.dll
Dependency assembly - System.Security.Cryptography.OpenSsl.dll
Dependency assembly - System.Web.WebPages.Deployment.dll
Dependency assembly - System.Configuration.dll
Dependency assembly - System.Console.dll
Dependency assembly - Unity.VisualScripting.State.dll
Dependency assembly - Unity.RenderPipelines.Universal.Config.Runtime.dll
Dependency assembly - ICSharpCode.SharpZipLib.dll
Dependency assembly - System.ServiceProcess.dll
Dependency assembly - System.Runtime.Serialization.Formatters.Soap.dll
Dependency assembly - System.Xml.Serialization.dll
Dependency assembly - System.Security.Cryptography.Encoding.dll
Dependency assembly - System.Windows.Forms.DataVisualization.dll
Dependency assembly - System.Runtime.dll
Dependency assembly - Mono.Options.dll
Dependency assembly - monodoc.dll
Dependency assembly - System.Dynamic.dll
Dependency assembly - System.EnterpriseServices.dll
Dependency assembly - Unity.AI.MCP.Runtime.dll
Dependency assembly - Unity.TextMeshPro.dll
Dependency assembly - System.Diagnostics.FileVersionInfo.dll
Dependency assembly - System.Collections.Specialized.dll
Dependency assembly - System.Threading.dll
Dependency assembly - System.ServiceModel.Security.dll
Dependency assembly - Unity.AI.Tracing.dll
Dependency assembly - System.Net.Sockets.dll
Dependency assembly - System.Dynamic.Runtime.dll
Dependency assembly - System.Xml.XPath.dll
Dependency assembly - Unity.InputSystem.ForUI.dll
Dependency assembly - Microsoft.Win32.Primitives.dll
Dependency assembly - Unity.VisualScripting.Flow.dll
Dependency assembly - System.Resources.ReaderWriter.dll
Dependency assembly - System.Diagnostics.StackTrace.dll
Dependency assembly - System.Security.Principal.dll
Dependency assembly - glTFast.Documentation.Examples.dll
Dependency assembly - CustomMarshalers.dll
Dependency assembly - System.Runtime.Caching.dll
Dependency assembly - System.Xml.XPath.XDocument.dll
Dependency assembly - Microsoft.VisualC.dll
Dependency assembly - System.Threading.ThreadPool.dll
Dependency assembly - System.Runtime.Serialization.Json.dll
Dependency assembly - System.Runtime.Serialization.Primitives.dll
Dependency assembly - System.DirectoryServices.dll
Dependency assembly - System.Security.Cryptography.Cng.dll
Dependency assembly - WindowsBase.dll
Dependency assembly - Unity.Burst.dll
Dependency assembly - System.Security.Cryptography.Encryption.dll
Dependency assembly - System.ServiceModel.Internals.dll
Dependency assembly - System.Security.Principal.Windows.dll
Dependency assembly - System.ValueTuple.dll
Dependency assembly - System.Xaml.dll
Dependency assembly - Unity.RenderPipelines.Universal.2D.Runtime.dll
Dependency assembly - Unity.VisualScripting.Core.dll
Dependency assembly - System.DirectoryServices.Protocols.dll
Dependency assembly - System.Threading.Tasks.Parallel.dll
Dependency assembly - System.Windows.dll
Dependency assembly - System.Reflection.TypeExtensions.dll
Dependency assembly - System.Threading.Tasks.Dataflow.dll
Dependency assembly - Mono.Simd.dll
Dependency assembly - Commons.Xml.Relaxng.dll
Dependency assembly - System.Text.Encoding.CodePages.dll
Dependency assembly - glTFast.Newtonsoft.dll
Dependency assembly - System.IO.FileSystem.dll
Dependency assembly - Mono.Posix.dll
Dependency assembly - System.Resources.ResourceManager.dll
Dependency assembly - I18N.MidEast.dll
Dependency assembly - Microsoft.Build.dll
Dependency assembly - System.Deployment.dll
Dependency assembly - Unity.Collections.LowLevel.ILSupport.dll
Dependency assembly - Mono.Parallel.dll
Dependency assembly - System.Data.dll
Dependency assembly - System.Security.Cryptography.Encryption.ECDsa.dll
Dependency assembly - System.Reactive.Core.dll
Dependency assembly - System.Web.RegularExpressions.dll
Dependency assembly - Mono.Security.dll
Dependency assembly - System.Runtime.CompilerServices.VisualC.dll
Dependency assembly - System.Management.dll
Dependency assembly - System.IO.dll
Dependency assembly - System.Security.Cryptography.Encryption.ECDiffieHellman.dll
Dependency assembly - Unity.ML-Agents.Input.dll
Dependency assembly - System.Buffers.dll
Dependency assembly - Unity.RenderPipelines.Core.Runtime.dll
Dependency assembly - Unity.Mathematics.dll
Dependency assembly - System.Diagnostics.TraceSource.dll
Dependency assembly - System.Xml.XPath.XmlDocument.dll
Dependency assembly - System.ServiceModel.Duplex.dll
Dependency assembly - System.Text.Encoding.Extensions.dll
Dependency assembly - System.Numerics.Vectors.dll
Dependency assembly - System.Resources.Reader.dll
Dependency assembly - Novell.Directory.Ldap.dll
Dependency assembly - PEAPI.dll
Dependency assembly - System.Web.dll
Dependency assembly - Newtonsoft.Json.dll
Dependency assembly - I18N.dll
Dependency assembly - Accessibility.dll
Dependency assembly - System.dll
Dependency assembly - System.Net.Cache.dll
Dependency assembly - System.Linq.Queryable.dll
Dependency assembly - Microsoft.Build.Framework.dll
Dependency assembly - System.Memory.dll
Dependency assembly - System.Threading.Timer.dll
Dependency assembly - System.Security.Cryptography.ProtectedData.dll
Dependency assembly - System.Security.Cryptography.Hashing.dll
Dependency assembly - System.Reactive.Interfaces.dll
Dependency assembly - Microsoft.Build.Utilities.v4.0.dll
Dependency assembly - System.Reflection.Extensions.dll
Dependency assembly - Unity.VisualScripting.Antlr3.Runtime.dll
Dependency assembly - Unity.InputSystem.dll
Dependency assembly - I18N.West.dll
Dependency assembly - System.Data.Common.dll
Dependency assembly - System.IO.FileSystem.DriveInfo.dll
Dependency assembly - System.Json.dll
Dependency assembly - System.ServiceModel.NetTcp.dll
Dependency assembly - System.IO.Abstractions.dll
Dependency assembly - System.Globalization.Extensions.dll

Unloading 227 Unused Serialized files (Serialized files now loaded: 0)
Unloading 7458 unused Assets / (51.9 MB). Loaded Objects now: 11674.
Memory consumption went from 329.1 MB to 277.1 MB.
Total: 25.447800 ms (FindLiveObjects: 0.717200 ms CreateObjectMapping: 0.630300 ms MarkObjects: 19.819300 ms  DeleteObjects: 4.278000 ms)

Unloading 1 Unused Serialized files (Serialized files now loaded: 0)
Unloading 0 unused Assets / (2.2 KB). Loaded Objects now: 11676.
Memory consumption went from 255.1 MB to 255.1 MB.
Total: 20.645200 ms (FindLiveObjects: 0.557900 ms CreateObjectMapping: 0.377700 ms MarkObjects: 19.558800 ms  DeleteObjects: 0.149000 ms)

Unloading 10 Unused Serialized files (Serialized files now loaded: 0)
Unloading 173 unused Assets / (148.9 MB). Loaded Objects now: 11676.
Memory consumption went from 405.2 MB to 256.3 MB.
Total: 37.389000 ms (FindLiveObjects: 0.743400 ms CreateObjectMapping: 0.853000 ms MarkObjects: 18.880200 ms  DeleteObjects: 16.910400 ms)

Compiling shader "Skybox/Cubemap"
  Pass "" (vp)
    Target graphics API: d3d11
    Full variant space:         1
    After settings filtering:   1
    After built-in stripping:   1
    After scriptable stripping: 1
    Processed in 0.00 seconds
  Pass "" (fp)
    Target graphics API: d3d11
    Full variant space:         1
    After settings filtering:   1
    After built-in stripping:   1
    After scriptable stripping: 1
    Processed in 0.00 seconds
  Pass  (vp, d3d11) finished in 0.01 seconds. Local cache hits 0 (0.00s CPU time), remote cache hits 0 (0.00s CPU time), compiled 1 variants (0.01s CPU time), skipped 0 variants.
    Prepared data for serialisation in 0.00s
  Pass  (fp, d3d11) finished in 0.01 seconds. Local cache hits 0 (0.00s CPU time), remote cache hits 0 (0.00s CPU time), compiled 1 variants (0.01s CPU time), skipped 0 variants.
    Prepared data for serialisation in 0.00s
Serialized binary data for shader Skybox/Cubemap in 0.00s
    d3d11 (total internal programs: 2, unique: 2)
Compiling shader "Hidden/Sentis/ReduceExpBias"
  Pass "" (vp)
    Target graphics API: d3d11
    Full variant space:         1
    After settings filtering:   1
    After built-in stripping:   1
    After scriptable stripping: 1
    Processed in 0.00 seconds
  Pass "" (fp)
    Target graphics API: d3d11
    Full variant space:         1
    After settings filtering:   1
    After built-in stripping:   1
    After scriptable stripping: 1
    Processed in 0.00 seconds
  Pass  (vp, d3d11) finished in 0.00 seconds. Local cache hits 1 (0.00s CPU time), remote cache hits 0 (0.00s CPU time), compiled 0 variants (0.00s CPU time), skipped 0 variants.
    Prepared data for serialisation in 0.00s
  Pass  (fp, d3d11) finished in 0.00 seconds. Local cache hits 1 (0.00s CPU time), remote cache hits 0 (0.00s CPU time), compiled 0 variants (0.00s CPU time), skipped 0 variants.
    Prepared data for serialisation in 0.00s
Serialized binary data for shader Hidden/Sentis/ReduceExpBias in 0.00s
    d3d11 (total internal programs: 2, unique: 2)
Compiling shader "Hidden/Sentis/Activation"
  Pass "" (vp)
    Target graphics API: d3d11
    Full variant space:         49
    After settings filtering:   49
    After built-in stripping:   49
    After scriptable stripping: 49
    Processed in 0.00 seconds
  Pass "" (fp)
    Target graphics API: d3d11
    Full variant space:         49
    After settings filtering:   49
    After built-in stripping:   49
    After scriptable stripping: 49
    Processed in 0.00 seconds
  Pass  (vp, d3d11) finished in 0.20 seconds. Local cache hits 1 (0.00s CPU time), remote cache hits 0 (0.00s CPU time), compiled 48 variants (2.67s CPU time), skipped 0 variants.
    Prepared data for serialisation in 0.00s
  Pass  (fp, d3d11) finished in 0.19 seconds. Local cache hits 1 (0.00s CPU time), remote cache hits 0 (0.00s CPU time), compiled 48 variants (2.36s CPU time), skipped 0 variants.
    Prepared data for serialisation in 0.00s
Serialized binary data for shader Hidden/Sentis/Activation in 0.00s
    d3d11 (total internal programs: 98, unique: 98)
Compiling shader "Hidden/Sentis/Dense"
  Pass "" (vp)
    Target graphics API: d3d11
    Full variant space:         4
    After settings filtering:   4
    After built-in stripping:   4
    After scriptable stripping: 4
    Processed in 0.00 seconds
  Pass "" (fp)
    Target graphics API: d3d11
    Full variant space:         4
    After settings filtering:   4
    After built-in stripping:   4
    After scriptable stripping: 4
    Processed in 0.00 seconds
  Pass  (vp, d3d11) finished in 0.02 seconds. Local cache hits 1 (0.00s CPU time), remote cache hits 0 (0.00s CPU time), compiled 3 variants (0.06s CPU time), skipped 0 variants.
    Prepared data for serialisation in 0.00s
  Pass  (fp, d3d11) finished in 0.04 seconds. Local cache hits 1 (0.00s CPU time), remote cache hits 0 (0.00s CPU time), compiled 3 variants (0.09s CPU time), skipped 0 variants.
    Prepared data for serialisation in 0.00s
Serialized binary data for shader Hidden/Sentis/Dense in 0.00s
    d3d11 (total internal programs: 8, unique: 8)
Compiling shader "Hidden/Sentis/Pad"
  Pass "" (vp)
    Target graphics API: d3d11
    Full variant space:         10
    After settings filtering:   10
    After built-in stripping:   10
    After scriptable stripping: 10
    Processed in 0.00 seconds
  Pass "" (fp)
    Target graphics API: d3d11
    Full variant space:         10
    After settings filtering:   10
    After built-in stripping:   10
    After scriptable stripping: 10
    Processed in 0.00 seconds
  Pass  (vp, d3d11) finished in 0.05 seconds. Local cache hits 1 (0.00s CPU time), remote cache hits 0 (0.00s CPU time), compiled 9 variants (0.37s CPU time), skipped 0 variants.
    Prepared data for serialisation in 0.00s
  Pass  (fp, d3d11) finished in 0.08 seconds. Local cache hits 1 (0.02s CPU time), remote cache hits 0 (0.00s CPU time), compiled 9 variants (0.49s CPU time), skipped 0 variants.
    Prepared data for serialisation in 0.00s
Serialized binary data for shader Hidden/Sentis/Pad in 0.00s
    d3d11 (total internal programs: 20, unique: 20)
Shader warning in 'Hidden/Sentis/Pad': integer modulus may be much slower, try using uints if possible. at Packages/com.unity.ai.inference/Runtime/Core/Resources/Sentis/PixelShaders/Pad.shader(55) (on d3d11)

Compiling Subshader: 0, Pass: , Fragment program with WRAP
Platform defines: SHADER_API_DESKTOP UNITY_ENABLE_DETAIL_NORMALMAP UNITY_ENABLE_REFLECTION_BUFFERS UNITY_LIGHTMAP_FULL_HDR UNITY_LIGHT_PROBE_PROXY_VOLUME UNITY_PBS_USE_BRDF1 UNITY_PLATFORM_SUPPORTS_DEPTH_FETCH UNITY_SPECCUBE_BLENDING UNITY_SPECCUBE_BOX_PROJECTION UNITY_USE_DITHER_MASK_FOR_ALPHABLENDED_SHADOWS
Disabled keywords: CONSTANT EDGE INT REFLECT SHADER_API_GLES30 SHADER_API_GLES31 SHADER_API_GLES32 SYMMETRIC UNITY_ASTC_NORMALMAP_ENCODING UNITY_COLORSPACE_GAMMA UNITY_FRAMEBUFFER_FETCH_AVAILABLE UNITY_HARDWARE_TIER1 UNITY_HARDWARE_TIER2 UNITY_HARDWARE_TIER3 UNITY_LIGHTMAP_DLDR_ENCODING UNITY_LIGHTMAP_RGBM_ENCODING UNITY_METAL_SHADOWS_USE_POINT_FILTERING UNITY_NO_DXT5nm UNITY_NO_SCREENSPACE_SHADOWS UNITY_PBS_USE_BRDF2 UNITY_PBS_USE_BRDF3 UNITY_PRETRANSFORM_TO_DISPLAY_ORIENTATION UNITY_UNIFIED_SHADER_PRECISION_MODEL UNITY_VIRTUAL_TEXTURING
Compiling shader "Hidden/Sentis/WindowedDFTMatrix"
  Pass "" (vp)
    Target graphics API: d3d11
    Full variant space:         8
    After settings filtering:   8
    After built-in stripping:   8
    After scriptable stripping: 8
    Processed in 0.00 seconds
  Pass "" (fp)
    Target graphics API: d3d11
    Full variant space:         8
    After settings filtering:   8
    After built-in stripping:   8
    After scriptable stripping: 8
    Processed in 0.00 seconds
  Pass  (vp, d3d11) finished in 0.05 seconds. Local cache hits 1 (0.00s CPU time), remote cache hits 0 (0.00s CPU time), compiled 7 variants (0.25s CPU time), skipped 0 variants.
    Prepared data for serialisation in 0.00s
  Pass  (fp, d3d11) finished in 0.09 seconds. Local cache hits 1 (0.00s CPU time), remote cache hits 0 (0.00s CPU time), compiled 7 variants (0.39s CPU time), skipped 0 variants.
    Prepared data for serialisation in 0.00s
Serialized binary data for shader Hidden/Sentis/WindowedDFTMatrix in 0.00s
    d3d11 (total internal programs: 16, unique: 16)
Compiling shader "Hidden/Sentis/MatMul"
  Pass "" (vp)
    Target graphics API: d3d11
    Full variant space:         1
    After settings filtering:   1
    After built-in stripping:   1
    After scriptable stripping: 1
    Processed in 0.00 seconds
  Pass "" (fp)
    Target graphics API: d3d11
    Full variant space:         1
    After settings filtering:   1
    After built-in stripping:   1
    After scriptable stripping: 1
    Processed in 0.00 seconds
  Pass  (vp, d3d11) finished in 0.00 seconds. Local cache hits 1 (0.00s CPU time), remote cache hits 0 (0.00s CPU time), compiled 0 variants (0.00s CPU time), skipped 0 variants.
    Prepared data for serialisation in 0.00s
  Pass  (fp, d3d11) finished in 0.00 seconds. Local cache hits 1 (0.00s CPU time), remote cache hits 0 (0.00s CPU time), compiled 0 variants (0.00s CPU time), skipped 0 variants.
    Prepared data for serialisation in 0.00s
Serialized binary data for shader Hidden/Sentis/MatMul in 0.00s
    d3d11 (total internal programs: 2, unique: 2)
Compiling shader "Hidden/Sentis/Transpose"
  Pass "" (vp)
    Target graphics API: d3d11
    Full variant space:         2
    After settings filtering:   2
    After built-in stripping:   2
    After scriptable stripping: 2
    Processed in 0.00 seconds
  Pass "" (fp)
    Target graphics API: d3d11
    Full variant space:         2
    After settings filtering:   2
    After built-in stripping:   2
    After scriptable stripping: 2
    Processed in 0.00 seconds
  Pass  (vp, d3d11) finished in 0.01 seconds. Local cache hits 1 (0.00s CPU time), remote cache hits 0 (0.00s CPU time), compiled 1 variants (0.01s CPU time), skipped 0 variants.
    Prepared data for serialisation in 0.00s
  Pass  (fp, d3d11) finished in 0.01 seconds. Local cache hits 1 (0.00s CPU time), remote cache hits 0 (0.00s CPU time), compiled 1 variants (0.01s CPU time), skipped 0 variants.
    Prepared data for serialisation in 0.00s
Serialized binary data for shader Hidden/Sentis/Transpose in 0.00s
    d3d11 (total internal programs: 4, unique: 4)
Compiling shader "Hidden/Sentis/ActivationInt"
  Pass "" (vp)
    Target graphics API: d3d11
    Full variant space:         6
    After settings filtering:   6
    After built-in stripping:   6
    After scriptable stripping: 6
    Processed in 0.00 seconds
  Pass "" (fp)
    Target graphics API: d3d11
    Full variant space:         6
    After settings filtering:   6
    After built-in stripping:   6
    After scriptable stripping: 6
    Processed in 0.00 seconds
  Pass  (vp, d3d11) finished in 0.03 seconds. Local cache hits 1 (0.00s CPU time), remote cache hits 0 (0.00s CPU time), compiled 5 variants (0.14s CPU time), skipped 0 variants.
    Prepared data for serialisation in 0.00s
  Pass  (fp, d3d11) finished in 0.03 seconds. Local cache hits 1 (0.00s CPU time), remote cache hits 0 (0.00s CPU time), compiled 5 variants (0.10s CPU time), skipped 0 variants.
    Prepared data for serialisation in 0.00s
Serialized binary data for shader Hidden/Sentis/ActivationInt in 0.00s
    d3d11 (total internal programs: 12, unique: 12)
Compiling shader "Hidden/Sentis/Trilu"
  Pass "" (vp)
    Target graphics API: d3d11
    Full variant space:         2
    After settings filtering:   2
    After built-in stripping:   2
    After scriptable stripping: 2
    Processed in 0.00 seconds
  Pass "" (fp)
    Target graphics API: d3d11
    Full variant space:         2
    After settings filtering:   2
    After built-in stripping:   2
    After scriptable stripping: 2
    Processed in 0.00 seconds
  Pass  (vp, d3d11) finished in 0.01 seconds. Local cache hits 1 (0.00s CPU time), remote cache hits 0 (0.00s CPU time), compiled 1 variants (0.01s CPU time), skipped 0 variants.
    Prepared data for serialisation in 0.00s
  Pass  (fp, d3d11) finished in 0.01 seconds. Local cache hits 1 (0.00s CPU time), remote cache hits 0 (0.00s CPU time), compiled 1 variants (0.01s CPU time), skipped 0 variants.
    Prepared data for serialisation in 0.00s
Serialized binary data for shader Hidden/Sentis/Trilu in 0.00s
    d3d11 (total internal programs: 4, unique: 4)
Compiling shader "Hidden/Sentis/InstanceNormalizationTail"
  Pass "" (vp)
    Target graphics API: d3d11
    Full variant space:         1
    After settings filtering:   1
    After built-in stripping:   1
    After scriptable stripping: 1
    Processed in 0.00 seconds
  Pass "" (fp)
    Target graphics API: d3d11
    Full variant space:         1
    After settings filtering:   1
    After built-in stripping:   1
    After scriptable stripping: 1
    Processed in 0.00 seconds
  Pass  (vp, d3d11) finished in 0.00 seconds. Local cache hits 1 (0.00s CPU time), remote cache hits 0 (0.00s CPU time), compiled 0 variants (0.00s CPU time), skipped 0 variants.
    Prepared data for serialisation in 0.00s
  Pass  (fp, d3d11) finished in 0.00 seconds. Local cache hits 1 (0.00s CPU time), remote cache hits 0 (0.00s CPU time), compiled 0 variants (0.00s CPU time), skipped 0 variants.
    Prepared data for serialisation in 0.00s
Serialized binary data for shader Hidden/Sentis/InstanceNormalizationTail in 0.00s
    d3d11 (total internal programs: 2, unique: 2)
Compiling shader "Hidden/Sentis/Tile"
  Pass "" (vp)
    Target graphics API: d3d11
    Full variant space:         2
    After settings filtering:   2
    After built-in stripping:   2
    After scriptable stripping: 2
    Processed in 0.00 seconds
  Pass "" (fp)
    Target graphics API: d3d11
    Full variant space:         2
    After settings filtering:   2
    After built-in stripping:   2
    After scriptable stripping: 2
    Processed in 0.00 seconds
  Pass  (vp, d3d11) finished in 0.02 seconds. Local cache hits 1 (0.00s CPU time), remote cache hits 0 (0.00s CPU time), compiled 1 variants (0.02s CPU time), skipped 0 variants.
    Prepared data for serialisation in 0.00s
  Pass  (fp, d3d11) finished in 0.02 seconds. Local cache hits 1 (0.00s CPU time), remote cache hits 0 (0.00s CPU time), compiled 1 variants (0.01s CPU time), skipped 0 variants.
    Prepared data for serialisation in 0.00s
Serialized binary data for shader Hidden/Sentis/Tile in 0.00s
    d3d11 (total internal programs: 4, unique: 4)
Compiling shader "Hidden/Sentis/TextureConversion/TensorToTexture"
  Pass "" (vp)
    Target graphics API: d3d11
    Full variant space:         12
    After settings filtering:   12
    After built-in stripping:   12
    After scriptable stripping: 12
    Processed in 0.00 seconds
  Pass "" (fp)
    Target graphics API: d3d11
    Full variant space:         12
    After settings filtering:   12
    After built-in stripping:   12
    After scriptable stripping: 12
    Processed in 0.00 seconds
  Pass  (vp, d3d11) finished in 0.05 seconds. Local cache hits 1 (0.00s CPU time), remote cache hits 0 (0.00s CPU time), compiled 11 variants (0.41s CPU time), skipped 0 variants.
    Prepared data for serialisation in 0.00s
  Pass  (fp, d3d11) finished in 0.08 seconds. Local cache hits 1 (0.02s CPU time), remote cache hits 0 (0.00s CPU time), compiled 11 variants (0.52s CPU time), skipped 0 variants.
    Prepared data for serialisation in 0.00s
Serialized binary data for shader Hidden/Sentis/TextureConversion/TensorToTexture in 0.00s
    d3d11 (total internal programs: 24, unique: 24)
Compiling shader "Hidden/Sentis/TextureTensorDataDownload"
  Pass "" (vp)
    Target graphics API: d3d11
    Full variant space:         3
    After settings filtering:   3
    After built-in stripping:   3
    After scriptable stripping: 3
    Processed in 0.00 seconds
  Pass "" (fp)
    Target graphics API: d3d11
    Full variant space:         3
    After settings filtering:   3
    After built-in stripping:   3
    After scriptable stripping: 3
    Processed in 0.00 seconds
  Pass  (vp, d3d11) finished in 0.02 seconds. Local cache hits 1 (0.00s CPU time), remote cache hits 0 (0.00s CPU time), compiled 2 variants (0.03s CPU time), skipped 0 variants.
    Prepared data for serialisation in 0.00s
  Pass  (fp, d3d11) finished in 0.02 seconds. Local cache hits 1 (0.00s CPU time), remote cache hits 0 (0.00s CPU time), compiled 2 variants (0.04s CPU time), skipped 0 variants.
    Prepared data for serialisation in 0.00s
Serialized binary data for shader Hidden/Sentis/TextureTensorDataDownload in 0.00s
    d3d11 (total internal programs: 6, unique: 6)
Compiling shader "TextMeshPro/Mobile/Distance Field - Masking"
  Pass "" (vp)
    Target graphics API: d3d11
    Full variant space:         4
    After settings filtering:   4
    After built-in stripping:   4
    After scriptable stripping: 4
    Processed in 0.00 seconds
  Pass "" (fp)
    Target graphics API: d3d11
    Full variant space:         4
    After settings filtering:   4
    After built-in stripping:   4
    After scriptable stripping: 4
    Processed in 0.00 seconds
  Pass  (vp, d3d11) finished in 0.06 seconds. Local cache hits 1 (0.00s CPU time), remote cache hits 0 (0.00s CPU time), compiled 3 variants (0.15s CPU time), skipped 0 variants.
    Prepared data for serialisation in 0.00s
  Pass  (fp, d3d11) finished in 0.06 seconds. Local cache hits 1 (0.00s CPU time), remote cache hits 0 (0.00s CPU time), compiled 3 variants (0.10s CPU time), skipped 0 variants.
    Prepared data for serialisation in 0.00s
Serialized binary data for shader TextMeshPro/Mobile/Distance Field - Masking in 0.00s
    d3d11 (total internal programs: 8, unique: 8)
Compiling shader "Hidden/Sentis/MelWeightMatrix"
  Pass "" (vp)
    Target graphics API: d3d11
    Full variant space:         1
    After settings filtering:   1
    After built-in stripping:   1
    After scriptable stripping: 1
    Processed in 0.00 seconds
  Pass "" (fp)
    Target graphics API: d3d11
    Full variant space:         1
    After settings filtering:   1
    After built-in stripping:   1
    After scriptable stripping: 1
    Processed in 0.00 seconds
  Pass  (vp, d3d11) finished in 0.00 seconds. Local cache hits 1 (0.00s CPU time), remote cache hits 0 (0.00s CPU time), compiled 0 variants (0.00s CPU time), skipped 0 variants.
    Prepared data for serialisation in 0.00s
  Pass  (fp, d3d11) finished in 0.00 seconds. Local cache hits 1 (0.00s CPU time), remote cache hits 0 (0.00s CPU time), compiled 0 variants (0.00s CPU time), skipped 0 variants.
    Prepared data for serialisation in 0.00s
Serialized binary data for shader Hidden/Sentis/MelWeightMatrix in 0.00s
    d3d11 (total internal programs: 2, unique: 2)
Compiling shader "Hidden/Sentis/CumSum"
  Pass "" (vp)
    Target graphics API: d3d11
    Full variant space:         8
    After settings filtering:   8
    After built-in stripping:   8
    After scriptable stripping: 8
    Processed in 0.00 seconds
  Pass "" (fp)
    Target graphics API: d3d11
    Full variant space:         8
    After settings filtering:   8
    After built-in stripping:   8
    After scriptable stripping: 8
    Processed in 0.00 seconds
  Pass  (vp, d3d11) finished in 0.04 seconds. Local cache hits 1 (0.00s CPU time), remote cache hits 0 (0.00s CPU time), compiled 7 variants (0.19s CPU time), skipped 0 variants.
    Prepared data for serialisation in 0.00s
  Pass  (fp, d3d11) finished in 0.05 seconds. Local cache hits 1 (0.00s CPU time), remote cache hits 0 (0.00s CPU time), compiled 7 variants (0.30s CPU time), skipped 0 variants.
    Prepared data for serialisation in 0.00s
Serialized binary data for shader Hidden/Sentis/CumSum in 0.00s
    d3d11 (total internal programs: 16, unique: 16)
Compiling shader "TextMeshPro/Distance Field"
  Pass "" (vp)
    Target graphics API: d3d11
    Full variant space:         4
    After settings filtering:   4
    After built-in stripping:   4
    After scriptable stripping: 4
    Processed in 0.00 seconds
  Pass "" (fp)
    Target graphics API: d3d11
    Full variant space:         4
    After settings filtering:   4
    After built-in stripping:   4
    After scriptable stripping: 4
    Processed in 0.00 seconds
  Pass  (vp, d3d11) finished in 0.05 seconds. Local cache hits 1 (0.00s CPU time), remote cache hits 0 (0.00s CPU time), compiled 3 variants (0.14s CPU time), skipped 0 variants.
    Prepared data for serialisation in 0.00s
  Pass  (fp, d3d11) finished in 0.05 seconds. Local cache hits 1 (0.00s CPU time), remote cache hits 0 (0.00s CPU time), compiled 3 variants (0.11s CPU time), skipped 0 variants.
    Prepared data for serialisation in 0.00s
Serialized binary data for shader TextMeshPro/Distance Field in 0.00s
    d3d11 (total internal programs: 8, unique: 8)
Compiling shader "Hidden/Sentis/Window"
  Pass "" (vp)
    Target graphics API: d3d11
    Full variant space:         3
    After settings filtering:   3
    After built-in stripping:   3
    After scriptable stripping: 3
    Processed in 0.00 seconds
  Pass "" (fp)
    Target graphics API: d3d11
    Full variant space:         3
    After settings filtering:   3
    After built-in stripping:   3
    After scriptable stripping: 3
    Processed in 0.00 seconds
  Pass  (vp, d3d11) finished in 0.02 seconds. Local cache hits 1 (0.00s CPU time), remote cache hits 0 (0.00s CPU time), compiled 2 variants (0.03s CPU time), skipped 0 variants.
    Prepared data for serialisation in 0.00s
  Pass  (fp, d3d11) finished in 0.02 seconds. Local cache hits 1 (0.00s CPU time), remote cache hits 0 (0.00s CPU time), compiled 2 variants (0.03s CPU time), skipped 0 variants.
    Prepared data for serialisation in 0.00s
Serialized binary data for shader Hidden/Sentis/Window in 0.00s
    d3d11 (total internal programs: 6, unique: 6)
Compiling shader "Hidden/Sentis/LocalResponseNormalization"
  Pass "" (vp)
    Target graphics API: d3d11
    Full variant space:         1
    After settings filtering:   1
    After built-in stripping:   1
    After scriptable stripping: 1
    Processed in 0.00 seconds
  Pass "" (fp)
    Target graphics API: d3d11
    Full variant space:         1
    After settings filtering:   1
    After built-in stripping:   1
    After scriptable stripping: 1
    Processed in 0.00 seconds
  Pass  (vp, d3d11) finished in 0.00 seconds. Local cache hits 1 (0.00s CPU time), remote cache hits 0 (0.00s CPU time), compiled 0 variants (0.00s CPU time), skipped 0 variants.
    Prepared data for serialisation in 0.00s
  Pass  (fp, d3d11) finished in 0.00 seconds. Local cache hits 1 (0.00s CPU time), remote cache hits 0 (0.00s CPU time), compiled 0 variants (0.00s CPU time), skipped 0 variants.
    Prepared data for serialisation in 0.00s
Serialized binary data for shader Hidden/Sentis/LocalResponseNormalization in 0.00s
    d3d11 (total internal programs: 2, unique: 2)
Compiling shader "Hidden/Sentis/LayerNormalizationTail"
  Pass "" (vp)
    Target graphics API: d3d11
    Full variant space:         1
    After settings filtering:   1
    After built-in stripping:   1
    After scriptable stripping: 1
    Processed in 0.00 seconds
  Pass "" (fp)
    Target graphics API: d3d11
    Full variant space:         1
    After settings filtering:   1
    After built-in stripping:   1
    After scriptable stripping: 1
    Processed in 0.00 seconds
  Pass  (vp, d3d11) finished in 0.00 seconds. Local cache hits 1 (0.00s CPU time), remote cache hits 0 (0.00s CPU time), compiled 0 variants (0.00s CPU time), skipped 0 variants.
    Prepared data for serialisation in 0.00s
  Pass  (fp, d3d11) finished in 0.00 seconds. Local cache hits 1 (0.00s CPU time), remote cache hits 0 (0.00s CPU time), compiled 0 variants (0.00s CPU time), skipped 0 variants.
    Prepared data for serialisation in 0.00s
Serialized binary data for shader Hidden/Sentis/LayerNormalizationTail in 0.00s
    d3d11 (total internal programs: 2, unique: 2)
Compiling shader "TextMeshPro/Bitmap Custom Atlas"
  Pass "" (vp)
    Target graphics API: d3d11
    Full variant space:         4
    After settings filtering:   4
    After built-in stripping:   4
    After scriptable stripping: 4
    Processed in 0.00 seconds
  Pass "" (fp)
    Target graphics API: d3d11
    Full variant space:         4
    After settings filtering:   4
    After built-in stripping:   4
    After scriptable stripping: 4
    Processed in 0.00 seconds
  Pass  (vp, d3d11) finished in 0.03 seconds. Local cache hits 1 (0.00s CPU time), remote cache hits 0 (0.00s CPU time), compiled 3 variants (0.09s CPU time), skipped 0 variants.
    Prepared data for serialisation in 0.00s
  Pass  (fp, d3d11) finished in 0.03 seconds. Local cache hits 1 (0.00s CPU time), remote cache hits 0 (0.00s CPU time), compiled 3 variants (0.06s CPU time), skipped 0 variants.
    Prepared data for serialisation in 0.00s
Serialized binary data for shader TextMeshPro/Bitmap Custom Atlas in 0.00s
    d3d11 (total internal programs: 8, unique: 8)
Compiling shader "Hidden/Sentis/IsInfNaN"
  Pass "" (vp)
    Target graphics API: d3d11
    Full variant space:         2
    After settings filtering:   2
    After built-in stripping:   2
    After scriptable stripping: 2
    Processed in 0.00 seconds
  Pass "" (fp)
    Target graphics API: d3d11
    Full variant space:         2
    After settings filtering:   2
    After built-in stripping:   2
    After scriptable stripping: 2
    Processed in 0.00 seconds
  Pass  (vp, d3d11) finished in 0.02 seconds. Local cache hits 1 (0.00s CPU time), remote cache hits 0 (0.00s CPU time), compiled 1 variants (0.02s CPU time), skipped 0 variants.
    Prepared data for serialisation in 0.00s
  Pass  (fp, d3d11) finished in 0.02 seconds. Local cache hits 1 (0.00s CPU time), remote cache hits 0 (0.00s CPU time), compiled 1 variants (0.01s CPU time), skipped 0 variants.
    Prepared data for serialisation in 0.00s
Serialized binary data for shader Hidden/Sentis/IsInfNaN in 0.00s
    d3d11 (total internal programs: 4, unique: 4)
Compiling shader "Hidden/Sentis/GatherElements"
  Pass "" (vp)
    Target graphics API: d3d11
    Full variant space:         4
    After settings filtering:   4
    After built-in stripping:   4
    After scriptable stripping: 4
    Processed in 0.00 seconds
  Pass "" (fp)
    Target graphics API: d3d11
    Full variant space:         4
    After settings filtering:   4
    After built-in stripping:   4
    After scriptable stripping: 4
    Processed in 0.00 seconds
  Pass  (vp, d3d11) finished in 0.02 seconds. Local cache hits 1 (0.00s CPU time), remote cache hits 0 (0.00s CPU time), compiled 3 variants (0.06s CPU time), skipped 0 variants.
    Prepared data for serialisation in 0.00s
  Pass  (fp, d3d11) finished in 0.07 seconds. Local cache hits 1 (0.00s CPU time), remote cache hits 0 (0.00s CPU time), compiled 3 variants (0.17s CPU time), skipped 0 variants.
    Prepared data for serialisation in 0.00s
Serialized binary data for shader Hidden/Sentis/GatherElements in 0.00s
    d3d11 (total internal programs: 8, unique: 8)
Compiling shader "Hidden/Core/FallbackError"
  Pass "" (vp)
    Target graphics API: d3d11
    Full variant space:         3
    After settings filtering:   3
    After built-in stripping:   1
    After scriptable stripping: 1
    Processed in 0.00 seconds
  Pass "" (fp)
    Target graphics API: d3d11
    Full variant space:         3
    After settings filtering:   3
    After built-in stripping:   1
    After scriptable stripping: 1
    Processed in 0.00 seconds
  Pass  (vp, d3d11) finished in 0.00 seconds. Local cache hits 1 (0.00s CPU time), remote cache hits 0 (0.00s CPU time), compiled 0 variants (0.00s CPU time), skipped 0 variants.
    Prepared data for serialisation in 0.00s
  Pass  (fp, d3d11) finished in 0.00 seconds. Local cache hits 1 (0.00s CPU time), remote cache hits 0 (0.00s CPU time), compiled 0 variants (0.00s CPU time), skipped 0 variants.
    Prepared data for serialisation in 0.00s
Serialized binary data for shader Hidden/Core/FallbackError in 0.00s
    d3d11 (total internal programs: 2, unique: 2)
Compiling shader "TextMeshPro/Mobile/Distance Field Overlay"
  Pass "" (vp)
    Target graphics API: d3d11
    Full variant space:         4
    After settings filtering:   4
    After built-in stripping:   4
    After scriptable stripping: 4
    Processed in 0.00 seconds
  Pass "" (fp)
    Target graphics API: d3d11
    Full variant space:         4
    After settings filtering:   4
    After built-in stripping:   4
    After scriptable stripping: 4
    Processed in 0.00 seconds
  Pass  (vp, d3d11) finished in 0.04 seconds. Local cache hits 1 (0.00s CPU time), remote cache hits 0 (0.00s CPU time), compiled 3 variants (0.11s CPU time), skipped 0 variants.
    Prepared data for serialisation in 0.00s
  Pass  (fp, d3d11) finished in 0.04 seconds. Local cache hits 1 (0.00s CPU time), remote cache hits 0 (0.00s CPU time), compiled 3 variants (0.06s CPU time), skipped 0 variants.
    Prepared data for serialisation in 0.00s
Serialized binary data for shader TextMeshPro/Mobile/Distance Field Overlay in 0.00s
    d3d11 (total internal programs: 8, unique: 8)
Compiling shader "TextMeshPro/Mobile/Bitmap"
  Pass "" (vp)
    Target graphics API: d3d11
    Full variant space:         4
    After settings filtering:   4
    After built-in stripping:   4
    After scriptable stripping: 4
    Processed in 0.00 seconds
  Pass "" (fp)
    Target graphics API: d3d11
    Full variant space:         4
    After settings filtering:   4
    After built-in stripping:   4
    After scriptable stripping: 4
    Processed in 0.00 seconds
  Pass "" (vp)
    Target graphics API: d3d11
    Full variant space:         1
    After settings filtering:   1
    After built-in stripping:   1
    After scriptable stripping: 1
    Processed in 0.00 seconds
  Pass "" (fp)
    Target graphics API: d3d11
    Full variant space:         1
    After settings filtering:   1
    After built-in stripping:   1
    After scriptable stripping: 1
    Processed in 0.00 seconds
  Pass  (vp, d3d11) finished in 0.03 seconds. Local cache hits 1 (0.00s CPU time), remote cache hits 0 (0.00s CPU time), compiled 3 variants (0.07s CPU time), skipped 0 variants.
    Prepared data for serialisation in 0.00s
  Pass  (fp, d3d11) finished in 0.03 seconds. Local cache hits 1 (0.00s CPU time), remote cache hits 0 (0.00s CPU time), compiled 3 variants (0.05s CPU time), skipped 0 variants.
    Prepared data for serialisation in 0.00s
  Pass  (vp, d3d11) finished in 0.03 seconds. Local cache hits 1 (0.00s CPU time), remote cache hits 0 (0.00s CPU time), compiled 0 variants (0.00s CPU time), skipped 0 variants.
    Prepared data for serialisation in 0.00s
  Pass  (fp, d3d11) finished in 0.03 seconds. Local cache hits 1 (0.00s CPU time), remote cache hits 0 (0.00s CPU time), compiled 0 variants (0.00s CPU time), skipped 0 variants.
    Prepared data for serialisation in 0.00s
Serialized binary data for shader TextMeshPro/Mobile/Bitmap in 0.00s
    d3d11 (total internal programs: 10, unique: 10)
Compiling shader "Hidden/Sentis/TextureConversion/TextureToTensor"
  Pass "" (vp)
    Target graphics API: d3d11
    Full variant space:         12
    After settings filtering:   12
    After built-in stripping:   12
    After scriptable stripping: 12
    Processed in 0.00 seconds
  Pass "" (fp)
    Target graphics API: d3d11
    Full variant space:         12
    After settings filtering:   12
    After built-in stripping:   12
    After scriptable stripping: 12
    Processed in 0.00 seconds
  Pass  (vp, d3d11) finished in 0.06 seconds. Local cache hits 1 (0.02s CPU time), remote cache hits 0 (0.00s CPU time), compiled 11 variants (0.41s CPU time), skipped 0 variants.
    Prepared data for serialisation in 0.00s
  Pass  (fp, d3d11) finished in 0.08 seconds. Local cache hits 1 (0.00s CPU time), remote cache hits 0 (0.00s CPU time), compiled 11 variants (0.51s CPU time), skipped 0 variants.
    Prepared data for serialisation in 0.00s
Serialized binary data for shader Hidden/Sentis/TextureConversion/TextureToTensor in 0.00s
    d3d11 (total internal programs: 24, unique: 24)
Compiling shader "TextMeshPro/Distance Field (Surface)"
  Pass "FORWARD" (vp)
    Target graphics API: d3d11
    Full variant space:         24
    After settings filtering:   24
    After built-in stripping:   3
    After scriptable stripping: 3
    Processed in 0.00 seconds
  Pass "FORWARD" (fp)
    Target graphics API: d3d11
    Full variant space:         16
    After settings filtering:   16
    After built-in stripping:   2
    After scriptable stripping: 2
    Processed in 0.00 seconds
  Pass "FORWARD" (vp)
    Target graphics API: d3d11
    Full variant space:         20
    After settings filtering:   20
    After built-in stripping:   5
    After scriptable stripping: 5
    Processed in 0.00 seconds
  Pass "FORWARD" (fp)
    Target graphics API: d3d11
    Full variant space:         20
    After settings filtering:   20
    After built-in stripping:   5
    After scriptable stripping: 5
    Processed in 0.00 seconds
  Pass "Caster" (vp)
    Target graphics API: d3d11
    Full variant space:         2
    After settings filtering:   2
    After built-in stripping:   2
    After scriptable stripping: 2
    Processed in 0.00 seconds
  Pass "Caster" (fp)
    Target graphics API: d3d11
    Full variant space:         2
    After settings filtering:   2
    After built-in stripping:   2
    After scriptable stripping: 2
    Processed in 0.00 seconds
  Pass FORWARD (vp, d3d11) finished in 0.10 seconds. Local cache hits 1 (0.00s CPU time), remote cache hits 0 (0.00s CPU time), compiled 2 variants (0.19s CPU time), skipped 0 variants.
    Prepared data for serialisation in 0.00s
  Pass FORWARD (fp, d3d11) finished in 0.12 seconds. Local cache hits 1 (0.00s CPU time), remote cache hits 0 (0.00s CPU time), compiled 1 variants (0.12s CPU time), skipped 0 variants.
    Prepared data for serialisation in 0.00s
  Pass FORWARD (vp, d3d11) finished in 0.12 seconds. Local cache hits 1 (0.00s CPU time), remote cache hits 0 (0.00s CPU time), compiled 4 variants (0.34s CPU time), skipped 0 variants.
    Prepared data for serialisation in 0.00s
  Pass FORWARD (fp, d3d11) finished in 0.12 seconds. Local cache hits 1 (0.00s CPU time), remote cache hits 0 (0.00s CPU time), compiled 4 variants (0.44s CPU time), skipped 0 variants.
    Prepared data for serialisation in 0.00s
  Pass Caster (vp, d3d11) finished in 0.12 seconds. Local cache hits 1 (0.00s CPU time), remote cache hits 0 (0.00s CPU time), compiled 1 variants (0.02s CPU time), skipped 0 variants.
    Prepared data for serialisation in 0.00s
  Pass Caster (fp, d3d11) finished in 0.12 seconds. Local cache hits 1 (0.00s CPU time), remote cache hits 0 (0.00s CPU time), compiled 1 variants (0.02s CPU time), skipped 0 variants.
    Prepared data for serialisation in 0.00s
Serialized binary data for shader TextMeshPro/Distance Field (Surface) in 0.00s
    d3d11 (total internal programs: 19, unique: 19)
Compiling shader "Hidden/Sentis/DepthwiseConv"
  Pass "" (vp)
    Target graphics API: d3d11
    Full variant space:         12
    After settings filtering:   12
    After built-in stripping:   12
    After scriptable stripping: 12
    Processed in 0.00 seconds
  Pass "" (fp)
    Target graphics API: d3d11
    Full variant space:         12
    After settings filtering:   12
    After built-in stripping:   12
    After scriptable stripping: 12
    Processed in 0.00 seconds
  Pass  (vp, d3d11) finished in 0.05 seconds. Local cache hits 1 (0.01s CPU time), remote cache hits 0 (0.00s CPU time), compiled 11 variants (0.39s CPU time), skipped 0 variants.
    Prepared data for serialisation in 0.00s
  Pass  (fp, d3d11) finished in 0.12 seconds. Local cache hits 1 (0.00s CPU time), remote cache hits 0 (0.00s CPU time), compiled 11 variants (0.71s CPU time), skipped 0 variants.
    Prepared data for serialisation in 0.00s
Serialized binary data for shader Hidden/Sentis/DepthwiseConv in 0.00s
    d3d11 (total internal programs: 24, unique: 24)
Compiling shader "Hidden/Sentis/ConvTranspose"
  Pass "" (vp)
    Target graphics API: d3d11
    Full variant space:         648
    After settings filtering:   648
    After built-in stripping:   648
    After scriptable stripping: 648
    Processed in 0.00 seconds
  Pass "" (fp)
    Target graphics API: d3d11
    Full variant space:         648
    After settings filtering:   648
    After built-in stripping:   648
    After scriptable stripping: 648
    Processed in 0.00 seconds
  Pass  (vp, d3d11) finished in 2.20 seconds. Local cache hits 1 (0.01s CPU time), remote cache hits 0 (0.00s CPU time), compiled 647 variants (34.40s CPU time), skipped 0 variants.
    Prepared data for serialisation in 0.00s
  Pass  (fp, d3d11) finished in 31.73 seconds. Local cache hits 1 (0.00s CPU time), remote cache hits 0 (0.00s CPU time), compiled 647 variants (499.36s CPU time), skipped 0 variants.
    Prepared data for serialisation in 0.01s
Serialized binary data for shader Hidden/Sentis/ConvTranspose in 0.00s
    d3d11 (total internal programs: 1296, unique: 1296)
Shader warning in 'Hidden/Sentis/ConvTranspose': integer modulus may be much slower, try using uints if possible. at Packages/com.unity.ai.inference/Runtime/Core/Resources/Sentis/PixelShaders/ConvTranspose.shader(215) (on d3d11)

Compiling Subshader: 0, Pass: , Fragment program with CONVTRANSPOSE1D DILATIONX_GT_STRIDE DILATIONY_GT_STRIDE DILATIONZ_GT_STRIDE RELU
Platform defines: SHADER_API_DESKTOP UNITY_ENABLE_DETAIL_NORMALMAP UNITY_ENABLE_REFLECTION_BUFFERS UNITY_LIGHTMAP_FULL_HDR UNITY_LIGHT_PROBE_PROXY_VOLUME UNITY_PBS_USE_BRDF1 UNITY_PLATFORM_SUPPORTS_DEPTH_FETCH UNITY_SPECCUBE_BLENDING UNITY_SPECCUBE_BOX_PROJECTION UNITY_USE_DITHER_MASK_FOR_ALPHABLENDED_SHADOWS
Disabled keywords: CONVTRANSPOSE2D CONVTRANSPOSE3D DILATIONX_GT_ONE_LTE_STRIDE DILATIONY_GT_ONE_LTE_STRIDE DILATIONZ_GT_ONE_LTE_STRIDE GROUPS_ENABLED NONE SHADER_API_GLES30 SHADER_API_GLES31 SHADER_API_GLES32 UNITY_ASTC_NORMALMAP_ENCODING UNITY_COLORSPACE_GAMMA UNITY_FRAMEBUFFER_FETCH_AVAILABLE UNITY_HARDWARE_TIER1 UNITY_HARDWARE_TIER2 UNITY_HARDWARE_TIER3 UNITY_LIGHTMAP_DLDR_ENCODING UNITY_LIGHTMAP_RGBM_ENCODING UNITY_METAL_SHADOWS_USE_POINT_FILTERING UNITY_NO_DXT5nm UNITY_NO_SCREENSPACE_SHADOWS UNITY_PBS_USE_BRDF2 UNITY_PBS_USE_BRDF3 UNITY_PRETRANSFORM_TO_DISPLAY_ORIENTATION UNITY_UNIFIED_SHADER_PRECISION_MODEL UNITY_VIRTUAL_TEXTURING USEBIAS
Shader warning in 'Hidden/Sentis/ConvTranspose': integer modulus may be much slower, try using uints if possible. at Packages/com.unity.ai.inference/Runtime/Core/Resources/Sentis/PixelShaders/ConvTranspose.shader(218) (on d3d11)

Compiling Subshader: 0, Pass: , Fragment program with CONVTRANSPOSE1D DILATIONX_GT_STRIDE DILATIONY_GT_STRIDE DILATIONZ_GT_STRIDE RELU
Platform defines: SHADER_API_DESKTOP UNITY_ENABLE_DETAIL_NORMALMAP UNITY_ENABLE_REFLECTION_BUFFERS UNITY_LIGHTMAP_FULL_HDR UNITY_LIGHT_PROBE_PROXY_VOLUME UNITY_PBS_USE_BRDF1 UNITY_PLATFORM_SUPPORTS_DEPTH_FETCH UNITY_SPECCUBE_BLENDING UNITY_SPECCUBE_BOX_PROJECTION UNITY_USE_DITHER_MASK_FOR_ALPHABLENDED_SHADOWS
Disabled keywords: CONVTRANSPOSE2D CONVTRANSPOSE3D DILATIONX_GT_ONE_LTE_STRIDE DILATIONY_GT_ONE_LTE_STRIDE DILATIONZ_GT_ONE_LTE_STRIDE GROUPS_ENABLED NONE SHADER_API_GLES30 SHADER_API_GLES31 SHADER_API_GLES32 UNITY_ASTC_NORMALMAP_ENCODING UNITY_COLORSPACE_GAMMA UNITY_FRAMEBUFFER_FETCH_AVAILABLE UNITY_HARDWARE_TIER1 UNITY_HARDWARE_TIER2 UNITY_HARDWARE_TIER3 UNITY_LIGHTMAP_DLDR_ENCODING UNITY_LIGHTMAP_RGBM_ENCODING UNITY_METAL_SHADOWS_USE_POINT_FILTERING UNITY_NO_DXT5nm UNITY_NO_SCREENSPACE_SHADOWS UNITY_PBS_USE_BRDF2 UNITY_PBS_USE_BRDF3 UNITY_PRETRANSFORM_TO_DISPLAY_ORIENTATION UNITY_UNIFIED_SHADER_PRECISION_MODEL UNITY_VIRTUAL_TEXTURING USEBIAS
Shader warning in 'Hidden/Sentis/ConvTranspose': integer modulus may be much slower, try using uints if possible. at Packages/com.unity.ai.inference/Runtime/Core/Resources/Sentis/PixelShaders/ConvTranspose.shader(256) (on d3d11)

Compiling Subshader: 0, Pass: , Fragment program with CONVTRANSPOSE2D DILATIONX_GT_STRIDE DILATIONY_GT_STRIDE DILATIONZ_GT_ONE_LTE_STRIDE NONE USEBIAS
Platform defines: SHADER_API_DESKTOP UNITY_ENABLE_DETAIL_NORMALMAP UNITY_ENABLE_REFLECTION_BUFFERS UNITY_LIGHTMAP_FULL_HDR UNITY_LIGHT_PROBE_PROXY_VOLUME UNITY_PBS_USE_BRDF1 UNITY_PLATFORM_SUPPORTS_DEPTH_FETCH UNITY_SPECCUBE_BLENDING UNITY_SPECCUBE_BOX_PROJECTION UNITY_USE_DITHER_MASK_FOR_ALPHABLENDED_SHADOWS
Disabled keywords: CONVTRANSPOSE1D CONVTRANSPOSE3D DILATIONX_GT_ONE_LTE_STRIDE DILATIONY_GT_ONE_LTE_STRIDE DILATIONZ_GT_STRIDE GROUPS_ENABLED RELU SHADER_API_GLES30 SHADER_API_GLES31 SHADER_API_GLES32 UNITY_ASTC_NORMALMAP_ENCODING UNITY_COLORSPACE_GAMMA UNITY_FRAMEBUFFER_FETCH_AVAILABLE UNITY_HARDWARE_TIER1 UNITY_HARDWARE_TIER2 UNITY_HARDWARE_TIER3 UNITY_LIGHTMAP_DLDR_ENCODING UNITY_LIGHTMAP_RGBM_ENCODING UNITY_METAL_SHADOWS_USE_POINT_FILTERING UNITY_NO_DXT5nm UNITY_NO_SCREENSPACE_SHADOWS UNITY_PBS_USE_BRDF2 UNITY_PBS_USE_BRDF3 UNITY_PRETRANSFORM_TO_DISPLAY_ORIENTATION UNITY_UNIFIED_SHADER_PRECISION_MODEL UNITY_VIRTUAL_TEXTURING
Shader warning in 'Hidden/Sentis/ConvTranspose': integer modulus may be much slower, try using uints if possible. at Packages/com.unity.ai.inference/Runtime/Core/Resources/Sentis/PixelShaders/ConvTranspose.shader(259) (on d3d11)

Compiling Subshader: 0, Pass: , Fragment program with CONVTRANSPOSE2D DILATIONX_GT_STRIDE DILATIONY_GT_STRIDE DILATIONZ_GT_ONE_LTE_STRIDE NONE USEBIAS
Platform defines: SHADER_API_DESKTOP UNITY_ENABLE_DETAIL_NORMALMAP UNITY_ENABLE_REFLECTION_BUFFERS UNITY_LIGHTMAP_FULL_HDR UNITY_LIGHT_PROBE_PROXY_VOLUME UNITY_PBS_USE_BRDF1 UNITY_PLATFORM_SUPPORTS_DEPTH_FETCH UNITY_SPECCUBE_BLENDING UNITY_SPECCUBE_BOX_PROJECTION UNITY_USE_DITHER_MASK_FOR_ALPHABLENDED_SHADOWS
Disabled keywords: CONVTRANSPOSE1D CONVTRANSPOSE3D DILATIONX_GT_ONE_LTE_STRIDE DILATIONY_GT_ONE_LTE_STRIDE DILATIONZ_GT_STRIDE GROUPS_ENABLED RELU SHADER_API_GLES30 SHADER_API_GLES31 SHADER_API_GLES32 UNITY_ASTC_NORMALMAP_ENCODING UNITY_COLORSPACE_GAMMA UNITY_FRAMEBUFFER_FETCH_AVAILABLE UNITY_HARDWARE_TIER1 UNITY_HARDWARE_TIER2 UNITY_HARDWARE_TIER3 UNITY_LIGHTMAP_DLDR_ENCODING UNITY_LIGHTMAP_RGBM_ENCODING UNITY_METAL_SHADOWS_USE_POINT_FILTERING UNITY_NO_DXT5nm UNITY_NO_SCREENSPACE_SHADOWS UNITY_PBS_USE_BRDF2 UNITY_PBS_USE_BRDF3 UNITY_PRETRANSFORM_TO_DISPLAY_ORIENTATION UNITY_UNIFIED_SHADER_PRECISION_MODEL UNITY_VIRTUAL_TEXTURING
Shader warning in 'Hidden/Sentis/ConvTranspose': integer modulus may be much slower, try using uints if possible. at Packages/com.unity.ai.inference/Runtime/Core/Resources/Sentis/PixelShaders/ConvTranspose.shader(296) (on d3d11)

Compiling Subshader: 0, Pass: , Fragment program with CONVTRANSPOSE3D DILATIONX_GT_ONE_LTE_STRIDE DILATIONY_GT_STRIDE DILATIONZ_GT_STRIDE NONE USEBIAS
Platform defines: SHADER_API_DESKTOP UNITY_ENABLE_DETAIL_NORMALMAP UNITY_ENABLE_REFLECTION_BUFFERS UNITY_LIGHTMAP_FULL_HDR UNITY_LIGHT_PROBE_PROXY_VOLUME UNITY_PBS_USE_BRDF1 UNITY_PLATFORM_SUPPORTS_DEPTH_FETCH UNITY_SPECCUBE_BLENDING UNITY_SPECCUBE_BOX_PROJECTION UNITY_USE_DITHER_MASK_FOR_ALPHABLENDED_SHADOWS
Disabled keywords: CONVTRANSPOSE1D CONVTRANSPOSE2D DILATIONX_GT_STRIDE DILATIONY_GT_ONE_LTE_STRIDE DILATIONZ_GT_ONE_LTE_STRIDE GROUPS_ENABLED RELU SHADER_API_GLES30 SHADER_API_GLES31 SHADER_API_GLES32 UNITY_ASTC_NORMALMAP_ENCODING UNITY_COLORSPACE_GAMMA UNITY_FRAMEBUFFER_FETCH_AVAILABLE UNITY_HARDWARE_TIER1 UNITY_HARDWARE_TIER2 UNITY_HARDWARE_TIER3 UNITY_LIGHTMAP_DLDR_ENCODING UNITY_LIGHTMAP_RGBM_ENCODING UNITY_METAL_SHADOWS_USE_POINT_FILTERING UNITY_NO_DXT5nm UNITY_NO_SCREENSPACE_SHADOWS UNITY_PBS_USE_BRDF2 UNITY_PBS_USE_BRDF3 UNITY_PRETRANSFORM_TO_DISPLAY_ORIENTATION UNITY_UNIFIED_SHADER_PRECISION_MODEL UNITY_VIRTUAL_TEXTURING
Shader warning in 'Hidden/Sentis/ConvTranspose': integer modulus may be much slower, try using uints if possible. at Packages/com.unity.ai.inference/Runtime/Core/Resources/Sentis/PixelShaders/ConvTranspose.shader(299) (on d3d11)

Compiling Subshader: 0, Pass: , Fragment program with CONVTRANSPOSE3D DILATIONX_GT_ONE_LTE_STRIDE DILATIONY_GT_STRIDE DILATIONZ_GT_STRIDE NONE USEBIAS
Platform defines: SHADER_API_DESKTOP UNITY_ENABLE_DETAIL_NORMALMAP UNITY_ENABLE_REFLECTION_BUFFERS UNITY_LIGHTMAP_FULL_HDR UNITY_LIGHT_PROBE_PROXY_VOLUME UNITY_PBS_USE_BRDF1 UNITY_PLATFORM_SUPPORTS_DEPTH_FETCH UNITY_SPECCUBE_BLENDING UNITY_SPECCUBE_BOX_PROJECTION UNITY_USE_DITHER_MASK_FOR_ALPHABLENDED_SHADOWS
Disabled keywords: CONVTRANSPOSE1D CONVTRANSPOSE2D DILATIONX_GT_STRIDE DILATIONY_GT_ONE_LTE_STRIDE DILATIONZ_GT_ONE_LTE_STRIDE GROUPS_ENABLED RELU SHADER_API_GLES30 SHADER_API_GLES31 SHADER_API_GLES32 UNITY_ASTC_NORMALMAP_ENCODING UNITY_COLORSPACE_GAMMA UNITY_FRAMEBUFFER_FETCH_AVAILABLE UNITY_HARDWARE_TIER1 UNITY_HARDWARE_TIER2 UNITY_HARDWARE_TIER3 UNITY_LIGHTMAP_DLDR_ENCODING UNITY_LIGHTMAP_RGBM_ENCODING UNITY_METAL_SHADOWS_USE_POINT_FILTERING UNITY_NO_DXT5nm UNITY_NO_SCREENSPACE_SHADOWS UNITY_PBS_USE_BRDF2 UNITY_PBS_USE_BRDF3 UNITY_PRETRANSFORM_TO_DISPLAY_ORIENTATION UNITY_UNIFIED_SHADER_PRECISION_MODEL UNITY_VIRTUAL_TEXTURING
Compressed shader 'Hidden/Sentis/ConvTranspose' on d3d11 from 5.67MB to 0.17MB
Compressed shader 'Hidden/Sentis/ConvTranspose' in 0.06s
Compiling shader "Hidden/Sentis/DepthToSpace"
  Pass "" (vp)
    Target graphics API: d3d11
    Full variant space:         4
    After settings filtering:   4
    After built-in stripping:   4
    After scriptable stripping: 4
    Processed in 0.00 seconds
  Pass "" (fp)
    Target graphics API: d3d11
    Full variant space:         4
    After settings filtering:   4
    After built-in stripping:   4
    After scriptable stripping: 4
    Processed in 0.00 seconds
  Pass  (vp, d3d11) finished in 0.02 seconds. Local cache hits 1 (0.01s CPU time), remote cache hits 0 (0.00s CPU time), compiled 3 variants (0.04s CPU time), skipped 0 variants.
    Prepared data for serialisation in 0.00s
  Pass  (fp, d3d11) finished in 0.03 seconds. Local cache hits 1 (0.01s CPU time), remote cache hits 0 (0.00s CPU time), compiled 3 variants (0.07s CPU time), skipped 0 variants.
    Prepared data for serialisation in 0.00s
Serialized binary data for shader Hidden/Sentis/DepthToSpace in 0.00s
    d3d11 (total internal programs: 8, unique: 8)
Compiling shader "TextMeshPro/Mobile/Distance Field (Surface)"
  Pass "FORWARD" (vp)
    Target graphics API: d3d11
    Full variant space:         24
    After settings filtering:   24
    After built-in stripping:   3
    After scriptable stripping: 3
    Processed in 0.00 seconds
  Pass "FORWARD" (fp)
    Target graphics API: d3d11
    Full variant space:         16
    After settings filtering:   16
    After built-in stripping:   2
    After scriptable stripping: 2
    Processed in 0.00 seconds
  Pass "Caster" (vp)
    Target graphics API: d3d11
    Full variant space:         2
    After settings filtering:   2
    After built-in stripping:   2
    After scriptable stripping: 2
    Processed in 0.00 seconds
  Pass "Caster" (fp)
    Target graphics API: d3d11
    Full variant space:         2
    After settings filtering:   2
    After built-in stripping:   2
    After scriptable stripping: 2
    Processed in 0.00 seconds
  Pass FORWARD (vp, d3d11) finished in 0.06 seconds. Local cache hits 1 (0.00s CPU time), remote cache hits 0 (0.00s CPU time), compiled 2 variants (0.10s CPU time), skipped 0 variants.
    Prepared data for serialisation in 0.00s
  Pass FORWARD (fp, d3d11) finished in 0.06 seconds. Local cache hits 1 (0.00s CPU time), remote cache hits 0 (0.00s CPU time), compiled 1 variants (0.04s CPU time), skipped 0 variants.
    Prepared data for serialisation in 0.00s
  Pass Caster (vp, d3d11) finished in 0.06 seconds. Local cache hits 1 (0.00s CPU time), remote cache hits 0 (0.00s CPU time), compiled 1 variants (0.02s CPU time), skipped 0 variants.
    Prepared data for serialisation in 0.00s
  Pass Caster (fp, d3d11) finished in 0.06 seconds. Local cache hits 1 (0.00s CPU time), remote cache hits 0 (0.00s CPU time), compiled 1 variants (0.01s CPU time), skipped 0 variants.
    Prepared data for serialisation in 0.00s
Serialized binary data for shader TextMeshPro/Mobile/Distance Field (Surface) in 0.00s
    d3d11 (total internal programs: 9, unique: 9)
Compiling shader "TextMeshPro/Sprite"
  Pass "" (vp)
    Target graphics API: d3d11
    Full variant space:         4
    After settings filtering:   4
    After built-in stripping:   4
    After scriptable stripping: 4
    Processed in 0.00 seconds
  Pass "" (fp)
    Target graphics API: d3d11
    Full variant space:         4
    After settings filtering:   4
    After built-in stripping:   4
    After scriptable stripping: 4
    Processed in 0.00 seconds
  Pass  (vp, d3d11) finished in 0.02 seconds. Local cache hits 1 (0.00s CPU time), remote cache hits 0 (0.00s CPU time), compiled 3 variants (0.06s CPU time), skipped 0 variants.
    Prepared data for serialisation in 0.00s
  Pass  (fp, d3d11) finished in 0.02 seconds. Local cache hits 1 (0.00s CPU time), remote cache hits 0 (0.00s CPU time), compiled 3 variants (0.04s CPU time), skipped 0 variants.
    Prepared data for serialisation in 0.00s
Serialized binary data for shader TextMeshPro/Sprite in 0.00s
    d3d11 (total internal programs: 8, unique: 8)
Compiling shader "Hidden/Sentis/SpaceToDepth"
  Pass "" (vp)
    Target graphics API: d3d11
    Full variant space:         2
    After settings filtering:   2
    After built-in stripping:   2
    After scriptable stripping: 2
    Processed in 0.00 seconds
  Pass "" (fp)
    Target graphics API: d3d11
    Full variant space:         2
    After settings filtering:   2
    After built-in stripping:   2
    After scriptable stripping: 2
    Processed in 0.00 seconds
  Pass  (vp, d3d11) finished in 0.01 seconds. Local cache hits 1 (0.00s CPU time), remote cache hits 0 (0.00s CPU time), compiled 1 variants (0.01s CPU time), skipped 0 variants.
    Prepared data for serialisation in 0.00s
  Pass  (fp, d3d11) finished in 0.02 seconds. Local cache hits 1 (0.00s CPU time), remote cache hits 0 (0.00s CPU time), compiled 1 variants (0.02s CPU time), skipped 0 variants.
    Prepared data for serialisation in 0.00s
Serialized binary data for shader Hidden/Sentis/SpaceToDepth in 0.00s
    d3d11 (total internal programs: 4, unique: 4)
Compiling shader "Hidden/Sentis/ScatterND"
  Pass "" (vp)
    Target graphics API: d3d11
    Full variant space:         20
    After settings filtering:   20
    After built-in stripping:   20
    After scriptable stripping: 20
    Processed in 0.00 seconds
  Pass "" (fp)
    Target graphics API: d3d11
    Full variant space:         20
    After settings filtering:   20
    After built-in stripping:   20
    After scriptable stripping: 20
    Processed in 0.00 seconds
  Pass  (vp, d3d11) finished in 0.10 seconds. Local cache hits 1 (0.00s CPU time), remote cache hits 0 (0.00s CPU time), compiled 19 variants (1.01s CPU time), skipped 0 variants.
    Prepared data for serialisation in 0.00s
  Pass  (fp, d3d11) finished in 0.23 seconds. Local cache hits 1 (0.00s CPU time), remote cache hits 0 (0.00s CPU time), compiled 19 variants (2.13s CPU time), skipped 0 variants.
    Prepared data for serialisation in 0.00s
Serialized binary data for shader Hidden/Sentis/ScatterND in 0.00s
    d3d11 (total internal programs: 40, unique: 40)
Shader warning in 'Hidden/Sentis/ScatterND': 'j': loop control variable conflicts with a previous declaration in the outer scope; most recent declaration will be used at Packages/com.unity.ai.inference/Runtime/Core/Resources/Sentis/PixelShaders/ScatterND.shader(72) (on d3d11)

Compiling Subshader: 0, Pass: <Unnamed Pass 0>, Vertex program with ReduceNone
Platform defines: SHADER_API_DESKTOP UNITY_ENABLE_DETAIL_NORMALMAP UNITY_ENABLE_REFLECTION_BUFFERS UNITY_LIGHTMAP_FULL_HDR UNITY_LIGHT_PROBE_PROXY_VOLUME UNITY_PBS_USE_BRDF1 UNITY_PLATFORM_SUPPORTS_DEPTH_FETCH UNITY_SPECCUBE_BLENDING UNITY_SPECCUBE_BOX_PROJECTION UNITY_USE_DITHER_MASK_FOR_ALPHABLENDED_SHADOWS
Disabled keywords: K_LARGE ReduceAdd ReduceMax ReduceMin ReduceMul SHADER_API_GLES30 SHADER_API_GLES31 SHADER_API_GLES32 ScatterInt UNITY_ASTC_NORMALMAP_ENCODING UNITY_COLORSPACE_GAMMA UNITY_FRAMEBUFFER_FETCH_AVAILABLE UNITY_HARDWARE_TIER1 UNITY_HARDWARE_TIER2 UNITY_HARDWARE_TIER3 UNITY_LIGHTMAP_DLDR_ENCODING UNITY_LIGHTMAP_RGBM_ENCODING UNITY_METAL_SHADOWS_USE_POINT_FILTERING UNITY_NO_DXT5nm UNITY_NO_SCREENSPACE_SHADOWS UNITY_PBS_USE_BRDF2 UNITY_PBS_USE_BRDF3 UNITY_PRETRANSFORM_TO_DISPLAY_ORIENTATION UNITY_UNIFIED_SHADER_PRECISION_MODEL UNITY_VIRTUAL_TEXTURING
Shader warning in 'Hidden/Sentis/ScatterND': signed/unsigned mismatch, unsigned assumed at Packages/com.unity.ai.inference/Runtime/Core/Resources/Sentis/PixelShaders/ScatterND.shader(75) (on d3d11)

Compiling Subshader: 0, Pass: <Unnamed Pass 0>, Vertex program with ReduceNone
Platform defines: SHADER_API_DESKTOP UNITY_ENABLE_DETAIL_NORMALMAP UNITY_ENABLE_REFLECTION_BUFFERS UNITY_LIGHTMAP_FULL_HDR UNITY_LIGHT_PROBE_PROXY_VOLUME UNITY_PBS_USE_BRDF1 UNITY_PLATFORM_SUPPORTS_DEPTH_FETCH UNITY_SPECCUBE_BLENDING UNITY_SPECCUBE_BOX_PROJECTION UNITY_USE_DITHER_MASK_FOR_ALPHABLENDED_SHADOWS
Disabled keywords: K_LARGE ReduceAdd ReduceMax ReduceMin ReduceMul SHADER_API_GLES30 SHADER_API_GLES31 SHADER_API_GLES32 ScatterInt UNITY_ASTC_NORMALMAP_ENCODING UNITY_COLORSPACE_GAMMA UNITY_FRAMEBUFFER_FETCH_AVAILABLE UNITY_HARDWARE_TIER1 UNITY_HARDWARE_TIER2 UNITY_HARDWARE_TIER3 UNITY_LIGHTMAP_DLDR_ENCODING UNITY_LIGHTMAP_RGBM_ENCODING UNITY_METAL_SHADOWS_USE_POINT_FILTERING UNITY_NO_DXT5nm UNITY_NO_SCREENSPACE_SHADOWS UNITY_PBS_USE_BRDF2 UNITY_PBS_USE_BRDF3 UNITY_PRETRANSFORM_TO_DISPLAY_ORIENTATION UNITY_UNIFIED_SHADER_PRECISION_MODEL UNITY_VIRTUAL_TEXTURING
Shader warning in 'Hidden/Sentis/ScatterND': signed/unsigned mismatch, unsigned assumed at Packages/com.unity.ai.inference/Runtime/Core/Resources/Sentis/PixelShaders/ScatterND.shader(77) (on d3d11)

Compiling Subshader: 0, Pass: <Unnamed Pass 0>, Vertex program with ReduceNone
Platform defines: SHADER_API_DESKTOP UNITY_ENABLE_DETAIL_NORMALMAP UNITY_ENABLE_REFLECTION_BUFFERS UNITY_LIGHTMAP_FULL_HDR UNITY_LIGHT_PROBE_PROXY_VOLUME UNITY_PBS_USE_BRDF1 UNITY_PLATFORM_SUPPORTS_DEPTH_FETCH UNITY_SPECCUBE_BLENDING UNITY_SPECCUBE_BOX_PROJECTION UNITY_USE_DITHER_MASK_FOR_ALPHABLENDED_SHADOWS
Disabled keywords: K_LARGE ReduceAdd ReduceMax ReduceMin ReduceMul SHADER_API_GLES30 SHADER_API_GLES31 SHADER_API_GLES32 ScatterInt UNITY_ASTC_NORMALMAP_ENCODING UNITY_COLORSPACE_GAMMA UNITY_FRAMEBUFFER_FETCH_AVAILABLE UNITY_HARDWARE_TIER1 UNITY_HARDWARE_TIER2 UNITY_HARDWARE_TIER3 UNITY_LIGHTMAP_DLDR_ENCODING UNITY_LIGHTMAP_RGBM_ENCODING UNITY_METAL_SHADOWS_USE_POINT_FILTERING UNITY_NO_DXT5nm UNITY_NO_SCREENSPACE_SHADOWS UNITY_PBS_USE_BRDF2 UNITY_PBS_USE_BRDF3 UNITY_PRETRANSFORM_TO_DISPLAY_ORIENTATION UNITY_UNIFIED_SHADER_PRECISION_MODEL UNITY_VIRTUAL_TEXTURING
Shader warning in 'Hidden/Sentis/ScatterND': signed/unsigned mismatch, unsigned assumed at Packages/com.unity.ai.inference/Runtime/Core/Resources/Sentis/PixelShaders/ScatterND.shader(79) (on d3d11)

Compiling Subshader: 0, Pass: <Unnamed Pass 0>, Vertex program with ReduceNone
Platform defines: SHADER_API_DESKTOP UNITY_ENABLE_DETAIL_NORMALMAP UNITY_ENABLE_REFLECTION_BUFFERS UNITY_LIGHTMAP_FULL_HDR UNITY_LIGHT_PROBE_PROXY_VOLUME UNITY_PBS_USE_BRDF1 UNITY_PLATFORM_SUPPORTS_DEPTH_FETCH UNITY_SPECCUBE_BLENDING UNITY_SPECCUBE_BOX_PROJECTION UNITY_USE_DITHER_MASK_FOR_ALPHABLENDED_SHADOWS
Disabled keywords: K_LARGE ReduceAdd ReduceMax ReduceMin ReduceMul SHADER_API_GLES30 SHADER_API_GLES31 SHADER_API_GLES32 ScatterInt UNITY_ASTC_NORMALMAP_ENCODING UNITY_COLORSPACE_GAMMA UNITY_FRAMEBUFFER_FETCH_AVAILABLE UNITY_HARDWARE_TIER1 UNITY_HARDWARE_TIER2 UNITY_HARDWARE_TIER3 UNITY_LIGHTMAP_DLDR_ENCODING UNITY_LIGHTMAP_RGBM_ENCODING UNITY_METAL_SHADOWS_USE_POINT_FILTERING UNITY_NO_DXT5nm UNITY_NO_SCREENSPACE_SHADOWS UNITY_PBS_USE_BRDF2 UNITY_PBS_USE_BRDF3 UNITY_PRETRANSFORM_TO_DISPLAY_ORIENTATION UNITY_UNIFIED_SHADER_PRECISION_MODEL UNITY_VIRTUAL_TEXTURING
Shader warning in 'Hidden/Sentis/ScatterND': signed/unsigned mismatch, unsigned assumed at Packages/com.unity.ai.inference/Runtime/Core/Resources/Sentis/PixelShaders/ScatterND.shader(81) (on d3d11)

Compiling Subshader: 0, Pass: <Unnamed Pass 0>, Vertex program with ReduceNone
Platform defines: SHADER_API_DESKTOP UNITY_ENABLE_DETAIL_NORMALMAP UNITY_ENABLE_REFLECTION_BUFFERS UNITY_LIGHTMAP_FULL_HDR UNITY_LIGHT_PROBE_PROXY_VOLUME UNITY_PBS_USE_BRDF1 UNITY_PLATFORM_SUPPORTS_DEPTH_FETCH UNITY_SPECCUBE_BLENDING UNITY_SPECCUBE_BOX_PROJECTION UNITY_USE_DITHER_MASK_FOR_ALPHABLENDED_SHADOWS
Disabled keywords: K_LARGE ReduceAdd ReduceMax ReduceMin ReduceMul SHADER_API_GLES30 SHADER_API_GLES31 SHADER_API_GLES32 ScatterInt UNITY_ASTC_NORMALMAP_ENCODING UNITY_COLORSPACE_GAMMA UNITY_FRAMEBUFFER_FETCH_AVAILABLE UNITY_HARDWARE_TIER1 UNITY_HARDWARE_TIER2 UNITY_HARDWARE_TIER3 UNITY_LIGHTMAP_DLDR_ENCODING UNITY_LIGHTMAP_RGBM_ENCODING UNITY_METAL_SHADOWS_USE_POINT_FILTERING UNITY_NO_DXT5nm UNITY_NO_SCREENSPACE_SHADOWS UNITY_PBS_USE_BRDF2 UNITY_PBS_USE_BRDF3 UNITY_PRETRANSFORM_TO_DISPLAY_ORIENTATION UNITY_UNIFIED_SHADER_PRECISION_MODEL UNITY_VIRTUAL_TEXTURING
Shader warning in 'Hidden/Sentis/ScatterND': signed/unsigned mismatch, unsigned assumed at Packages/com.unity.ai.inference/Runtime/Core/Resources/Sentis/PixelShaders/ScatterND.shader(86) (on d3d11)

Compiling Subshader: 0, Pass: , Vertex program with K_LARGE ReduceMax
Platform defines: SHADER_API_DESKTOP UNITY_ENABLE_DETAIL_NORMALMAP UNITY_ENABLE_REFLECTION_BUFFERS UNITY_LIGHTMAP_FULL_HDR UNITY_LIGHT_PROBE_PROXY_VOLUME UNITY_PBS_USE_BRDF1 UNITY_PLATFORM_SUPPORTS_DEPTH_FETCH UNITY_SPECCUBE_BLENDING UNITY_SPECCUBE_BOX_PROJECTION UNITY_USE_DITHER_MASK_FOR_ALPHABLENDED_SHADOWS
Disabled keywords: ReduceAdd ReduceMin ReduceMul ReduceNone SHADER_API_GLES30 SHADER_API_GLES31 SHADER_API_GLES32 ScatterInt UNITY_ASTC_NORMALMAP_ENCODING UNITY_COLORSPACE_GAMMA UNITY_FRAMEBUFFER_FETCH_AVAILABLE UNITY_HARDWARE_TIER1 UNITY_HARDWARE_TIER2 UNITY_HARDWARE_TIER3 UNITY_LIGHTMAP_DLDR_ENCODING UNITY_LIGHTMAP_RGBM_ENCODING UNITY_METAL_SHADOWS_USE_POINT_FILTERING UNITY_NO_DXT5nm UNITY_NO_SCREENSPACE_SHADOWS UNITY_PBS_USE_BRDF2 UNITY_PBS_USE_BRDF3 UNITY_PRETRANSFORM_TO_DISPLAY_ORIENTATION UNITY_UNIFIED_SHADER_PRECISION_MODEL UNITY_VIRTUAL_TEXTURING
Shader warning in 'Hidden/Sentis/ScatterND': signed/unsigned mismatch, unsigned assumed at Packages/com.unity.ai.inference/Runtime/Core/Resources/Sentis/PixelShaders/ScatterND.shader(88) (on d3d11)

Compiling Subshader: 0, Pass: , Vertex program with K_LARGE ReduceMax
Platform defines: SHADER_API_DESKTOP UNITY_ENABLE_DETAIL_NORMALMAP UNITY_ENABLE_REFLECTION_BUFFERS UNITY_LIGHTMAP_FULL_HDR UNITY_LIGHT_PROBE_PROXY_VOLUME UNITY_PBS_USE_BRDF1 UNITY_PLATFORM_SUPPORTS_DEPTH_FETCH UNITY_SPECCUBE_BLENDING UNITY_SPECCUBE_BOX_PROJECTION UNITY_USE_DITHER_MASK_FOR_ALPHABLENDED_SHADOWS
Disabled keywords: ReduceAdd ReduceMin ReduceMul ReduceNone SHADER_API_GLES30 SHADER_API_GLES31 SHADER_API_GLES32 ScatterInt UNITY_ASTC_NORMALMAP_ENCODING UNITY_COLORSPACE_GAMMA UNITY_FRAMEBUFFER_FETCH_AVAILABLE UNITY_HARDWARE_TIER1 UNITY_HARDWARE_TIER2 UNITY_HARDWARE_TIER3 UNITY_LIGHTMAP_DLDR_ENCODING UNITY_LIGHTMAP_RGBM_ENCODING UNITY_METAL_SHADOWS_USE_POINT_FILTERING UNITY_NO_DXT5nm UNITY_NO_SCREENSPACE_SHADOWS UNITY_PBS_USE_BRDF2 UNITY_PBS_USE_BRDF3 UNITY_PRETRANSFORM_TO_DISPLAY_ORIENTATION UNITY_UNIFIED_SHADER_PRECISION_MODEL UNITY_VIRTUAL_TEXTURING
Shader warning in 'Hidden/Sentis/ScatterND': signed/unsigned mismatch, unsigned assumed at Packages/com.unity.ai.inference/Runtime/Core/Resources/Sentis/PixelShaders/ScatterND.shader(90) (on d3d11)

Compiling Subshader: 0, Pass: , Vertex program with K_LARGE ReduceMax
Platform defines: SHADER_API_DESKTOP UNITY_ENABLE_DETAIL_NORMALMAP UNITY_ENABLE_REFLECTION_BUFFERS UNITY_LIGHTMAP_FULL_HDR UNITY_LIGHT_PROBE_PROXY_VOLUME UNITY_PBS_USE_BRDF1 UNITY_PLATFORM_SUPPORTS_DEPTH_FETCH UNITY_SPECCUBE_BLENDING UNITY_SPECCUBE_BOX_PROJECTION UNITY_USE_DITHER_MASK_FOR_ALPHABLENDED_SHADOWS
Disabled keywords: ReduceAdd ReduceMin ReduceMul ReduceNone SHADER_API_GLES30 SHADER_API_GLES31 SHADER_API_GLES32 ScatterInt UNITY_ASTC_NORMALMAP_ENCODING UNITY_COLORSPACE_GAMMA UNITY_FRAMEBUFFER_FETCH_AVAILABLE UNITY_HARDWARE_TIER1 UNITY_HARDWARE_TIER2 UNITY_HARDWARE_TIER3 UNITY_LIGHTMAP_DLDR_ENCODING UNITY_LIGHTMAP_RGBM_ENCODING UNITY_METAL_SHADOWS_USE_POINT_FILTERING UNITY_NO_DXT5nm UNITY_NO_SCREENSPACE_SHADOWS UNITY_PBS_USE_BRDF2 UNITY_PBS_USE_BRDF3 UNITY_PRETRANSFORM_TO_DISPLAY_ORIENTATION UNITY_UNIFIED_SHADER_PRECISION_MODEL UNITY_VIRTUAL_TEXTURING
Shader warning in 'Hidden/Sentis/ScatterND': signed/unsigned mismatch, unsigned assumed at Packages/com.unity.ai.inference/Runtime/Core/Resources/Sentis/PixelShaders/ScatterND.shader(92) (on d3d11)

Compiling Subshader: 0, Pass: , Vertex program with K_LARGE ReduceMax
Platform defines: SHADER_API_DESKTOP UNITY_ENABLE_DETAIL_NORMALMAP UNITY_ENABLE_REFLECTION_BUFFERS UNITY_LIGHTMAP_FULL_HDR UNITY_LIGHT_PROBE_PROXY_VOLUME UNITY_PBS_USE_BRDF1 UNITY_PLATFORM_SUPPORTS_DEPTH_FETCH UNITY_SPECCUBE_BLENDING UNITY_SPECCUBE_BOX_PROJECTION UNITY_USE_DITHER_MASK_FOR_ALPHABLENDED_SHADOWS
Disabled keywords: ReduceAdd ReduceMin ReduceMul ReduceNone SHADER_API_GLES30 SHADER_API_GLES31 SHADER_API_GLES32 ScatterInt UNITY_ASTC_NORMALMAP_ENCODING UNITY_COLORSPACE_GAMMA UNITY_FRAMEBUFFER_FETCH_AVAILABLE UNITY_HARDWARE_TIER1 UNITY_HARDWARE_TIER2 UNITY_HARDWARE_TIER3 UNITY_LIGHTMAP_DLDR_ENCODING UNITY_LIGHTMAP_RGBM_ENCODING UNITY_METAL_SHADOWS_USE_POINT_FILTERING UNITY_NO_DXT5nm UNITY_NO_SCREENSPACE_SHADOWS UNITY_PBS_USE_BRDF2 UNITY_PBS_USE_BRDF3 UNITY_PRETRANSFORM_TO_DISPLAY_ORIENTATION UNITY_UNIFIED_SHADER_PRECISION_MODEL UNITY_VIRTUAL_TEXTURING
Compiling shader "Hidden/Sentis/STFT"
  Pass "" (vp)
    Target graphics API: d3d11
    Full variant space:         10
    After settings filtering:   10
    After built-in stripping:   10
    After scriptable stripping: 10
    Processed in 0.00 seconds
  Pass "" (fp)
    Target graphics API: d3d11
    Full variant space:         10
    After settings filtering:   10
    After built-in stripping:   10
    After scriptable stripping: 10
    Processed in 0.00 seconds
  Pass "" (vp)
    Target graphics API: d3d11
    Full variant space:         10
    After settings filtering:   10
    After built-in stripping:   10
    After scriptable stripping: 10
    Processed in 0.00 seconds
  Pass "" (fp)
    Target graphics API: d3d11
    Full variant space:         10
    After settings filtering:   10
    After built-in stripping:   10
    After scriptable stripping: 10
    Processed in 0.00 seconds
  Pass  (vp, d3d11) finished in 0.09 seconds. Local cache hits 1 (0.00s CPU time), remote cache hits 0 (0.00s CPU time), compiled 9 variants (0.45s CPU time), skipped 0 variants.
    Prepared data for serialisation in 0.00s
  Pass  (fp, d3d11) finished in 0.14 seconds. Local cache hits 1 (0.00s CPU time), remote cache hits 0 (0.00s CPU time), compiled 9 variants (0.89s CPU time), skipped 0 variants.
    Prepared data for serialisation in 0.00s
  Pass  (vp, d3d11) finished in 0.10 seconds. Local cache hits 1 (0.00s CPU time), remote cache hits 0 (0.00s CPU time), compiled 9 variants (0.42s CPU time), skipped 0 variants.
    Prepared data for serialisation in 0.00s
  Pass  (fp, d3d11) finished in 0.12 seconds. Local cache hits 1 (0.00s CPU time), remote cache hits 0 (0.00s CPU time), compiled 9 variants (0.73s CPU time), skipped 0 variants.
    Prepared data for serialisation in 0.00s
Serialized binary data for shader Hidden/Sentis/STFT in 0.00s
    d3d11 (total internal programs: 40, unique: 20)
Compiling shader "Hidden/Sentis/Reshape"
  Pass "" (vp)
    Target graphics API: d3d11
    Full variant space:         4
    After settings filtering:   4
    After built-in stripping:   4
    After scriptable stripping: 4
    Processed in 0.00 seconds
  Pass "" (fp)
    Target graphics API: d3d11
    Full variant space:         4
    After settings filtering:   4
    After built-in stripping:   4
    After scriptable stripping: 4
    Processed in 0.00 seconds
  Pass  (vp, d3d11) finished in 0.02 seconds. Local cache hits 1 (0.00s CPU time), remote cache hits 0 (0.00s CPU time), compiled 3 variants (0.06s CPU time), skipped 0 variants.
    Prepared data for serialisation in 0.00s
  Pass  (fp, d3d11) finished in 0.03 seconds. Local cache hits 1 (0.00s CPU time), remote cache hits 0 (0.00s CPU time), compiled 3 variants (0.07s CPU time), skipped 0 variants.
    Prepared data for serialisation in 0.00s
Serialized binary data for shader Hidden/Sentis/Reshape in 0.00s
    d3d11 (total internal programs: 8, unique: 8)
Compiling shader "Hidden/Sentis/Conv"
  Pass "" (vp)
    Target graphics API: d3d11
    Full variant space:         12
    After settings filtering:   12
    After built-in stripping:   12
    After scriptable stripping: 12
    Processed in 0.00 seconds
  Pass "" (fp)
    Target graphics API: d3d11
    Full variant space:         12
    After settings filtering:   12
    After built-in stripping:   12
    After scriptable stripping: 12
    Processed in 0.00 seconds
  Pass  (vp, d3d11) finished in 0.06 seconds. Local cache hits 1 (0.00s CPU time), remote cache hits 0 (0.00s CPU time), compiled 11 variants (0.45s CPU time), skipped 0 variants.
    Prepared data for serialisation in 0.00s
  Pass  (fp, d3d11) finished in 0.18 seconds. Local cache hits 1 (0.00s CPU time), remote cache hits 0 (0.00s CPU time), compiled 11 variants (1.15s CPU time), skipped 0 variants.
    Prepared data for serialisation in 0.00s
Serialized binary data for shader Hidden/Sentis/Conv in 0.00s
    d3d11 (total internal programs: 24, unique: 24)
Compiling shader "Hidden/Sentis/GridSample"
  Pass "" (vp)
    Target graphics API: d3d11
    Full variant space:         36
    After settings filtering:   36
    After built-in stripping:   36
    After scriptable stripping: 36
    Processed in 0.00 seconds
  Pass "" (fp)
    Target graphics API: d3d11
    Full variant space:         36
    After settings filtering:   36
    After built-in stripping:   36
    After scriptable stripping: 36
    Processed in 0.00 seconds
  Pass  (vp, d3d11) finished in 0.17 seconds. Local cache hits 1 (0.00s CPU time), remote cache hits 0 (0.00s CPU time), compiled 35 variants (1.94s CPU time), skipped 0 variants.
    Prepared data for serialisation in 0.00s
  Pass  (fp, d3d11) finished in 0.21 seconds. Local cache hits 1 (0.00s CPU time), remote cache hits 0 (0.00s CPU time), compiled 35 variants (2.39s CPU time), skipped 0 variants.
    Prepared data for serialisation in 0.00s
Serialized binary data for shader Hidden/Sentis/GridSample in 0.00s
    d3d11 (total internal programs: 72, unique: 72)
Shader warning in 'Hidden/Sentis/GridSample': signed/unsigned mismatch, unsigned assumed at Packages/com.unity.ai.inference/Runtime/Core/Resources/Sentis/PixelShaders/GridSample.shader(44) (on d3d11)

Compiling Subshader: 0, Pass: <Unnamed Pass 0>, Vertex program with GRIDSAMPLE1D LINEAR ZEROS
Platform defines: SHADER_API_DESKTOP UNITY_ENABLE_DETAIL_NORMALMAP UNITY_ENABLE_REFLECTION_BUFFERS UNITY_LIGHTMAP_FULL_HDR UNITY_LIGHT_PROBE_PROXY_VOLUME UNITY_PBS_USE_BRDF1 UNITY_PLATFORM_SUPPORTS_DEPTH_FETCH UNITY_SPECCUBE_BLENDING UNITY_SPECCUBE_BOX_PROJECTION UNITY_USE_DITHER_MASK_FOR_ALPHABLENDED_SHADOWS
Disabled keywords: ALIGN_CORNERS BORDER GRIDSAMPLE2D GRIDSAMPLE3D NEAREST REFLECTION SHADER_API_GLES30 SHADER_API_GLES31 SHADER_API_GLES32 UNITY_ASTC_NORMALMAP_ENCODING UNITY_COLORSPACE_GAMMA UNITY_FRAMEBUFFER_FETCH_AVAILABLE UNITY_HARDWARE_TIER1 UNITY_HARDWARE_TIER2 UNITY_HARDWARE_TIER3 UNITY_LIGHTMAP_DLDR_ENCODING UNITY_LIGHTMAP_RGBM_ENCODING UNITY_METAL_SHADOWS_USE_POINT_FILTERING UNITY_NO_DXT5nm UNITY_NO_SCREENSPACE_SHADOWS UNITY_PBS_USE_BRDF2 UNITY_PBS_USE_BRDF3 UNITY_PRETRANSFORM_TO_DISPLAY_ORIENTATION UNITY_UNIFIED_SHADER_PRECISION_MODEL UNITY_VIRTUAL_TEXTURING
Shader warning in 'Hidden/Sentis/GridSample': signed/unsigned mismatch, unsigned assumed at Packages/com.unity.ai.inference/Runtime/Core/Resources/Sentis/PixelShaders/GridSample.shader(47) (on d3d11)

Compiling Subshader: 0, Pass: , Vertex program with GRIDSAMPLE2D NEAREST ZEROS
Platform defines: SHADER_API_DESKTOP UNITY_ENABLE_DETAIL_NORMALMAP UNITY_ENABLE_REFLECTION_BUFFERS UNITY_LIGHTMAP_FULL_HDR UNITY_LIGHT_PROBE_PROXY_VOLUME UNITY_PBS_USE_BRDF1 UNITY_PLATFORM_SUPPORTS_DEPTH_FETCH UNITY_SPECCUBE_BLENDING UNITY_SPECCUBE_BOX_PROJECTION UNITY_USE_DITHER_MASK_FOR_ALPHABLENDED_SHADOWS
Disabled keywords: ALIGN_CORNERS BORDER GRIDSAMPLE1D GRIDSAMPLE3D LINEAR REFLECTION SHADER_API_GLES30 SHADER_API_GLES31 SHADER_API_GLES32 UNITY_ASTC_NORMALMAP_ENCODING UNITY_COLORSPACE_GAMMA UNITY_FRAMEBUFFER_FETCH_AVAILABLE UNITY_HARDWARE_TIER1 UNITY_HARDWARE_TIER2 UNITY_HARDWARE_TIER3 UNITY_LIGHTMAP_DLDR_ENCODING UNITY_LIGHTMAP_RGBM_ENCODING UNITY_METAL_SHADOWS_USE_POINT_FILTERING UNITY_NO_DXT5nm UNITY_NO_SCREENSPACE_SHADOWS UNITY_PBS_USE_BRDF2 UNITY_PBS_USE_BRDF3 UNITY_PRETRANSFORM_TO_DISPLAY_ORIENTATION UNITY_UNIFIED_SHADER_PRECISION_MODEL UNITY_VIRTUAL_TEXTURING
Shader warning in 'Hidden/Sentis/GridSample': signed/unsigned mismatch, unsigned assumed at Packages/com.unity.ai.inference/Runtime/Core/Resources/Sentis/PixelShaders/GridSample.shader(50) (on d3d11)

Compiling Subshader: 0, Pass: , Vertex program with GRIDSAMPLE3D LINEAR ZEROS
Platform defines: SHADER_API_DESKTOP UNITY_ENABLE_DETAIL_NORMALMAP UNITY_ENABLE_REFLECTION_BUFFERS UNITY_LIGHTMAP_FULL_HDR UNITY_LIGHT_PROBE_PROXY_VOLUME UNITY_PBS_USE_BRDF1 UNITY_PLATFORM_SUPPORTS_DEPTH_FETCH UNITY_SPECCUBE_BLENDING UNITY_SPECCUBE_BOX_PROJECTION UNITY_USE_DITHER_MASK_FOR_ALPHABLENDED_SHADOWS
Disabled keywords: ALIGN_CORNERS BORDER GRIDSAMPLE1D GRIDSAMPLE2D NEAREST REFLECTION SHADER_API_GLES30 SHADER_API_GLES31 SHADER_API_GLES32 UNITY_ASTC_NORMALMAP_ENCODING UNITY_COLORSPACE_GAMMA UNITY_FRAMEBUFFER_FETCH_AVAILABLE UNITY_HARDWARE_TIER1 UNITY_HARDWARE_TIER2 UNITY_HARDWARE_TIER3 UNITY_LIGHTMAP_DLDR_ENCODING UNITY_LIGHTMAP_RGBM_ENCODING UNITY_METAL_SHADOWS_USE_POINT_FILTERING UNITY_NO_DXT5nm UNITY_NO_SCREENSPACE_SHADOWS UNITY_PBS_USE_BRDF2 UNITY_PBS_USE_BRDF3 UNITY_PRETRANSFORM_TO_DISPLAY_ORIENTATION UNITY_UNIFIED_SHADER_PRECISION_MODEL UNITY_VIRTUAL_TEXTURING
Compiling shader "TextMeshPro/Distance Field Overlay"
  Pass "" (vp)
    Target graphics API: d3d11
    Full variant space:         4
    After settings filtering:   4
    After built-in stripping:   4
    After scriptable stripping: 4
    Processed in 0.00 seconds
  Pass "" (fp)
    Target graphics API: d3d11
    Full variant space:         4
    After settings filtering:   4
    After built-in stripping:   4
    After scriptable stripping: 4
    Processed in 0.00 seconds
  Pass  (vp, d3d11) finished in 0.06 seconds. Local cache hits 1 (0.00s CPU time), remote cache hits 0 (0.00s CPU time), compiled 3 variants (0.16s CPU time), skipped 0 variants.
    Prepared data for serialisation in 0.00s
  Pass  (fp, d3d11) finished in 0.06 seconds. Local cache hits 1 (0.00s CPU time), remote cache hits 0 (0.00s CPU time), compiled 3 variants (0.11s CPU time), skipped 0 variants.
    Prepared data for serialisation in 0.00s
Serialized binary data for shader TextMeshPro/Distance Field Overlay in 0.00s
    d3d11 (total internal programs: 8, unique: 8)
Compiling shader "Hidden/Sentis/TextureConversion/ComputeBufferToTexture"
  Pass "" (vp)
    Target graphics API: d3d11
    Full variant space:         2
    After settings filtering:   2
    After built-in stripping:   2
    After scriptable stripping: 2
    Processed in 0.00 seconds
  Pass "" (fp)
    Target graphics API: d3d11
    Full variant space:         2
    After settings filtering:   2
    After built-in stripping:   2
    After scriptable stripping: 2
    Processed in 0.00 seconds
  Pass  (vp, d3d11) finished in 0.03 seconds. Local cache hits 1 (0.00s CPU time), remote cache hits 0 (0.00s CPU time), compiled 1 variants (0.03s CPU time), skipped 0 variants.
    Prepared data for serialisation in 0.00s
  Pass  (fp, d3d11) finished in 0.03 seconds. Local cache hits 1 (0.00s CPU time), remote cache hits 0 (0.00s CPU time), compiled 1 variants (0.03s CPU time), skipped 0 variants.
    Prepared data for serialisation in 0.00s
Serialized binary data for shader Hidden/Sentis/TextureConversion/ComputeBufferToTexture in 0.00s
    d3d11 (total internal programs: 4, unique: 4)
Compiling shader "Hidden/Sentis/Gather"
  Pass "" (vp)
    Target graphics API: d3d11
    Full variant space:         2
    After settings filtering:   2
    After built-in stripping:   2
    After scriptable stripping: 2
    Processed in 0.00 seconds
  Pass "" (fp)
    Target graphics API: d3d11
    Full variant space:         2
    After settings filtering:   2
    After built-in stripping:   2
    After scriptable stripping: 2
    Processed in 0.00 seconds
  Pass  (vp, d3d11) finished in 0.01 seconds. Local cache hits 1 (0.00s CPU time), remote cache hits 0 (0.00s CPU time), compiled 1 variants (0.01s CPU time), skipped 0 variants.
    Prepared data for serialisation in 0.00s
  Pass  (fp, d3d11) finished in 0.04 seconds. Local cache hits 1 (0.00s CPU time), remote cache hits 0 (0.00s CPU time), compiled 1 variants (0.04s CPU time), skipped 0 variants.
    Prepared data for serialisation in 0.00s
Serialized binary data for shader Hidden/Sentis/Gather in 0.00s
    d3d11 (total internal programs: 4, unique: 4)
Compiling shader "TextMeshPro/Mobile/Distance Field"
  Pass "" (vp)
    Target graphics API: d3d11
    Full variant space:         4
    After settings filtering:   4
    After built-in stripping:   4
    After scriptable stripping: 4
    Processed in 0.00 seconds
  Pass "" (fp)
    Target graphics API: d3d11
    Full variant space:         4
    After settings filtering:   4
    After built-in stripping:   4
    After scriptable stripping: 4
    Processed in 0.00 seconds
  Pass  (vp, d3d11) finished in 0.04 seconds. Local cache hits 1 (0.00s CPU time), remote cache hits 0 (0.00s CPU time), compiled 3 variants (0.12s CPU time), skipped 0 variants.
    Prepared data for serialisation in 0.00s
  Pass  (fp, d3d11) finished in 0.04 seconds. Local cache hits 1 (0.00s CPU time), remote cache hits 0 (0.00s CPU time), compiled 3 variants (0.07s CPU time), skipped 0 variants.
    Prepared data for serialisation in 0.00s
Serialized binary data for shader TextMeshPro/Mobile/Distance Field in 0.00s
    d3d11 (total internal programs: 8, unique: 8)
Compiling shader "Hidden/Sentis/Cast"
  Pass "" (vp)
    Target graphics API: d3d11
    Full variant space:         2
    After settings filtering:   2
    After built-in stripping:   2
    After scriptable stripping: 2
    Processed in 0.00 seconds
  Pass "" (fp)
    Target graphics API: d3d11
    Full variant space:         2
    After settings filtering:   2
    After built-in stripping:   2
    After scriptable stripping: 2
    Processed in 0.00 seconds
  Pass  (vp, d3d11) finished in 0.01 seconds. Local cache hits 1 (0.00s CPU time), remote cache hits 0 (0.00s CPU time), compiled 1 variants (0.01s CPU time), skipped 0 variants.
    Prepared data for serialisation in 0.00s
  Pass  (fp, d3d11) finished in 0.01 seconds. Local cache hits 1 (0.00s CPU time), remote cache hits 0 (0.00s CPU time), compiled 1 variants (0.01s CPU time), skipped 0 variants.
    Prepared data for serialisation in 0.00s
Serialized binary data for shader Hidden/Sentis/Cast in 0.00s
    d3d11 (total internal programs: 4, unique: 4)
Compiling shader "Hidden/Sentis/Broadcast"
  Pass "" (vp)
    Target graphics API: d3d11
    Full variant space:         44
    After settings filtering:   44
    After built-in stripping:   44
    After scriptable stripping: 44
    Processed in 0.00 seconds
  Pass "" (fp)
    Target graphics API: d3d11
    Full variant space:         44
    After settings filtering:   44
    After built-in stripping:   44
    After scriptable stripping: 44
    Processed in 0.00 seconds
  Pass  (vp, d3d11) finished in 0.19 seconds. Local cache hits 1 (0.01s CPU time), remote cache hits 0 (0.00s CPU time), compiled 43 variants (2.43s CPU time), skipped 0 variants.
    Prepared data for serialisation in 0.00s
  Pass  (fp, d3d11) finished in 0.27 seconds. Local cache hits 1 (0.00s CPU time), remote cache hits 0 (0.00s CPU time), compiled 43 variants (3.13s CPU time), skipped 0 variants.
    Prepared data for serialisation in 0.00s
Serialized binary data for shader Hidden/Sentis/Broadcast in 0.00s
    d3d11 (total internal programs: 88, unique: 88)
Compiling shader "Hidden/Sentis/BatchNormalization"
  Pass "" (vp)
    Target graphics API: d3d11
    Full variant space:         1
    After settings filtering:   1
    After built-in stripping:   1
    After scriptable stripping: 1
    Processed in 0.00 seconds
  Pass "" (fp)
    Target graphics API: d3d11
    Full variant space:         1
    After settings filtering:   1
    After built-in stripping:   1
    After scriptable stripping: 1
    Processed in 0.00 seconds
  Pass  (vp, d3d11) finished in 0.00 seconds. Local cache hits 1 (0.00s CPU time), remote cache hits 0 (0.00s CPU time), compiled 0 variants (0.00s CPU time), skipped 0 variants.
    Prepared data for serialisation in 0.00s
  Pass  (fp, d3d11) finished in 0.00 seconds. Local cache hits 1 (0.00s CPU time), remote cache hits 0 (0.00s CPU time), compiled 0 variants (0.00s CPU time), skipped 0 variants.
    Prepared data for serialisation in 0.00s
Serialized binary data for shader Hidden/Sentis/BatchNormalization in 0.00s
    d3d11 (total internal programs: 2, unique: 2)
Compiling shader "TextMeshPro/Bitmap"
  Pass "" (vp)
    Target graphics API: d3d11
    Full variant space:         4
    After settings filtering:   4
    After built-in stripping:   4
    After scriptable stripping: 4
    Processed in 0.00 seconds
  Pass "" (fp)
    Target graphics API: d3d11
    Full variant space:         4
    After settings filtering:   4
    After built-in stripping:   4
    After scriptable stripping: 4
    Processed in 0.00 seconds
  Pass  (vp, d3d11) finished in 0.04 seconds. Local cache hits 1 (0.00s CPU time), remote cache hits 0 (0.00s CPU time), compiled 3 variants (0.12s CPU time), skipped 0 variants.
    Prepared data for serialisation in 0.00s
  Pass  (fp, d3d11) finished in 0.04 seconds. Local cache hits 1 (0.00s CPU time), remote cache hits 0 (0.00s CPU time), compiled 3 variants (0.08s CPU time), skipped 0 variants.
    Prepared data for serialisation in 0.00s
Serialized binary data for shader TextMeshPro/Bitmap in 0.00s
    d3d11 (total internal programs: 8, unique: 8)
Compiling shader "Hidden/Sentis/Gemm"
  Pass "" (vp)
    Target graphics API: d3d11
    Full variant space:         4
    After settings filtering:   4
    After built-in stripping:   4
    After scriptable stripping: 4
    Processed in 0.00 seconds
  Pass "" (fp)
    Target graphics API: d3d11
    Full variant space:         4
    After settings filtering:   4
    After built-in stripping:   4
    After scriptable stripping: 4
    Processed in 0.00 seconds
  Pass  (vp, d3d11) finished in 0.03 seconds. Local cache hits 1 (0.00s CPU time), remote cache hits 0 (0.00s CPU time), compiled 3 variants (0.07s CPU time), skipped 0 variants.
    Prepared data for serialisation in 0.00s
  Pass  (fp, d3d11) finished in 0.04 seconds. Local cache hits 1 (0.00s CPU time), remote cache hits 0 (0.00s CPU time), compiled 3 variants (0.12s CPU time), skipped 0 variants.
    Prepared data for serialisation in 0.00s
Serialized binary data for shader Hidden/Sentis/Gemm in 0.00s
    d3d11 (total internal programs: 8, unique: 8)
Compiling shader "Hidden/Sentis/TextureTensorDataUpload"
  Pass "" (vp)
    Target graphics API: d3d11
    Full variant space:         2
    After settings filtering:   2
    After built-in stripping:   2
    After scriptable stripping: 2
    Processed in 0.00 seconds
  Pass "" (fp)
    Target graphics API: d3d11
    Full variant space:         2
    After settings filtering:   2
    After built-in stripping:   2
    After scriptable stripping: 2
    Processed in 0.00 seconds
  Pass  (vp, d3d11) finished in 0.02 seconds. Local cache hits 1 (0.00s CPU time), remote cache hits 0 (0.00s CPU time), compiled 1 variants (0.02s CPU time), skipped 0 variants.
    Prepared data for serialisation in 0.00s
  Pass  (fp, d3d11) finished in 0.02 seconds. Local cache hits 1 (0.00s CPU time), remote cache hits 0 (0.00s CPU time), compiled 1 variants (0.02s CPU time), skipped 0 variants.
    Prepared data for serialisation in 0.00s
Serialized binary data for shader Hidden/Sentis/TextureTensorDataUpload in 0.00s
    d3d11 (total internal programs: 4, unique: 4)
Compiling shader "Hidden/Sentis/Reduce"
  Pass "" (vp)
    Target graphics API: d3d11
    Full variant space:         18
    After settings filtering:   18
    After built-in stripping:   18
    After scriptable stripping: 18
    Processed in 0.00 seconds
  Pass "" (fp)
    Target graphics API: d3d11
    Full variant space:         18
    After settings filtering:   18
    After built-in stripping:   18
    After scriptable stripping: 18
    Processed in 0.00 seconds
  Pass  (vp, d3d11) finished in 0.09 seconds. Local cache hits 1 (0.00s CPU time), remote cache hits 0 (0.00s CPU time), compiled 17 variants (0.89s CPU time), skipped 0 variants.
    Prepared data for serialisation in 0.00s
  Pass  (fp, d3d11) finished in 0.12 seconds. Local cache hits 1 (0.00s CPU time), remote cache hits 0 (0.00s CPU time), compiled 17 variants (1.04s CPU time), skipped 0 variants.
    Prepared data for serialisation in 0.00s
Serialized binary data for shader Hidden/Sentis/Reduce in 0.00s
    d3d11 (total internal programs: 36, unique: 36)
Compiling shader "Hidden/Sentis/Softmax"
  Pass "" (vp)
    Target graphics API: d3d11
    Full variant space:         2
    After settings filtering:   2
    After built-in stripping:   2
    After scriptable stripping: 2
    Processed in 0.00 seconds
  Pass "" (fp)
    Target graphics API: d3d11
    Full variant space:         2
    After settings filtering:   2
    After built-in stripping:   2
    After scriptable stripping: 2
    Processed in 0.00 seconds
  Pass  (vp, d3d11) finished in 0.02 seconds. Local cache hits 1 (0.00s CPU time), remote cache hits 0 (0.00s CPU time), compiled 1 variants (0.02s CPU time), skipped 0 variants.
    Prepared data for serialisation in 0.00s
  Pass  (fp, d3d11) finished in 0.02 seconds. Local cache hits 1 (0.00s CPU time), remote cache hits 0 (0.00s CPU time), compiled 1 variants (0.02s CPU time), skipped 0 variants.
    Prepared data for serialisation in 0.00s
Serialized binary data for shader Hidden/Sentis/Softmax in 0.00s
    d3d11 (total internal programs: 4, unique: 4)
Compiling shader "Universal Render Pipeline/Lit"
  Pass "ForwardLit" (vp)
    Target graphics API: d3d11
    Full variant space:         884.736
    After settings filtering:   884.736
    After built-in stripping:   13.824
    After scriptable stripping: 0
    Processed in 0.09 seconds
  Pass "ForwardLit" (fp)
  [6.47s] 100M / ~36238M prepared
  [14.96s] 200M / ~36238M prepared
  [21.02s] 300M / ~36238M prepared
  [28.02s] 400M / ~36238M prepared
  [35.44s] 500M / ~36238M prepared
  [43.56s] 600M / ~36238M prepared
  [49.79s] 700M / ~36238M prepared
  [56.67s] 800M / ~36238M prepared
  [63.69s] 900M / ~36238M prepared
  [70.33s] 1000M / ~36238M prepared
  [78.87s] 1100M / ~36238M prepared
  [85.72s] 1200M / ~36238M prepared
  [92.80s] 1300M / ~36238M prepared
  [98.80s] 1400M / ~36238M prepared
  [106.83s] 1500M / ~36238M prepared
  [113.06s] 1600M / ~36238M prepared
  [121.21s] 1700M / ~36238M prepared
  [129.95s] 1800M / ~36238M prepared
  [137.28s] 1900M / ~36238M prepared
  [144.94s] 2000M / ~36238M prepared
  [150.97s] 2100M / ~36238M prepared
  [157.87s] 2200M / ~36238M prepared
  [164.06s] 2300M / ~36238M prepared
  [171.66s] 2400M / ~36238M prepared
  [178.72s] 2500M / ~36238M prepared
  [184.28s] 2600M / ~36238M prepared
  [190.48s] 2700M / ~36238M prepared
  [196.19s] 2800M / ~36238M prepared
  [202.56s] 2900M / ~36238M prepared
  [208.19s] 3000M / ~36238M prepared
  [214.72s] 3100M / ~36238M prepared
  [221.04s] 3200M / ~36238M prepared
  [226.40s] 3300M / ~36238M prepared
  [232.59s] 3400M / ~36238M prepared
  [237.95s] 3500M / ~36238M prepared
  [244.00s] 3600M / ~36238M prepared
  [249.33s] 3700M / ~36238M prepared
  [255.37s] 3800M / ~36238M prepared
  [260.74s] 3900M / ~36238M prepared
  [267.14s] 4000M / ~36238M prepared
  [273.59s] 4100M / ~36238M prepared
  [279.05s] 4200M / ~36238M prepared
  [286.38s] 4300M / ~36238M prepared
  [292.50s] 4400M / ~36238M prepared
  [299.29s] 4500M / ~36238M prepared
  [306.15s] 4600M / ~36238M prepared
  [312.94s] 4700M / ~36238M prepared
  [319.47s] 4800M / ~36238M prepared
  [325.14s] 4900M / ~36238M prepared
  [331.34s] 5000M / ~36238M prepared
  [337.31s] 5100M / ~36238M prepared
  [344.02s] 5200M / ~36238M prepared
  [349.35s] 5300M / ~36238M prepared
  [355.27s] 5400M / ~36238M prepared
  [360.59s] 5500M / ~36238M prepared
  [366.42s] 5600M / ~36238M prepared
  [372.72s] 5700M / ~36238M prepared
  [377.95s] 5800M / ~36238M prepared
  [383.77s] 5900M / ~36238M prepared
  [389.02s] 6000M / ~36238M prepared
  [394.80s] 6100M / ~36238M prepared
  [400.12s] 6200M / ~36238M prepared
  [406.46s] 6300M / ~36238M prepared
  [411.66s] 6400M / ~36238M prepared
  [417.42s] 6500M / ~36238M prepared
  [423.61s] 6600M / ~36238M prepared
  [429.41s] 6700M / ~36238M prepared
  [435.57s] 6800M / ~36238M prepared
  [441.12s] 6900M / ~36238M prepared
  [448.35s] 7000M / ~36238M prepared
  [454.32s] 7100M / ~36238M prepared
  [460.17s] 7200M / ~36238M prepared
  [466.07s] 7300M / ~36238M prepared
  [471.52s] 7400M / ~36238M prepared
  [477.84s] 7500M / ~36238M prepared
  [483.73s] 7600M / ~36238M prepared
  [491.15s] 7700M / ~36238M prepared
